2026-08-06 14:03:19 | INFO | fastapi_app | Application Started
2026-08-06 14:03:29 | INFO | fastapi_app | Application Started
2026-08-06 16:20:25 | INFO | fastapi_app | Application Started
2026-08-06 16:22:09 | INFO | fastapi_app | Application Started
2026-08-06 16:22:24 | INFO | fastapi_app | Application Started
2026-08-06 16:37:12 | INFO | fastapi_app | Application Started
2026-08-06 16:42:41 | INFO | fastapi_app | Application Started
2026-08-06 16:42:41 | INFO | fastapi_app | POST /auth/register -> 201 (543.35 ms)
2026-08-06 16:42:42 | INFO | fastapi_app | POST /auth/register -> 201 (501.89 ms)
2026-08-06 16:42:42 | INFO | fastapi_app | POST /auth/register -> 409 (5.32 ms)
2026-08-06 16:42:43 | INFO | fastapi_app | POST /auth/register -> 201 (508.36 ms)
2026-08-06 16:42:43 | INFO | fastapi_app | POST /auth/register -> 409 (6.67 ms)
2026-08-06 16:42:43 | INFO | fastapi_app | POST /auth/register -> 201 (516.98 ms)
2026-08-06 16:42:44 | INFO | fastapi_app | POST /auth/login -> 200 (509.96 ms)
2026-08-06 16:42:44 | INFO | fastapi_app | POST /auth/register -> 201 (441.58 ms)
2026-08-06 16:42:45 | INFO | fastapi_app | POST /auth/login -> 401 (507.07 ms)
2026-08-06 16:42:45 | INFO | fastapi_app | GET /user/profile -> 401 (3.63 ms)
2026-08-06 16:42:45 | INFO | fastapi_app | POST /auth/register -> 201 (365.13 ms)
2026-08-06 16:42:45 | INFO | fastapi_app | POST /auth/login -> 200 (301.40 ms)
2026-08-06 16:42:45 | INFO | fastapi_app | GET /user/profile -> 200 (2.84 ms)
2026-08-06 16:42:46 | INFO | fastapi_app | POST /auth/register -> 201 (280.12 ms)
2026-08-06 16:42:46 | INFO | fastapi_app | POST /auth/login -> 200 (258.88 ms)
2026-08-06 16:42:46 | INFO | fastapi_app | GET /user/dashboard -> 200 (2.49 ms)
2026-08-06 16:42:46 | INFO | fastapi_app | POST /auth/register -> 201 (271.74 ms)
2026-08-06 16:42:46 | INFO | fastapi_app | POST /auth/login -> 200 (259.60 ms)
2026-08-06 16:42:46 | INFO | fastapi_app | PUT /user/update -> 200 (17.30 ms)
2026-08-06 16:42:47 | INFO | fastapi_app | POST /auth/register -> 201 (304.60 ms)
2026-08-06 16:42:47 | INFO | fastapi_app | POST /auth/login -> 200 (276.24 ms)
2026-08-06 16:42:47 | INFO | fastapi_app | GET /admin/users -> 403 (5.58 ms)
2026-08-06 16:42:47 | INFO | fastapi_app | POST /auth/register -> 201 (278.73 ms)
2026-08-06 16:42:48 | INFO | fastapi_app | POST /auth/login -> 200 (262.01 ms)
2026-08-06 16:42:48 | INFO | fastapi_app | POST /products -> 201 (19.51 ms)
2026-08-06 16:42:48 | INFO | fastapi_app | GET /products -> 200 (4.92 ms)
2026-08-06 16:42:48 | INFO | fastapi_app | GET /products/1 -> 200 (4.74 ms)
2026-08-06 16:42:48 | INFO | fastapi_app | PUT /products/1 -> 200 (12.47 ms)
2026-08-06 16:42:48 | INFO | fastapi_app | DELETE /products/1 -> 200 (10.98 ms)
2026-08-06 16:42:48 | INFO | fastapi_app | GET /products/1 -> 404 (3.41 ms)
2026-08-06 16:42:48 | INFO | fastapi_app | POST /auth/register -> 201 (371.66 ms)
2026-08-06 16:42:48 | INFO | fastapi_app | POST /auth/login -> 200 (515.09 ms)
2026-08-06 16:42:49 | INFO | fastapi_app | POST /auth/register -> 201 (642.53 ms)
2026-08-06 16:42:50 | INFO | fastapi_app | POST /auth/login -> 200 (772.45 ms)
2026-08-06 16:42:50 | INFO | fastapi_app | POST /products -> 201 (20.79 ms)
2026-08-06 16:42:50 | INFO | fastapi_app | PUT /products/1 -> 403 (7.37 ms)
2026-08-06 16:43:07 | INFO | fastapi_app | Application Started
2026-08-06 16:43:08 | INFO | fastapi_app | POST /auth/register -> 201 (1300.46 ms)
2026-08-06 16:43:09 | INFO | fastapi_app | POST /auth/register -> 201 (700.44 ms)
2026-08-06 16:43:09 | INFO | fastapi_app | POST /auth/register -> 409 (31.05 ms)
2026-08-06 16:43:10 | INFO | fastapi_app | POST /auth/register -> 201 (1002.28 ms)
2026-08-06 16:43:10 | INFO | fastapi_app | POST /auth/register -> 409 (22.75 ms)
2026-08-06 16:43:11 | INFO | fastapi_app | POST /auth/register -> 201 (785.03 ms)
2026-08-06 16:43:12 | INFO | fastapi_app | POST /auth/login -> 200 (867.98 ms)
2026-08-06 16:43:13 | INFO | fastapi_app | POST /auth/register -> 201 (895.20 ms)
2026-08-06 16:43:13 | INFO | fastapi_app | POST /auth/login -> 401 (719.80 ms)
2026-08-06 16:43:13 | INFO | fastapi_app | GET /user/profile -> 401 (5.50 ms)
2026-08-06 16:43:14 | INFO | fastapi_app | POST /auth/register -> 201 (648.59 ms)
2026-08-06 16:43:15 | INFO | fastapi_app | POST /auth/login -> 200 (678.01 ms)
2026-08-06 16:43:15 | INFO | fastapi_app | GET /user/profile -> 200 (9.94 ms)
2026-08-06 16:43:16 | INFO | fastapi_app | POST /auth/register -> 201 (812.26 ms)
2026-08-06 16:43:16 | INFO | fastapi_app | POST /auth/login -> 200 (753.84 ms)
2026-08-06 16:43:16 | INFO | fastapi_app | GET /user/dashboard -> 200 (6.11 ms)
2026-08-06 16:43:17 | INFO | fastapi_app | POST /auth/register -> 201 (937.67 ms)
2026-08-06 16:43:19 | INFO | fastapi_app | POST /auth/login -> 200 (1193.82 ms)
2026-08-06 16:43:19 | INFO | fastapi_app | PUT /user/update -> 200 (79.77 ms)
2026-08-06 16:43:20 | INFO | fastapi_app | POST /auth/register -> 201 (1540.54 ms)
2026-08-06 16:43:21 | INFO | fastapi_app | POST /auth/login -> 200 (951.46 ms)
2026-08-06 16:43:21 | INFO | fastapi_app | GET /admin/users -> 403 (20.25 ms)
2026-08-06 16:43:22 | INFO | fastapi_app | POST /auth/register -> 201 (872.88 ms)
2026-08-06 16:43:23 | INFO | fastapi_app | POST /auth/login -> 200 (910.72 ms)
2026-08-06 16:43:23 | INFO | fastapi_app | POST /products -> 201 (65.97 ms)
2026-08-06 16:43:23 | INFO | fastapi_app | GET /products -> 200 (10.10 ms)
2026-08-06 16:43:23 | INFO | fastapi_app | GET /products/1 -> 200 (6.42 ms)
2026-08-06 16:43:23 | INFO | fastapi_app | PUT /products/1 -> 200 (25.92 ms)
2026-08-06 16:43:23 | INFO | fastapi_app | DELETE /products/1 -> 200 (22.89 ms)
2026-08-06 16:43:23 | INFO | fastapi_app | GET /products/1 -> 404 (7.87 ms)
2026-08-06 16:43:24 | INFO | fastapi_app | POST /auth/register -> 201 (803.67 ms)
2026-08-06 16:43:25 | INFO | fastapi_app | POST /auth/login -> 200 (693.88 ms)
2026-08-06 16:43:26 | INFO | fastapi_app | POST /auth/register -> 201 (694.33 ms)
2026-08-06 16:43:26 | INFO | fastapi_app | POST /auth/login -> 200 (565.20 ms)
2026-08-06 16:43:26 | INFO | fastapi_app | POST /products -> 201 (20.75 ms)
2026-08-06 16:43:26 | INFO | fastapi_app | PUT /products/1 -> 403 (8.81 ms)
2026-08-06 16:43:30 | INFO | fastapi_app | Application Started
2026-08-06 16:43:42 | INFO | fastapi_app | Application Started
2026-08-06 16:43:59 | INFO | fastapi_app | Application Started
2026-08-06 16:44:04 | INFO | fastapi_app | Application Started
2026-08-06 16:45:08 | INFO | fastapi_app | Application Started
2026-08-06 16:45:27 | INFO | fastapi_app | Application Started
2026-08-06 16:45:36 | INFO | fastapi_app | Application Started
2026-08-06 16:45:36 | INFO | fastapi_app | GET / -> 200 (21.51 ms)
2026-08-06 16:45:36 | INFO | fastapi_app | POST /auth/register -> 422 (7.39 ms)
2026-08-06 16:45:36 | INFO | fastapi_app | POST /auth/login -> 422 (1.55 ms)
2026-08-06 16:45:36 | INFO | fastapi_app | GET /user/profile -> 401 (1.58 ms)
2026-08-06 16:45:36 | INFO | fastapi_app | GET /admin/users -> 401 (2.00 ms)
2026-08-06 16:45:36 | INFO | fastapi_app | GET /products -> 401 (1.73 ms)
2026-08-06 16:45:45 | INFO | fastapi_app | Application Started
2026-08-06 16:45:45 | INFO | fastapi_app | POST /auth/register -> 201 (298.81 ms)
2026-08-06 16:45:45 | INFO | fastapi_app | POST /auth/register -> 201 (258.12 ms)
2026-08-06 16:45:45 | INFO | fastapi_app | POST /auth/register -> 409 (3.54 ms)
2026-08-06 16:45:46 | INFO | fastapi_app | POST /auth/register -> 201 (247.74 ms)
2026-08-06 16:45:46 | INFO | fastapi_app | POST /auth/register -> 409 (5.89 ms)
2026-08-06 16:45:46 | INFO | fastapi_app | POST /auth/register -> 201 (307.91 ms)
2026-08-06 16:45:46 | INFO | fastapi_app | POST /auth/login -> 200 (441.49 ms)
2026-08-06 16:45:47 | INFO | fastapi_app | POST /auth/register -> 201 (489.94 ms)
2026-08-06 16:45:47 | INFO | fastapi_app | POST /auth/login -> 401 (562.30 ms)
2026-08-06 16:45:48 | INFO | fastapi_app | GET /user/profile -> 401 (10.55 ms)
2026-08-06 16:45:48 | INFO | fastapi_app | POST /auth/register -> 201 (642.14 ms)
2026-08-06 16:45:49 | INFO | fastapi_app | POST /auth/login -> 200 (457.46 ms)
2026-08-06 16:45:49 | INFO | fastapi_app | GET /user/profile -> 200 (3.71 ms)
2026-08-06 16:45:49 | INFO | fastapi_app | POST /auth/register -> 201 (343.62 ms)
2026-08-06 16:45:49 | INFO | fastapi_app | POST /auth/login -> 200 (428.29 ms)
2026-08-06 16:45:49 | INFO | fastapi_app | GET /user/dashboard -> 200 (6.79 ms)
2026-08-06 16:45:50 | INFO | fastapi_app | POST /auth/register -> 201 (490.97 ms)
2026-08-06 16:45:50 | INFO | fastapi_app | POST /auth/login -> 200 (488.60 ms)
2026-08-06 16:45:50 | INFO | fastapi_app | PUT /user/update -> 200 (18.51 ms)
2026-08-06 16:45:51 | INFO | fastapi_app | POST /auth/register -> 201 (600.90 ms)
2026-08-06 16:45:52 | INFO | fastapi_app | POST /auth/login -> 200 (508.36 ms)
2026-08-06 16:45:52 | INFO | fastapi_app | GET /admin/users -> 403 (17.33 ms)
2026-08-06 16:45:52 | INFO | fastapi_app | POST /auth/register -> 201 (524.49 ms)
2026-08-06 16:45:53 | INFO | fastapi_app | POST /auth/login -> 200 (343.40 ms)
2026-08-06 16:45:53 | INFO | fastapi_app | POST /products -> 201 (33.98 ms)
2026-08-06 16:45:53 | INFO | fastapi_app | GET /products -> 200 (8.47 ms)
2026-08-06 16:45:53 | INFO | fastapi_app | GET /products/1 -> 200 (10.45 ms)
2026-08-06 16:45:53 | INFO | fastapi_app | PUT /products/1 -> 200 (20.78 ms)
2026-08-06 16:45:53 | INFO | fastapi_app | DELETE /products/1 -> 200 (17.39 ms)
2026-08-06 16:45:53 | INFO | fastapi_app | GET /products/1 -> 404 (5.22 ms)
2026-08-06 16:45:53 | INFO | fastapi_app | POST /auth/register -> 201 (426.96 ms)
2026-08-06 16:45:53 | INFO | fastapi_app | POST /auth/login -> 200 (342.47 ms)
2026-08-06 16:45:54 | INFO | fastapi_app | POST /auth/register -> 201 (397.10 ms)
2026-08-06 16:45:54 | INFO | fastapi_app | POST /auth/login -> 200 (318.80 ms)
2026-08-06 16:45:54 | INFO | fastapi_app | POST /products -> 201 (19.55 ms)
2026-08-06 16:45:54 | INFO | fastapi_app | PUT /products/1 -> 403 (8.47 ms)
2026-08-06 16:51:11 | INFO | fastapi_app | Application Started
2026-08-06 16:51:16 | INFO | fastapi_app | Application Started
2026-08-06 16:51:36 | INFO | fastapi_app | GET / -> 200 (48.90 ms)
2026-08-06 17:15:33 | INFO | fastapi_app | Application Started
2026-08-06 17:15:43 | INFO | fastapi_app | Application Started
2026-08-06 17:15:43 | INFO | fastapi_app | POST /auth/register -> 201 (715.03 ms)
2026-08-06 17:15:44 | INFO | fastapi_app | POST /auth/register -> 201 (695.46 ms)
2026-08-06 17:15:44 | INFO | fastapi_app | POST /auth/register -> 409 (9.51 ms)
2026-08-06 17:15:45 | INFO | fastapi_app | POST /auth/register -> 201 (626.61 ms)
2026-08-06 17:15:45 | INFO | fastapi_app | POST /auth/register -> 409 (9.38 ms)
2026-08-06 17:15:45 | INFO | fastapi_app | POST /auth/register -> 201 (579.87 ms)
2026-08-06 17:15:46 | INFO | fastapi_app | POST /auth/login -> 200 (619.42 ms)
2026-08-06 17:15:47 | INFO | fastapi_app | POST /auth/register -> 201 (618.11 ms)
2026-08-06 17:15:47 | INFO | fastapi_app | POST /auth/login -> 401 (525.31 ms)
2026-08-06 17:15:47 | INFO | fastapi_app | GET /user/profile -> 401 (6.09 ms)
2026-08-06 17:15:48 | INFO | fastapi_app | POST /auth/register -> 201 (608.37 ms)
2026-08-06 17:15:48 | INFO | fastapi_app | POST /auth/login -> 200 (546.54 ms)
2026-08-06 17:15:48 | INFO | fastapi_app | GET /user/profile -> 200 (7.08 ms)
2026-08-06 17:15:49 | INFO | fastapi_app | POST /auth/register -> 201 (546.36 ms)
2026-08-06 17:15:49 | INFO | fastapi_app | POST /auth/login -> 200 (541.67 ms)
2026-08-06 17:15:49 | INFO | fastapi_app | GET /user/dashboard -> 200 (5.71 ms)
2026-08-06 17:15:50 | INFO | fastapi_app | POST /auth/register -> 201 (562.65 ms)
2026-08-06 17:15:51 | INFO | fastapi_app | POST /auth/login -> 200 (642.65 ms)
2026-08-06 17:15:51 | INFO | fastapi_app | PUT /user/update -> 200 (29.98 ms)
2026-08-06 17:15:51 | INFO | fastapi_app | POST /auth/register -> 201 (653.14 ms)
2026-08-06 17:15:52 | INFO | fastapi_app | POST /auth/login -> 200 (584.55 ms)
2026-08-06 17:15:52 | INFO | fastapi_app | GET /admin/users -> 403 (9.03 ms)
2026-08-06 17:15:53 | INFO | fastapi_app | POST /auth/register -> 201 (535.65 ms)
2026-08-06 17:15:53 | INFO | fastapi_app | POST /auth/login -> 200 (499.15 ms)
2026-08-06 17:15:53 | INFO | fastapi_app | POST /products -> 201 (51.14 ms)
2026-08-06 17:15:53 | INFO | fastapi_app | GET /products -> 200 (10.08 ms)
2026-08-06 17:15:53 | INFO | fastapi_app | GET /products/1 -> 200 (8.86 ms)
2026-08-06 17:15:53 | INFO | fastapi_app | PUT /products/1 -> 200 (22.43 ms)
2026-08-06 17:15:53 | INFO | fastapi_app | DELETE /products/1 -> 200 (22.43 ms)
2026-08-06 17:15:53 | INFO | fastapi_app | GET /products/1 -> 404 (6.13 ms)
2026-08-06 17:15:54 | INFO | fastapi_app | POST /auth/register -> 201 (469.57 ms)
2026-08-06 17:15:54 | INFO | fastapi_app | POST /auth/login -> 200 (475.10 ms)
2026-08-06 17:15:55 | INFO | fastapi_app | POST /auth/register -> 201 (598.70 ms)
2026-08-06 17:15:55 | INFO | fastapi_app | POST /auth/login -> 200 (636.45 ms)
2026-08-06 17:15:55 | INFO | fastapi_app | POST /products -> 201 (21.67 ms)
2026-08-06 17:15:55 | INFO | fastapi_app | PUT /products/1 -> 403 (6.27 ms)
2026-08-07 13:21:23 | INFO | fastapi_app | Application Started
2026-08-07 13:23:54 | INFO | fastapi_app | POST /auth/register -> 201 (382.87 ms)
2026-08-07 13:24:01 | INFO | fastapi_app | POST /auth/login -> 401 (285.38 ms)
2026-08-07 13:24:06 | INFO | fastapi_app | POST /auth/login -> 200 (336.50 ms)
2026-08-07 13:24:06 | INFO | fastapi_app | GET /user/profile -> 200 (9.93 ms)
2026-08-07 13:24:06 | INFO | fastapi_app | GET /user/dashboard -> 200 (3.61 ms)
2026-08-07 13:24:06 | INFO | fastapi_app | GET /user/dashboard -> 200 (4.65 ms)
2026-08-07 13:24:12 | INFO | fastapi_app | GET /products -> 200 (28.54 ms)
2026-08-07 13:24:12 | INFO | fastapi_app | GET /products -> 200 (4.55 ms)
2026-08-07 13:24:18 | INFO | fastapi_app | GET /user/dashboard -> 200 (5.33 ms)
2026-08-07 13:24:18 | INFO | fastapi_app | GET /user/dashboard -> 200 (4.27 ms)
2026-08-07 13:24:35 | INFO | fastapi_app | POST /auth/login -> 200 (295.41 ms)
2026-08-07 13:24:35 | INFO | fastapi_app | GET /user/profile -> 200 (4.68 ms)
2026-08-07 13:24:35 | INFO | fastapi_app | GET /user/dashboard -> 200 (5.27 ms)
2026-08-07 13:24:35 | INFO | fastapi_app | GET /user/dashboard -> 200 (4.47 ms)
2026-08-07 13:24:38 | INFO | fastapi_app | GET /products -> 200 (7.57 ms)
2026-08-07 13:24:38 | INFO | fastapi_app | GET /products -> 200 (4.88 ms)
2026-08-07 13:24:41 | INFO | fastapi_app | GET /products -> 200 (6.56 ms)
2026-08-07 13:24:41 | INFO | fastapi_app | GET /products -> 200 (4.29 ms)
2026-08-07 13:24:55 | INFO | fastapi_app | POST /products -> 201 (11.94 ms)
2026-08-07 13:24:55 | INFO | fastapi_app | GET /products -> 200 (6.85 ms)
2026-08-07 13:34:14 | INFO | fastapi_app | GET /user/dashboard -> 200 (6.55 ms)
2026-08-07 13:34:14 | INFO | fastapi_app | GET /user/dashboard -> 200 (4.72 ms)
2026-08-07 13:34:19 | INFO | fastapi_app | GET /user/dashboard -> 200 (6.78 ms)
2026-08-07 13:34:19 | INFO | fastapi_app | GET /user/dashboard -> 200 (4.61 ms)
2026-08-07 13:34:20 | INFO | fastapi_app | GET /user/dashboard -> 200 (5.47 ms)
2026-08-07 13:34:20 | INFO | fastapi_app | GET /user/dashboard -> 200 (4.39 ms)
2026-08-07 13:34:20 | INFO | fastapi_app | GET /user/dashboard -> 200 (9.22 ms)
2026-08-07 13:34:20 | INFO | fastapi_app | GET /user/dashboard -> 200 (3.48 ms)
2026-08-07 13:34:21 | INFO | fastapi_app | GET /user/dashboard -> 200 (6.98 ms)
2026-08-07 13:34:21 | INFO | fastapi_app | GET /user/dashboard -> 200 (3.82 ms)
2026-08-07 13:34:21 | INFO | fastapi_app | GET /user/dashboard -> 200 (5.45 ms)
2026-08-07 13:34:21 | INFO | fastapi_app | GET /user/dashboard -> 200 (4.48 ms)
2026-08-07 13:38:40 | INFO | fastapi_app | GET /user/dashboard -> 200 (6.89 ms)
2026-08-07 13:38:40 | INFO | fastapi_app | GET /user/dashboard -> 200 (3.91 ms)
2026-08-07 13:38:41 | INFO | fastapi_app | GET /user/dashboard -> 200 (7.78 ms)
2026-08-07 13:38:41 | INFO | fastapi_app | GET /user/dashboard -> 200 (2.81 ms)
2026-08-07 13:38:51 | INFO | fastapi_app | PUT /user/update -> 200 (11.85 ms)
2026-08-07 13:38:54 | INFO | fastapi_app | GET /user/dashboard -> 404 (6.07 ms)
2026-08-07 13:38:54 | INFO | fastapi_app | GET /user/dashboard -> 404 (4.23 ms)
2026-08-07 13:39:04 | INFO | fastapi_app | GET /user/dashboard -> 404 (5.37 ms)
2026-08-07 13:39:04 | INFO | fastapi_app | GET /user/dashboard -> 404 (4.94 ms)
2026-08-07 13:39:06 | INFO | fastapi_app | GET /user/dashboard -> 404 (6.84 ms)
2026-08-07 13:39:06 | INFO | fastapi_app | GET /user/dashboard -> 404 (3.64 ms)
2026-08-07 13:39:06 | INFO | fastapi_app | GET /user/dashboard -> 404 (4.17 ms)
2026-08-07 13:39:06 | INFO | fastapi_app | GET /user/dashboard -> 404 (3.10 ms)
2026-08-07 13:39:07 | INFO | fastapi_app | GET /user/dashboard -> 404 (5.35 ms)
2026-08-07 13:39:07 | INFO | fastapi_app | GET /user/dashboard -> 404 (2.31 ms)
2026-08-07 13:39:08 | INFO | fastapi_app | GET /user/dashboard -> 404 (7.41 ms)
2026-08-07 13:39:09 | INFO | fastapi_app | GET /user/dashboard -> 404 (5.52 ms)
2026-08-07 13:39:09 | INFO | fastapi_app | GET /user/dashboard -> 404 (5.66 ms)
2026-08-07 13:39:09 | INFO | fastapi_app | GET /user/dashboard -> 404 (3.46 ms)
2026-08-07 13:39:11 | INFO | fastapi_app | GET /user/dashboard -> 404 (6.11 ms)
2026-08-07 13:39:11 | INFO | fastapi_app | GET /user/dashboard -> 404 (3.25 ms)
2026-08-07 13:39:24 | INFO | fastapi_app | POST /auth/login -> 401 (5.04 ms)
2026-08-07 13:39:29 | INFO | fastapi_app | POST /auth/login -> 200 (370.19 ms)
2026-08-07 13:39:29 | INFO | fastapi_app | GET /user/profile -> 200 (3.78 ms)
2026-08-07 13:39:29 | INFO | fastapi_app | GET /user/dashboard -> 200 (4.11 ms)
2026-08-07 13:39:29 | INFO | fastapi_app | GET /user/dashboard -> 200 (4.85 ms)
2026-08-07 13:47:27 | INFO | fastapi_app | GET /user/profile -> 200 (10.69 ms)
2026-08-07 13:47:27 | INFO | fastapi_app | GET /user/profile -> 200 (137.68 ms)
2026-08-07 13:47:37 | INFO | fastapi_app | GET /user/profile -> 200 (9.71 ms)
2026-08-07 13:47:37 | INFO | fastapi_app | GET /user/profile -> 200 (6.23 ms)
2026-08-07 13:47:39 | INFO | fastapi_app | GET /user/profile -> 200 (5.33 ms)
2026-08-07 13:47:39 | INFO | fastapi_app | GET /user/profile -> 200 (5.75 ms)
2026-08-07 13:47:41 | INFO | fastapi_app | GET /user/profile -> 200 (7.23 ms)
2026-08-07 13:47:41 | INFO | fastapi_app | GET /user/profile -> 200 (9.11 ms)
2026-08-07 13:47:57 | INFO | fastapi_app | GET /user/profile -> 200 (7.30 ms)
2026-08-07 13:47:57 | INFO | fastapi_app | GET /user/profile -> 200 (9.82 ms)
2026-08-07 13:48:01 | INFO | fastapi_app | PUT /user/update -> 200 (7.40 ms)
2026-08-07 13:48:04 | INFO | fastapi_app | PUT /user/update -> 200 (12.01 ms)
2026-08-07 13:48:04 | INFO | fastapi_app | PUT /user/update -> 200 (8.55 ms)
2026-08-07 13:48:04 | INFO | fastapi_app | PUT /user/update -> 200 (7.63 ms)
2026-08-07 13:48:05 | INFO | fastapi_app | PUT /user/update -> 200 (9.05 ms)
2026-08-07 13:48:05 | INFO | fastapi_app | PUT /user/update -> 200 (6.99 ms)
2026-08-07 13:48:05 | INFO | fastapi_app | PUT /user/update -> 200 (8.28 ms)
2026-08-07 14:39:18 | INFO | fastapi_app | Application Started
2026-08-07 14:39:22 | INFO | fastapi_app | Application Started
2026-08-07 14:39:27 | INFO | fastapi_app | Application Started
2026-08-07 14:39:37 | INFO | fastapi_app | Application Started
2026-08-07 14:39:45 | INFO | fastapi_app | Application Started
2026-08-07 14:39:53 | INFO | fastapi_app | Application Started
2026-08-07 14:40:10 | INFO | fastapi_app | Application Started
2026-08-07 14:40:18 | INFO | fastapi_app | Application Started
2026-08-07 14:40:23 | INFO | fastapi_app | Application Started
2026-08-07 14:40:24 | INFO | fastapi_app | POST /auth/register -> 201 (300.79 ms)
2026-08-07 14:40:24 | INFO | fastapi_app | POST /auth/register -> 201 (259.78 ms)
2026-08-07 14:40:24 | INFO | fastapi_app | POST /auth/register -> 409 (1.73 ms)
2026-08-07 14:40:24 | INFO | fastapi_app | POST /auth/register -> 201 (267.48 ms)
2026-08-07 14:40:24 | INFO | fastapi_app | POST /auth/register -> 409 (2.22 ms)
2026-08-07 14:40:25 | INFO | fastapi_app | POST /auth/register -> 201 (276.04 ms)
2026-08-07 14:40:25 | INFO | fastapi_app | POST /auth/login -> 200 (421.51 ms)
2026-08-07 14:40:26 | INFO | fastapi_app | POST /auth/register -> 201 (595.86 ms)
2026-08-07 14:40:26 | INFO | fastapi_app | POST /auth/login -> 401 (489.59 ms)
2026-08-07 14:40:26 | INFO | fastapi_app | GET /user/profile -> 401 (9.34 ms)
2026-08-07 14:40:26 | INFO | fastapi_app | POST /auth/register -> 422 (5.87 ms)
2026-08-07 14:40:26 | INFO | fastapi_app | POST /auth/login -> 401 (6.08 ms)
2026-08-07 14:40:27 | INFO | fastapi_app | POST /auth/register -> 422 (2.73 ms)
2026-08-07 14:40:27 | INFO | fastapi_app | POST /auth/login -> 401 (5.11 ms)
2026-08-07 14:40:27 | INFO | fastapi_app | POST /auth/register -> 422 (1.64 ms)
2026-08-07 14:40:27 | INFO | fastapi_app | POST /auth/login -> 401 (4.14 ms)
2026-08-07 14:40:27 | INFO | fastapi_app | POST /auth/register -> 422 (1.92 ms)
2026-08-07 14:40:27 | INFO | fastapi_app | POST /auth/login -> 401 (4.42 ms)
2026-08-07 14:40:27 | INFO | fastapi_app | POST /auth/register -> 422 (2.27 ms)
2026-08-07 14:40:27 | INFO | fastapi_app | POST /auth/login -> 401 (4.19 ms)
2026-08-07 14:40:27 | INFO | fastapi_app | POST /auth/register -> 422 (2.23 ms)
2026-08-07 14:40:27 | INFO | fastapi_app | POST /auth/login -> 401 (4.79 ms)
2026-08-07 14:40:45 | INFO | fastapi_app | Application Started
2026-08-07 14:40:52 | INFO | fastapi_app | Application Started
2026-08-07 14:40:56 | INFO | fastapi_app | Application Started
2026-08-07 14:40:57 | INFO | fastapi_app | POST /auth/register -> 201 (309.22 ms)
2026-08-07 14:40:57 | INFO | fastapi_app | POST /auth/register -> 201 (309.66 ms)
2026-08-07 14:40:57 | INFO | fastapi_app | POST /auth/register -> 409 (2.03 ms)
2026-08-07 14:40:57 | INFO | fastapi_app | POST /auth/register -> 201 (309.57 ms)
2026-08-07 14:40:57 | INFO | fastapi_app | POST /auth/register -> 409 (3.10 ms)
2026-08-07 14:40:58 | INFO | fastapi_app | POST /auth/register -> 201 (304.54 ms)
2026-08-07 14:40:58 | INFO | fastapi_app | POST /auth/login -> 200 (363.69 ms)
2026-08-07 14:40:59 | INFO | fastapi_app | POST /auth/register -> 201 (672.71 ms)
2026-08-07 14:40:59 | INFO | fastapi_app | POST /auth/login -> 401 (541.60 ms)
2026-08-07 14:40:59 | INFO | fastapi_app | GET /user/profile -> 401 (7.05 ms)
2026-08-07 14:41:00 | INFO | fastapi_app | POST /auth/register -> 201 (554.72 ms)
2026-08-07 14:41:00 | INFO | fastapi_app | POST /auth/login -> 200 (327.43 ms)
2026-08-07 14:41:00 | INFO | fastapi_app | GET /user/profile -> 200 (3.37 ms)
2026-08-07 14:41:01 | INFO | fastapi_app | POST /auth/register -> 201 (484.33 ms)
2026-08-07 14:41:01 | INFO | fastapi_app | POST /auth/login -> 200 (498.09 ms)
2026-08-07 14:41:01 | INFO | fastapi_app | GET /user/dashboard -> 200 (3.19 ms)
2026-08-07 14:41:02 | INFO | fastapi_app | POST /auth/register -> 201 (416.25 ms)
2026-08-07 14:41:02 | INFO | fastapi_app | POST /auth/login -> 200 (524.17 ms)
2026-08-07 14:41:02 | INFO | fastapi_app | PUT /user/update -> 200 (28.81 ms)
2026-08-07 14:41:03 | INFO | fastapi_app | POST /auth/register -> 201 (404.69 ms)
2026-08-07 14:41:03 | INFO | fastapi_app | POST /auth/login -> 200 (391.90 ms)
2026-08-07 14:41:03 | INFO | fastapi_app | GET /admin/users -> 403 (11.27 ms)
2026-08-07 14:41:04 | INFO | fastapi_app | POST /auth/register -> 201 (494.99 ms)
2026-08-07 14:41:04 | INFO | fastapi_app | POST /auth/login -> 200 (544.55 ms)
2026-08-07 14:41:04 | INFO | fastapi_app | POST /products -> 201 (30.48 ms)
2026-08-07 14:41:04 | INFO | fastapi_app | GET /products -> 200 (6.94 ms)
2026-08-07 14:41:04 | INFO | fastapi_app | GET /products/1 -> 200 (6.97 ms)
2026-08-07 14:41:04 | INFO | fastapi_app | PUT /products/1 -> 200 (27.87 ms)
2026-08-07 14:41:04 | INFO | fastapi_app | DELETE /products/1 -> 200 (22.70 ms)
2026-08-07 14:41:04 | INFO | fastapi_app | GET /products/1 -> 404 (7.54 ms)
2026-08-07 14:41:05 | INFO | fastapi_app | POST /auth/register -> 201 (461.93 ms)
2026-08-07 14:41:05 | INFO | fastapi_app | POST /auth/login -> 200 (473.61 ms)
2026-08-07 14:41:06 | INFO | fastapi_app | POST /auth/register -> 201 (429.69 ms)
2026-08-07 14:41:06 | INFO | fastapi_app | POST /auth/login -> 200 (442.18 ms)
2026-08-07 14:41:06 | INFO | fastapi_app | POST /products -> 201 (14.60 ms)
2026-08-07 14:41:06 | INFO | fastapi_app | PUT /products/1 -> 403 (4.54 ms)
2026-08-07 14:41:25 | INFO | fastapi_app | GET /user/profile -> 401 (28.93 ms)
2026-08-07 14:41:25 | INFO | fastapi_app | GET /user/profile -> 401 (13.08 ms)
2026-08-07 14:42:40 | INFO | fastapi_app | Application Started
2026-08-07 14:45:01 | INFO | fastapi_app | POST /auth/register -> 409 (34.28 ms)
2026-08-07 14:45:21 | INFO | fastapi_app | POST /auth/register -> 409 (6.60 ms)
2026-08-07 16:22:50 | INFO | fastapi_app | Application Started
2026-08-07 16:22:55 | INFO | fastapi_app | Application Started
2026-08-07 16:23:00 | INFO | fastapi_app | Application Started
2026-08-07 16:23:06 | INFO | fastapi_app | Application Started
2026-08-07 16:23:15 | INFO | fastapi_app | Application Started
2026-08-07 16:23:23 | INFO | fastapi_app | Application Started
2026-08-07 16:23:29 | INFO | fastapi_app | Application Started
2026-08-07 16:23:36 | INFO | fastapi_app | Application Started
2026-08-07 16:23:42 | INFO | fastapi_app | Application Started
2026-08-07 16:23:50 | INFO | fastapi_app | Application Started
2026-08-07 16:23:55 | INFO | fastapi_app | Application Started
2026-08-07 16:24:01 | INFO | fastapi_app | Application Started
2026-08-07 16:24:07 | INFO | fastapi_app | Application Started
2026-08-07 16:24:15 | INFO | fastapi_app | Application Started
2026-08-07 16:24:22 | INFO | fastapi_app | Application Started
2026-08-07 16:24:29 | INFO | fastapi_app | Application Started
2026-08-07 16:24:35 | INFO | fastapi_app | Application Started
2026-08-07 16:24:45 | INFO | fastapi_app | Application Started
2026-08-07 16:24:53 | INFO | fastapi_app | Application Started
2026-08-07 16:24:57 | INFO | fastapi_app | Application Started
2026-08-07 16:24:57 | INFO | fastapi_app | POST /auth/register -> 201 (297.96 ms)
2026-08-07 16:24:58 | INFO | fastapi_app | POST /auth/register -> 201 (268.56 ms)
2026-08-07 16:24:58 | INFO | fastapi_app | POST /auth/register -> 409 (1.97 ms)
2026-08-07 16:24:58 | INFO | fastapi_app | POST /auth/register -> 201 (277.10 ms)
2026-08-07 16:24:58 | INFO | fastapi_app | POST /auth/register -> 409 (4.95 ms)
2026-08-07 16:24:58 | INFO | fastapi_app | POST /auth/register -> 201 (272.67 ms)
2026-08-07 16:24:58 | INFO | fastapi_app | POST /auth/login -> 200 (331.38 ms)
2026-08-07 16:24:59 | INFO | fastapi_app | POST /auth/register -> 201 (590.58 ms)
2026-08-07 16:25:00 | INFO | fastapi_app | POST /auth/login -> 401 (481.80 ms)
2026-08-07 16:25:00 | INFO | fastapi_app | GET /user/profile -> 401 (7.45 ms)
2026-08-07 16:25:00 | INFO | fastapi_app | POST /auth/register -> 201 (491.02 ms)
2026-08-07 16:25:01 | INFO | fastapi_app | POST /auth/login -> 200 (515.45 ms)
2026-08-07 16:25:01 | INFO | fastapi_app | GET /user/profile -> 200 (3.37 ms)
2026-08-07 16:25:01 | INFO | fastapi_app | POST /auth/register -> 201 (327.60 ms)
2026-08-07 16:25:01 | INFO | fastapi_app | POST /auth/login -> 200 (381.71 ms)
2026-08-07 16:25:01 | INFO | fastapi_app | GET /user/dashboard -> 200 (3.77 ms)
2026-08-07 16:25:02 | INFO | fastapi_app | POST /auth/register -> 201 (543.36 ms)
2026-08-07 16:25:02 | INFO | fastapi_app | POST /auth/login -> 200 (523.15 ms)
2026-08-07 16:25:03 | INFO | fastapi_app | PUT /user/update -> 200 (34.42 ms)
2026-08-07 16:25:03 | INFO | fastapi_app | POST /auth/register -> 201 (422.84 ms)
2026-08-07 16:25:03 | INFO | fastapi_app | POST /auth/login -> 200 (479.31 ms)
2026-08-07 16:25:03 | INFO | fastapi_app | GET /admin/users -> 403 (9.27 ms)
2026-08-07 16:25:04 | INFO | fastapi_app | POST /auth/register -> 201 (495.19 ms)
2026-08-07 16:25:05 | INFO | fastapi_app | POST /auth/login -> 200 (610.38 ms)
2026-08-07 16:25:05 | INFO | fastapi_app | POST /products -> 201 (40.58 ms)
2026-08-07 16:25:05 | INFO | fastapi_app | GET /products -> 200 (10.92 ms)
2026-08-07 16:25:05 | INFO | fastapi_app | GET /products/1 -> 200 (6.14 ms)
2026-08-07 16:25:05 | INFO | fastapi_app | PUT /products/1 -> 200 (18.74 ms)
2026-08-07 16:25:05 | INFO | fastapi_app | DELETE /products/1 -> 200 (20.68 ms)
2026-08-07 16:25:05 | INFO | fastapi_app | GET /products/1 -> 404 (5.69 ms)
2026-08-07 16:25:05 | INFO | fastapi_app | POST /auth/register -> 201 (568.34 ms)
2026-08-07 16:25:06 | INFO | fastapi_app | POST /auth/login -> 200 (497.27 ms)
2026-08-07 16:25:06 | INFO | fastapi_app | POST /auth/register -> 201 (575.27 ms)
2026-08-07 16:25:07 | INFO | fastapi_app | POST /auth/login -> 200 (637.12 ms)
2026-08-07 16:25:07 | INFO | fastapi_app | POST /products -> 201 (21.39 ms)
2026-08-07 16:25:07 | INFO | fastapi_app | PUT /products/1 -> 403 (11.82 ms)
2026-08-07 16:25:08 | INFO | fastapi_app | POST /auth/register -> 201 (590.48 ms)
2026-08-07 16:25:08 | INFO | fastapi_app | POST /auth/login -> 200 (381.58 ms)
2026-08-07 16:25:08 | INFO | fastapi_app | POST /products -> 201 (19.45 ms)
2026-08-07 16:25:09 | INFO | fastapi_app | POST /auth/login -> 200 (466.22 ms)
2026-08-07 16:25:09 | INFO | fastapi_app | GET /admin/users -> 200 (12.41 ms)
2026-08-07 16:25:09 | INFO | fastapi_app | GET /admin/users/1 -> 200 (17.06 ms)
2026-08-07 16:25:09 | INFO | fastapi_app | GET /admin/users/1 -> 401 (2.95 ms)
2026-08-07 16:27:10 | INFO | fastapi_app | Application Started
2026-08-07 16:27:11 | INFO | fastapi_app | POST /auth/register -> 201 (362.01 ms)
2026-08-07 16:27:11 | INFO | fastapi_app | POST /auth/register -> 201 (317.79 ms)
2026-08-07 16:27:11 | INFO | fastapi_app | POST /auth/register -> 409 (2.33 ms)
2026-08-07 16:27:11 | INFO | fastapi_app | POST /auth/register -> 201 (492.82 ms)
2026-08-07 16:27:11 | INFO | fastapi_app | POST /auth/register -> 409 (4.97 ms)
2026-08-07 16:27:12 | INFO | fastapi_app | POST /auth/register -> 201 (540.69 ms)
2026-08-07 16:27:13 | INFO | fastapi_app | POST /auth/login -> 200 (519.70 ms)
2026-08-07 16:27:13 | INFO | fastapi_app | POST /auth/register -> 201 (478.59 ms)
2026-08-07 16:27:14 | INFO | fastapi_app | POST /auth/login -> 401 (522.81 ms)
2026-08-07 16:27:14 | INFO | fastapi_app | GET /user/profile -> 401 (7.59 ms)
2026-08-07 16:27:14 | INFO | fastapi_app | POST /auth/register -> 201 (601.64 ms)
2026-08-07 16:27:15 | INFO | fastapi_app | POST /auth/login -> 200 (551.27 ms)
2026-08-07 16:27:15 | INFO | fastapi_app | GET /user/profile -> 200 (4.29 ms)
2026-08-07 16:27:15 | INFO | fastapi_app | POST /auth/register -> 201 (674.02 ms)
2026-08-07 16:27:16 | INFO | fastapi_app | POST /auth/login -> 200 (556.59 ms)
2026-08-07 16:27:16 | INFO | fastapi_app | GET /user/dashboard -> 200 (7.08 ms)
2026-08-07 16:27:17 | INFO | fastapi_app | POST /auth/register -> 201 (606.44 ms)
2026-08-07 16:27:17 | INFO | fastapi_app | POST /auth/login -> 200 (527.05 ms)
2026-08-07 16:27:17 | INFO | fastapi_app | PUT /user/update -> 200 (28.52 ms)
2026-08-07 16:27:18 | INFO | fastapi_app | POST /auth/register -> 201 (506.70 ms)
2026-08-07 16:27:18 | INFO | fastapi_app | POST /auth/login -> 200 (465.10 ms)
2026-08-07 16:27:18 | INFO | fastapi_app | GET /admin/users -> 403 (7.24 ms)
2026-08-07 16:27:19 | INFO | fastapi_app | POST /auth/register -> 201 (422.65 ms)
2026-08-07 16:27:19 | INFO | fastapi_app | POST /auth/login -> 200 (439.53 ms)
2026-08-07 16:27:19 | INFO | fastapi_app | POST /products -> 201 (29.51 ms)
2026-08-07 16:27:19 | INFO | fastapi_app | GET /products -> 200 (11.91 ms)
2026-08-07 16:27:19 | INFO | fastapi_app | GET /products/1 -> 200 (10.95 ms)
2026-08-07 16:27:19 | INFO | fastapi_app | PUT /products/1 -> 200 (26.19 ms)
2026-08-07 16:27:19 | INFO | fastapi_app | DELETE /products/1 -> 200 (25.66 ms)
2026-08-07 16:27:19 | INFO | fastapi_app | GET /products/1 -> 404 (7.26 ms)
2026-08-07 16:27:20 | INFO | fastapi_app | POST /auth/register -> 201 (509.87 ms)
2026-08-07 16:27:20 | INFO | fastapi_app | POST /auth/login -> 200 (481.40 ms)
2026-08-07 16:27:21 | INFO | fastapi_app | POST /auth/register -> 201 (501.93 ms)
2026-08-07 16:27:21 | INFO | fastapi_app | POST /auth/login -> 200 (540.58 ms)
2026-08-07 16:27:21 | INFO | fastapi_app | POST /products -> 201 (22.65 ms)
2026-08-07 16:27:21 | INFO | fastapi_app | PUT /products/1 -> 403 (12.79 ms)
2026-08-07 16:27:22 | INFO | fastapi_app | POST /auth/register -> 201 (493.72 ms)
2026-08-07 16:27:22 | INFO | fastapi_app | POST /auth/login -> 200 (407.86 ms)
2026-08-07 16:27:22 | INFO | fastapi_app | POST /products -> 201 (20.08 ms)
2026-08-07 16:27:23 | INFO | fastapi_app | POST /auth/login -> 200 (395.62 ms)
2026-08-07 16:27:23 | INFO | fastapi_app | GET /admin/users -> 200 (11.40 ms)
2026-08-07 16:27:23 | INFO | fastapi_app | GET /admin/users/1 -> 200 (16.86 ms)
2026-08-07 16:27:23 | INFO | fastapi_app | GET /admin/users/1 -> 401 (3.05 ms)
2026-08-07 16:33:44 | INFO | fastapi_app | Application Started
2026-08-07 16:34:29 | INFO | fastapi_app | POST /auth/register -> 201 (415.43 ms)
2026-08-07 16:34:33 | INFO | fastapi_app | POST /auth/login -> 401 (468.09 ms)
2026-08-07 16:34:40 | INFO | fastapi_app | POST /auth/login -> 200 (350.15 ms)
2026-08-07 16:34:40 | INFO | fastapi_app | GET /user/profile -> 200 (16.39 ms)
2026-08-07 16:34:40 | INFO | fastapi_app | GET /user/dashboard -> 200 (5.41 ms)
2026-08-07 16:34:40 | INFO | fastapi_app | GET /user/dashboard -> 200 (5.61 ms)
2026-08-07 16:34:43 | INFO | fastapi_app | GET /products -> 200 (27.29 ms)
2026-08-07 16:34:43 | INFO | fastapi_app | GET /products -> 200 (7.09 ms)
2026-08-07 16:34:47 | INFO | fastapi_app | GET /user/dashboard -> 200 (4.50 ms)
2026-08-07 16:34:47 | INFO | fastapi_app | GET /user/dashboard -> 200 (3.46 ms)
2026-08-07 16:34:47 | INFO | fastapi_app | GET /products -> 200 (8.36 ms)
2026-08-07 16:34:47 | INFO | fastapi_app | GET /products -> 200 (7.60 ms)
2026-08-07 16:35:35 | INFO | fastapi_app | GET /user/dashboard -> 200 (4.63 ms)
2026-08-07 16:35:35 | INFO | fastapi_app | GET /user/dashboard -> 200 (4.71 ms)
2026-08-07 16:35:38 | INFO | fastapi_app | GET /user/dashboard -> 200 (5.23 ms)
2026-08-07 16:35:38 | INFO | fastapi_app | GET /user/dashboard -> 200 (4.79 ms)
2026-08-07 16:35:38 | INFO | fastapi_app | GET /user/dashboard -> 200 (6.26 ms)
2026-08-07 16:35:38 | INFO | fastapi_app | GET /user/dashboard -> 200 (3.91 ms)
2026-08-07 16:35:39 | INFO | fastapi_app | GET /user/dashboard -> 200 (7.80 ms)
2026-08-07 16:35:39 | INFO | fastapi_app | GET /user/dashboard -> 200 (4.42 ms)
2026-08-07 16:35:39 | INFO | fastapi_app | GET /user/dashboard -> 200 (4.08 ms)
2026-08-07 16:35:39 | INFO | fastapi_app | GET /user/dashboard -> 200 (3.66 ms)
2026-08-07 16:35:39 | INFO | fastapi_app | GET /user/dashboard -> 200 (4.75 ms)
2026-08-07 16:35:39 | INFO | fastapi_app | GET /user/dashboard -> 200 (5.51 ms)
2026-08-07 16:35:39 | INFO | fastapi_app | GET /user/dashboard -> 200 (5.61 ms)
2026-08-07 16:35:39 | INFO | fastapi_app | GET /user/dashboard -> 200 (4.35 ms)
2026-08-07 16:35:39 | INFO | fastapi_app | GET /user/dashboard -> 200 (6.89 ms)
2026-08-07 16:35:39 | INFO | fastapi_app | GET /user/dashboard -> 200 (3.81 ms)
2026-08-07 16:35:39 | INFO | fastapi_app | GET /user/dashboard -> 200 (5.35 ms)
2026-08-07 16:35:39 | INFO | fastapi_app | GET /user/dashboard -> 200 (3.70 ms)
2026-08-07 16:35:40 | INFO | fastapi_app | GET /user/dashboard -> 200 (6.41 ms)
2026-08-07 16:35:40 | INFO | fastapi_app | GET /user/dashboard -> 200 (3.76 ms)
2026-08-07 16:35:40 | INFO | fastapi_app | GET /user/dashboard -> 200 (6.79 ms)
2026-08-07 16:35:40 | INFO | fastapi_app | GET /user/dashboard -> 200 (4.02 ms)
2026-08-07 16:35:40 | INFO | fastapi_app | GET /user/dashboard -> 200 (5.15 ms)
2026-08-07 16:35:40 | INFO | fastapi_app | GET /user/dashboard -> 200 (3.17 ms)
2026-08-07 16:35:41 | INFO | fastapi_app | GET /user/dashboard -> 200 (6.00 ms)
2026-08-07 16:35:41 | INFO | fastapi_app | GET /user/dashboard -> 200 (4.15 ms)
2026-08-07 16:35:41 | INFO | fastapi_app | GET /user/dashboard -> 200 (7.30 ms)
2026-08-07 16:35:41 | INFO | fastapi_app | GET /user/dashboard -> 200 (3.74 ms)
2026-08-07 16:35:42 | INFO | fastapi_app | GET /user/dashboard -> 200 (6.21 ms)
2026-08-07 16:35:42 | INFO | fastapi_app | GET /user/dashboard -> 200 (3.47 ms)
2026-08-10 10:36:23 | INFO | fastapi_app | Application Started
2026-08-10 10:37:25 | INFO | fastapi_app | GET /docs -> 200 (1.20 ms)
2026-08-10 10:37:26 | INFO | fastapi_app | GET /openapi.json -> 200 (120.03 ms)
2026-08-10 10:38:26 | INFO | fastapi_app | POST /auth/login -> 401 (19.11 ms)
2026-08-10 10:39:52 | INFO | fastapi_app | POST /auth/login -> 200 (366.75 ms)
2026-08-10 10:45:56 | INFO | fastapi_app | Application Started
2026-08-10 11:39:03 | INFO | fastapi_app | Application Started
2026-08-10 11:39:08 | INFO | fastapi_app | Application Started
2026-08-10 11:39:19 | INFO | fastapi_app | Application Started
2026-08-10 11:40:02 | INFO | fastapi_app | Application Started
2026-08-10 11:40:15 | INFO | fastapi_app | Application Started
2026-08-10 11:40:26 | INFO | fastapi_app | Application Started
2026-08-10 11:44:46 | INFO | fastapi_app | Application Started
2026-08-10 11:47:16 | INFO | fastapi_app | Application Started
2026-08-10 11:47:20 | INFO | fastapi_app | Application Started
2026-08-10 11:47:21 | INFO | fastapi_app | Application Started
2026-08-10 11:47:26 | INFO | fastapi_app | Application Started
2026-08-10 11:47:30 | INFO | fastapi_app | Application Started
2026-08-10 11:50:05 | INFO | fastapi_app | Application Started
2026-08-10 11:50:07 | INFO | fastapi_app | Application Started
2026-08-10 11:50:09 | INFO | fastapi_app | Application Started
2026-08-10 11:54:08 | INFO | fastapi_app | Application Started
2026-08-10 11:55:28 | INFO | fastapi_app | Application Started
2026-08-10 11:55:30 | INFO | fastapi_app | Application Started
2026-08-10 11:55:57 | INFO | fastapi_app | Application Started
2026-08-10 11:56:04 | INFO | fastapi_app | Application Started
2026-08-10 11:56:09 | INFO | fastapi_app | Application Started
2026-08-10 12:12:46 | INFO | fastapi_app | GET /user/profile -> 401 (77.68 ms)
2026-08-10 12:12:46 | INFO | fastapi_app | GET /user/profile -> 401 (3.34 ms)
2026-08-10 12:12:54 | INFO | fastapi_app | POST /auth/login -> 200 (453.81 ms)
2026-08-10 12:12:54 | INFO | fastapi_app | GET /user/profile -> 200 (18.76 ms)
2026-08-10 12:12:54 | INFO | fastapi_app | GET /user/dashboard -> 200 (3.15 ms)
2026-08-10 12:12:54 | INFO | fastapi_app | GET /user/dashboard -> 200 (3.84 ms)
2026-08-10 12:56:01 | INFO | fastapi_app | GET /user/profile -> 401 (7.06 ms)
2026-08-10 12:56:01 | INFO | fastapi_app | GET /user/profile -> 401 (2.89 ms)
2026-08-10 13:45:55 | INFO | fastapi_app | POST /auth/login -> 200 (358.08 ms)
2026-08-10 13:45:55 | INFO | fastapi_app | GET /user/profile -> 200 (10.49 ms)
2026-08-10 13:45:55 | INFO | fastapi_app | GET /user/dashboard -> 200 (3.90 ms)
2026-08-10 13:45:55 | INFO | fastapi_app | GET /user/dashboard -> 200 (4.17 ms)
2026-08-10 13:47:23 | INFO | fastapi_app | GET /user/dashboard -> 200 (7.18 ms)
2026-08-10 13:47:23 | INFO | fastapi_app | GET /user/dashboard -> 200 (3.33 ms)
2026-08-10 13:47:24 | INFO | fastapi_app | GET /user/dashboard -> 200 (7.32 ms)
2026-08-10 13:47:24 | INFO | fastapi_app | GET /user/dashboard -> 200 (4.73 ms)
2026-08-10 14:00:21 | INFO | fastapi_app | GET /user/dashboard -> 200 (8.98 ms)
2026-08-10 14:00:21 | INFO | fastapi_app | GET /user/dashboard -> 200 (4.08 ms)
2026-08-10 14:01:54 | INFO | fastapi_app | GET /user/dashboard -> 200 (9.32 ms)
2026-08-10 14:01:54 | INFO | fastapi_app | GET /user/dashboard -> 200 (4.67 ms)
2026-08-10 14:01:56 | INFO | fastapi_app | GET /user/dashboard -> 200 (7.54 ms)
2026-08-10 14:01:56 | INFO | fastapi_app | GET /user/dashboard -> 200 (4.10 ms)
2026-08-10 14:01:58 | INFO | fastapi_app | GET /user/dashboard -> 200 (7.16 ms)
2026-08-10 14:01:59 | INFO | fastapi_app | GET /user/dashboard -> 200 (5.52 ms)
2026-08-10 14:01:59 | INFO | fastapi_app | GET /user/dashboard -> 200 (8.07 ms)
2026-08-10 14:01:59 | INFO | fastapi_app | GET /user/dashboard -> 200 (7.50 ms)
2026-08-10 14:02:00 | INFO | fastapi_app | GET /user/dashboard -> 200 (6.03 ms)
2026-08-10 14:02:00 | INFO | fastapi_app | GET /user/dashboard -> 200 (3.50 ms)
2026-08-10 14:02:00 | INFO | fastapi_app | GET /user/dashboard -> 200 (3.38 ms)
2026-08-10 14:02:00 | INFO | fastapi_app | GET /user/dashboard -> 200 (3.64 ms)
2026-08-10 14:02:14 | INFO | fastapi_app | GET /user/profile -> 200 (12.17 ms)
2026-08-10 14:02:14 | INFO | fastapi_app | GET /user/profile -> 200 (7.75 ms)
2026-08-10 14:02:14 | INFO | fastapi_app | GET /user/dashboard -> 200 (6.20 ms)
2026-08-10 14:02:14 | INFO | fastapi_app | GET /user/dashboard -> 200 (4.66 ms)
2026-08-10 14:02:16 | INFO | fastapi_app | GET /user/dashboard -> 200 (4.86 ms)
2026-08-10 14:02:16 | INFO | fastapi_app | GET /user/dashboard -> 200 (4.75 ms)
2026-08-10 14:02:16 | INFO | fastapi_app | GET /user/dashboard -> 200 (7.83 ms)
2026-08-10 14:02:16 | INFO | fastapi_app | GET /user/dashboard -> 200 (4.71 ms)
2026-08-10 14:02:48 | INFO | fastapi_app | GET /user/profile -> 200 (5.92 ms)
2026-08-10 14:02:48 | INFO | fastapi_app | GET /user/profile -> 200 (5.12 ms)
2026-08-11 10:40:56 | INFO | fastapi_app | Application Started
2026-08-11 10:41:23 | INFO | fastapi_app | POST /auth/login -> 200 (458.08 ms)
2026-08-11 10:41:23 | INFO | fastapi_app | GET /user/profile -> 200 (26.61 ms)
2026-08-11 10:41:23 | INFO | fastapi_app | GET /user/dashboard -> 200 (3.83 ms)
2026-08-11 10:41:23 | INFO | fastapi_app | GET /user/dashboard -> 200 (4.14 ms)
2026-08-11 10:43:25 | INFO | fastapi_app | Application Started
2026-08-11 10:45:11 | INFO | fastapi_app | Application Started
2026-08-11 10:45:15 | INFO | fastapi_app | Application Started
2026-08-11 10:45:23 | INFO | fastapi_app | Application Started
2026-08-11 10:45:36 | INFO | fastapi_app | Application Started
2026-08-11 10:48:56 | INFO | fastapi_app | Application Started
2026-08-11 10:49:02 | INFO | fastapi_app | Application Started
2026-08-11 10:49:07 | INFO | fastapi_app | Application Started
2026-08-11 10:50:26 | INFO | fastapi_app | POST /user/forgot -> 422 (13.99 ms)
2026-08-11 10:51:38 | INFO | fastapi_app | POST /user/forgot -> 200 (480.66 ms)
2026-08-11 10:52:05 | INFO | fastapi_app | POST /user/forgot -> 200 (341.12 ms)
2026-08-11 10:52:07 | INFO | fastapi_app | GET /user/dashboard -> 200 (14.69 ms)
2026-08-11 10:52:07 | INFO | fastapi_app | GET /user/dashboard -> 200 (5.88 ms)
2026-08-11 10:52:10 | INFO | fastapi_app | GET /user/profile -> 200 (15.51 ms)
2026-08-11 10:52:10 | INFO | fastapi_app | GET /user/profile -> 200 (5.92 ms)
2026-08-11 10:52:10 | INFO | fastapi_app | GET /user/dashboard -> 200 (4.59 ms)
2026-08-11 10:52:10 | INFO | fastapi_app | GET /user/dashboard -> 200 (3.93 ms)
2026-08-11 10:52:22 | INFO | fastapi_app | POST /user/forgot -> 200 (389.44 ms)
2026-08-11 10:52:49 | INFO | fastapi_app | GET /user/dashboard -> 200 (3.33 ms)
2026-08-11 10:52:49 | INFO | fastapi_app | GET /user/dashboard -> 200 (4.48 ms)
2026-08-11 10:52:57 | INFO | fastapi_app | POST /auth/login -> 401 (347.10 ms)
2026-08-11 10:53:03 | INFO | fastapi_app | POST /auth/login -> 200 (398.86 ms)
2026-08-11 10:53:03 | INFO | fastapi_app | GET /user/profile -> 200 (5.51 ms)
2026-08-11 10:53:03 | INFO | fastapi_app | GET /user/dashboard -> 200 (3.55 ms)
2026-08-11 10:53:03 | INFO | fastapi_app | GET /user/dashboard -> 200 (6.01 ms)
2026-08-11 10:57:07 | INFO | fastapi_app | POST /user/forgot -> 200 (315.89 ms)
2026-08-11 10:57:13 | INFO | fastapi_app | POST /user/forgot -> 422 (1.95 ms)
2026-08-11 10:57:18 | INFO | fastapi_app | POST /user/forgot -> 422 (2.87 ms)
2026-08-11 10:57:30 | INFO | fastapi_app | POST /user/forgot -> 200 (352.38 ms)
2026-08-11 10:57:39 | INFO | fastapi_app | POST /user/forgot -> 200 (320.49 ms)
2026-08-11 10:58:32 | INFO | fastapi_app | GET /user/dashboard -> 200 (3.65 ms)
2026-08-11 10:58:32 | INFO | fastapi_app | GET /user/dashboard -> 200 (4.02 ms)
2026-08-11 10:58:45 | INFO | fastapi_app | POST /user/forgot -> 200 (337.06 ms)
2026-08-11 10:58:47 | INFO | fastapi_app | GET /user/dashboard -> 200 (4.01 ms)
2026-08-11 10:58:47 | INFO | fastapi_app | GET /user/dashboard -> 200 (4.37 ms)
2026-08-11 11:00:53 | INFO | fastapi_app | POST /user/forgot -> 200 (342.41 ms)
2026-08-11 11:00:53 | INFO | fastapi_app | GET /user/dashboard -> 200 (3.72 ms)
2026-08-11 11:00:53 | INFO | fastapi_app | GET /user/dashboard -> 200 (4.12 ms)
2026-08-11 11:04:59 | INFO | fastapi_app | POST /user/forgot -> 200 (302.35 ms)
2026-08-11 11:05:01 | INFO | fastapi_app | GET /user/dashboard -> 200 (4.98 ms)
2026-08-11 11:05:01 | INFO | fastapi_app | GET /user/dashboard -> 200 (4.97 ms)
2026-08-11 11:05:09 | INFO | fastapi_app | POST /user/forgot -> 200 (317.12 ms)
2026-08-11 11:05:10 | INFO | fastapi_app | GET /user/dashboard -> 200 (3.20 ms)
2026-08-11 11:05:10 | INFO | fastapi_app | GET /user/dashboard -> 200 (6.89 ms)
2026-08-11 11:10:38 | INFO | fastapi_app | GET /user/profile -> 200 (7.87 ms)
2026-08-11 11:10:38 | INFO | fastapi_app | GET /user/profile -> 200 (5.94 ms)
2026-08-11 11:32:17 | INFO | fastapi_app | GET /user/profile -> 401 (6.33 ms)
2026-08-11 11:32:17 | INFO | fastapi_app | GET /user/profile -> 401 (7.18 ms)
2026-08-11 11:48:42 | INFO | fastapi_app | POST /auth/login -> 401 (370.93 ms)
2026-08-11 11:48:47 | INFO | fastapi_app | POST /auth/login -> 200 (398.12 ms)
2026-08-11 11:48:47 | INFO | fastapi_app | GET /user/profile -> 200 (6.54 ms)
2026-08-11 11:48:47 | INFO | fastapi_app | GET /user/dashboard -> 200 (5.01 ms)
2026-08-11 11:48:47 | INFO | fastapi_app | GET /user/dashboard -> 200 (3.89 ms)
2026-08-11 11:48:50 | INFO | fastapi_app | GET /user/dashboard -> 200 (4.05 ms)
2026-08-11 11:48:50 | INFO | fastapi_app | GET /user/dashboard -> 200 (4.17 ms)
2026-08-11 11:48:52 | INFO | fastapi_app | GET /user/dashboard -> 200 (5.85 ms)
2026-08-11 11:48:52 | INFO | fastapi_app | GET /user/dashboard -> 200 (5.47 ms)
2026-08-11 11:48:52 | INFO | fastapi_app | GET /user/dashboard -> 200 (6.92 ms)
2026-08-11 11:48:52 | INFO | fastapi_app | GET /user/dashboard -> 200 (3.32 ms)
2026-08-11 11:49:06 | INFO | fastapi_app | GET /products -> 200 (39.00 ms)
2026-08-11 11:49:06 | INFO | fastapi_app | GET /products -> 200 (4.68 ms)
2026-08-11 11:49:26 | INFO | fastapi_app | POST /products -> 201 (15.61 ms)
2026-08-11 11:49:26 | INFO | fastapi_app | GET /products -> 200 (6.79 ms)
2026-08-11 11:55:15 | INFO | fastapi_app | Application Started
2026-08-11 11:55:55 | INFO | fastapi_app | Application Started
2026-08-11 11:57:18 | INFO | fastapi_app | Application Started
2026-08-11 11:58:09 | INFO | fastapi_app | Application Started
2026-08-11 11:58:52 | INFO | fastapi_app | Application Started
2026-08-11 11:59:29 | INFO | fastapi_app | Application Started
2026-08-11 12:00:55 | INFO | fastapi_app | GET /products -> 401 (65.41 ms)
2026-08-11 12:02:25 | INFO | fastapi_app | GET /products -> 401 (2.46 ms)
2026-08-11 12:09:21 | INFO | fastapi_app | Application Started
2026-08-11 12:10:02 | INFO | fastapi_app | Application Started
2026-08-11 12:10:03 | INFO | fastapi_app | GET /user/profile -> 401 (24.22 ms)
2026-08-11 12:10:03 | INFO | fastapi_app | POST /auth/register -> 201 (675.83 ms)
2026-08-11 12:10:04 | INFO | fastapi_app | POST /auth/login -> 200 (528.12 ms)
2026-08-11 12:10:04 | INFO | fastapi_app | GET /user/profile -> 200 (6.03 ms)
2026-08-11 12:10:04 | INFO | fastapi_app | POST /auth/register -> 201 (517.95 ms)
2026-08-11 12:10:05 | INFO | fastapi_app | POST /auth/login -> 200 (602.95 ms)
2026-08-11 12:10:05 | INFO | fastapi_app | GET /user/dashboard -> 200 (6.11 ms)
2026-08-11 12:10:06 | INFO | fastapi_app | POST /auth/register -> 201 (690.09 ms)
2026-08-11 12:10:06 | INFO | fastapi_app | POST /auth/login -> 200 (694.86 ms)
2026-08-11 12:10:06 | INFO | fastapi_app | PUT /user/update -> 200 (43.61 ms)
2026-08-11 12:10:07 | INFO | fastapi_app | POST /auth/register -> 201 (668.96 ms)
2026-08-11 12:10:08 | INFO | fastapi_app | POST /auth/login -> 200 (765.02 ms)
2026-08-11 12:10:08 | INFO | fastapi_app | GET /admin/users -> 403 (20.31 ms)
2026-08-11 12:10:09 | INFO | fastapi_app | POST /auth/register -> 201 (716.16 ms)
2026-08-11 12:10:09 | INFO | fastapi_app | POST /auth/login -> 200 (614.14 ms)
2026-08-11 12:10:09 | INFO | fastapi_app | POST /products -> 201 (43.10 ms)
2026-08-11 12:10:09 | INFO | fastapi_app | GET /products -> 200 (18.23 ms)
2026-08-11 12:10:09 | INFO | fastapi_app | GET /products/1 -> 200 (10.18 ms)
2026-08-11 12:10:09 | INFO | fastapi_app | PUT /products/1 -> 200 (23.19 ms)
2026-08-11 12:10:09 | INFO | fastapi_app | DELETE /products/1 -> 200 (22.33 ms)
2026-08-11 12:10:09 | INFO | fastapi_app | GET /products/1 -> 404 (6.46 ms)
2026-08-11 12:10:10 | INFO | fastapi_app | POST /auth/register -> 201 (605.11 ms)
2026-08-11 12:10:11 | INFO | fastapi_app | POST /auth/login -> 200 (572.38 ms)
2026-08-11 12:10:11 | INFO | fastapi_app | POST /auth/register -> 201 (765.00 ms)
2026-08-11 12:10:12 | INFO | fastapi_app | POST /auth/login -> 200 (783.95 ms)
2026-08-11 12:10:12 | INFO | fastapi_app | POST /products -> 201 (33.21 ms)
2026-08-11 12:10:12 | INFO | fastapi_app | PUT /products/1 -> 403 (25.17 ms)
2026-08-11 12:10:13 | INFO | fastapi_app | POST /auth/register -> 201 (713.17 ms)
2026-08-11 12:10:14 | INFO | fastapi_app | POST /auth/login -> 200 (697.48 ms)
2026-08-11 12:10:14 | INFO | fastapi_app | POST /products -> 201 (27.42 ms)
2026-08-11 12:10:15 | INFO | fastapi_app | POST /auth/login -> 200 (513.22 ms)
2026-08-11 12:10:15 | INFO | fastapi_app | GET /admin/users -> 200 (9.53 ms)
2026-08-11 12:10:15 | INFO | fastapi_app | GET /admin/users/1 -> 200 (21.16 ms)
2026-08-11 12:10:15 | INFO | fastapi_app | GET /admin/users/1 -> 401 (0.86 ms)
2026-08-11 12:25:13 | INFO | fastapi_app | Application Started
2026-08-11 12:25:16 | INFO | fastapi_app | GET /products -> 401 (33.57 ms)
2026-08-11 12:25:20 | INFO | fastapi_app | GET /user/profile -> 401 (14.60 ms)
2026-08-11 12:25:20 | INFO | fastapi_app | GET /user/profile -> 401 (1.95 ms)
2026-08-11 12:25:28 | INFO | fastapi_app | POST /auth/login -> 200 (333.21 ms)
2026-08-11 12:25:28 | INFO | fastapi_app | GET /user/profile -> 200 (12.47 ms)
2026-08-11 12:25:28 | INFO | fastapi_app | GET /user/dashboard -> 200 (4.28 ms)
2026-08-11 12:25:28 | INFO | fastapi_app | GET /user/dashboard -> 200 (5.66 ms)
2026-08-11 12:25:32 | INFO | fastapi_app | GET /products -> 200 (21.73 ms)
2026-08-11 12:25:32 | INFO | fastapi_app | GET /products -> 200 (10.74 ms)
2026-08-11 12:25:42 | INFO | fastapi_app | GET /products -> 200 (9.16 ms)
2026-08-11 12:25:42 | INFO | fastapi_app | GET /products -> 200 (8.94 ms)
2026-08-11 12:25:50 | INFO | fastapi_app | POST /products -> 201 (15.14 ms)
2026-08-11 12:25:50 | INFO | fastapi_app | GET /products -> 200 (7.98 ms)
2026-08-11 12:25:54 | INFO | fastapi_app | POST /products -> 201 (8.17 ms)
2026-08-11 12:25:54 | INFO | fastapi_app | GET /products -> 200 (7.90 ms)
2026-08-11 12:25:59 | INFO | fastapi_app | POST /products -> 201 (12.12 ms)
2026-08-11 12:25:59 | INFO | fastapi_app | GET /products -> 200 (7.28 ms)
2026-08-11 12:26:02 | INFO | fastapi_app | POST /products -> 201 (9.56 ms)
2026-08-11 12:26:02 | INFO | fastapi_app | GET /products -> 200 (6.89 ms)
2026-08-11 12:26:05 | INFO | fastapi_app | GET /products -> 200 (8.80 ms)
2026-08-11 12:26:07 | INFO | fastapi_app | GET /products -> 200 (9.68 ms)
2026-08-11 14:18:58 | INFO | fastapi_app | GET /products -> 401 (22.55 ms)
2026-08-11 14:19:04 | INFO | fastapi_app | GET /user/profile -> 401 (8.37 ms)
2026-08-11 14:19:04 | INFO | fastapi_app | GET /user/profile -> 401 (2.65 ms)
2026-08-11 14:19:10 | INFO | fastapi_app | POST /auth/login -> 200 (307.87 ms)
2026-08-11 14:19:10 | INFO | fastapi_app | GET /user/profile -> 200 (12.89 ms)
2026-08-11 14:19:10 | INFO | fastapi_app | GET /user/dashboard -> 200 (4.06 ms)
2026-08-11 14:19:10 | INFO | fastapi_app | GET /user/dashboard -> 200 (3.86 ms)
2026-08-11 14:19:15 | INFO | fastapi_app | GET /products -> 200 (15.27 ms)
2026-08-11 14:19:15 | INFO | fastapi_app | GET /products -> 200 (10.69 ms)
2026-08-11 14:36:26 | INFO | fastapi_app | GET /products -> 200 (10.02 ms)
2026-08-11 14:36:27 | INFO | fastapi_app | GET /products -> 200 (8.72 ms)
2026-08-11 14:36:32 | INFO | fastapi_app | DELETE /products/5 -> 200 (41.41 ms)
2026-08-11 14:36:32 | INFO | fastapi_app | GET /products -> 200 (7.63 ms)
2026-08-11 14:38:10 | INFO | fastapi_app | GET /products -> 200 (5.71 ms)
2026-08-11 14:38:59 | INFO | fastapi_app | GET /products -> 200 (8.20 ms)
2026-08-11 14:39:05 | INFO | fastapi_app | GET /products -> 200 (15.06 ms)
2026-08-11 14:39:16 | INFO | fastapi_app | GET /user/dashboard -> 200 (4.47 ms)
2026-08-11 14:39:16 | INFO | fastapi_app | GET /user/dashboard -> 200 (3.80 ms)
2026-08-11 14:40:03 | INFO | fastapi_app | GET /user/profile -> 200 (3.52 ms)
2026-08-11 14:40:03 | INFO | fastapi_app | GET /user/profile -> 200 (5.02 ms)
2026-08-11 14:40:45 | INFO | fastapi_app | GET /user/profile -> 200 (3.85 ms)
2026-08-11 14:40:45 | INFO | fastapi_app | GET /user/profile -> 200 (5.56 ms)
2026-08-11 14:40:47 | INFO | fastapi_app | GET /user/profile -> 200 (3.73 ms)
2026-08-11 14:40:47 | INFO | fastapi_app | GET /user/profile -> 200 (4.67 ms)
2026-08-11 14:40:50 | INFO | fastapi_app | GET /user/profile -> 200 (6.68 ms)
2026-08-11 14:40:50 | INFO | fastapi_app | GET /user/profile -> 200 (6.31 ms)
2026-08-11 14:41:00 | INFO | fastapi_app | GET /user/profile -> 200 (3.41 ms)
2026-08-11 14:41:00 | INFO | fastapi_app | GET /user/profile -> 200 (5.04 ms)
2026-08-11 14:41:05 | INFO | fastapi_app | GET /user/profile -> 200 (6.56 ms)
2026-08-11 14:41:05 | INFO | fastapi_app | GET /user/profile -> 200 (6.74 ms)
2026-08-11 14:41:08 | INFO | fastapi_app | GET /user/profile -> 200 (5.58 ms)
2026-08-11 14:41:08 | INFO | fastapi_app | GET /user/profile -> 200 (4.28 ms)
2026-08-11 14:41:14 | INFO | fastapi_app | GET /user/profile -> 200 (3.79 ms)
2026-08-11 14:41:14 | INFO | fastapi_app | GET /user/profile -> 200 (5.28 ms)
2026-08-11 14:43:23 | INFO | fastapi_app | GET /products -> 200 (10.94 ms)
2026-08-11 14:43:23 | INFO | fastapi_app | GET /products -> 200 (9.92 ms)
2026-08-11 14:43:26 | INFO | fastapi_app | GET /user/dashboard -> 200 (5.17 ms)
2026-08-11 14:43:26 | INFO | fastapi_app | GET /user/dashboard -> 200 (2.85 ms)
2026-08-11 14:43:26 | INFO | fastapi_app | GET /products -> 200 (9.68 ms)
2026-08-11 14:43:26 | INFO | fastapi_app | GET /products -> 200 (9.48 ms)
2026-08-11 14:43:27 | INFO | fastapi_app | GET /products -> 200 (9.87 ms)
2026-08-11 14:43:27 | INFO | fastapi_app | GET /products -> 200 (10.13 ms)
2026-08-11 14:43:27 | INFO | fastapi_app | GET /user/dashboard -> 200 (4.78 ms)
2026-08-11 14:43:27 | INFO | fastapi_app | GET /user/dashboard -> 200 (3.42 ms)
2026-08-11 14:43:28 | INFO | fastapi_app | GET /products -> 200 (8.87 ms)
2026-08-11 14:43:29 | INFO | fastapi_app | GET /products -> 200 (6.67 ms)
2026-08-11 14:43:32 | INFO | fastapi_app | GET /products -> 200 (7.81 ms)
2026-08-11 14:43:32 | INFO | fastapi_app | GET /products -> 200 (9.21 ms)
2026-08-11 14:43:46 | INFO | fastapi_app | GET /products -> 200 (8.84 ms)
2026-08-11 14:43:46 | INFO | fastapi_app | GET /products -> 200 (9.19 ms)
2026-08-11 14:43:47 | INFO | fastapi_app | GET /user/dashboard -> 200 (4.50 ms)
2026-08-11 14:43:47 | INFO | fastapi_app | GET /user/dashboard -> 200 (3.44 ms)
2026-08-11 14:43:47 | INFO | fastapi_app | GET /products -> 200 (8.29 ms)
2026-08-11 14:43:47 | INFO | fastapi_app | GET /products -> 200 (5.06 ms)
2026-08-11 14:43:48 | INFO | fastapi_app | GET /products -> 200 (8.78 ms)
2026-08-11 14:43:48 | INFO | fastapi_app | GET /products -> 200 (8.38 ms)
2026-08-11 14:43:48 | INFO | fastapi_app | GET /user/dashboard -> 200 (3.72 ms)
2026-08-11 14:43:48 | INFO | fastapi_app | GET /user/dashboard -> 200 (4.33 ms)
2026-08-11 14:43:49 | INFO | fastapi_app | GET /products -> 200 (13.86 ms)
2026-08-11 14:43:49 | INFO | fastapi_app | GET /products -> 200 (52.45 ms)
2026-08-11 14:43:50 | INFO | fastapi_app | GET /user/dashboard -> 200 (4.65 ms)
2026-08-11 14:43:51 | INFO | fastapi_app | GET /user/dashboard -> 200 (4.24 ms)
2026-08-11 14:43:51 | INFO | fastapi_app | GET /products -> 200 (11.58 ms)
2026-08-11 14:43:51 | INFO | fastapi_app | GET /products -> 200 (12.02 ms)
2026-08-11 14:43:53 | INFO | fastapi_app | GET /products -> 200 (10.74 ms)
2026-08-11 14:43:53 | INFO | fastapi_app | GET /products -> 200 (9.12 ms)
2026-08-11 14:43:53 | INFO | fastapi_app | GET /user/dashboard -> 200 (3.93 ms)
2026-08-11 14:43:53 | INFO | fastapi_app | GET /user/dashboard -> 200 (4.98 ms)
2026-08-11 14:46:47 | INFO | fastapi_app | GET /products -> 200 (11.27 ms)
2026-08-11 14:46:47 | INFO | fastapi_app | GET /products -> 200 (6.03 ms)
2026-08-11 14:46:52 | INFO | fastapi_app | POST /products -> 201 (21.37 ms)
2026-08-11 14:46:52 | INFO | fastapi_app | GET /products -> 200 (7.65 ms)
2026-08-11 14:46:55 | INFO | fastapi_app | GET /products -> 200 (5.82 ms)
2026-08-11 14:46:56 | INFO | fastapi_app | GET /products -> 200 (7.64 ms)
2026-08-11 14:47:03 | INFO | fastapi_app | GET /products -> 200 (9.07 ms)
2026-08-11 14:47:08 | INFO | fastapi_app | GET /products -> 200 (7.50 ms)
2026-08-11 14:47:12 | INFO | fastapi_app | GET /products -> 200 (7.74 ms)
2026-08-11 14:51:55 | INFO | fastapi_app | GET /products -> 401 (2.31 ms)
2026-08-11 15:45:23 | INFO | fastapi_app | GET /products -> 401 (23.13 ms)
2026-08-11 16:00:22 | INFO | fastapi_app | GET /user/profile -> 401 (16.63 ms)
2026-08-11 16:00:22 | INFO | fastapi_app | GET /user/profile -> 401 (5.52 ms)
2026-08-13 11:07:58 | INFO | fastapi_app | Application Started
2026-08-13 11:41:38 | INFO | fastapi_app | GET / -> 200 (23.43 ms)
2026-08-13 11:41:59 | INFO | fastapi_app | GET /auth/login -> 405 (0.71 ms)
2026-08-13 11:42:04 | INFO | fastapi_app | POST /auth/login -> 422 (12.88 ms)
2026-08-13 11:44:09 | INFO | fastapi_app | GET /auth/login -> 405 (0.67 ms)
2026-08-13 11:44:16 | INFO | fastapi_app | POST /auth/login -> 422 (1.72 ms)
2026-08-13 11:44:39 | INFO | fastapi_app | POST /auth/login -> 422 (1.99 ms)
2026-08-13 11:47:10 | INFO | fastapi_app | POST /auth/login -> 200 (563.48 ms)
2026-08-13 11:48:29 | INFO | fastapi_app | GET /products -> 200 (35.38 ms)
2026-08-13 11:49:27 | INFO | fastapi_app | GET /products/3 -> 200 (17.37 ms)
2026-08-13 11:49:28 | INFO | fastapi_app | GET /products/3 -> 200 (40.45 ms)
2026-08-13 11:49:29 | INFO | fastapi_app | GET /products/3 -> 200 (23.15 ms)
2026-08-13 11:49:30 | INFO | fastapi_app | GET /products/3 -> 200 (14.22 ms)
2026-08-13 11:49:30 | INFO | fastapi_app | GET /products/3 -> 200 (11.28 ms)
2026-08-13 11:49:31 | INFO | fastapi_app | GET /products/3 -> 429 (9.87 ms)
2026-08-13 11:49:32 | INFO | fastapi_app | GET /products/3 -> 429 (7.97 ms)
2026-08-13 12:16:19 | INFO | fastapi_app | Application Started
2026-08-13 12:16:34 | INFO | fastapi_app | Application Started
2026-08-13 12:16:38 | INFO | fastapi_app | Application Started
2026-08-13 12:17:08 | INFO | fastapi_app | Application Started
2026-08-13 12:17:12 | INFO | fastapi_app | Application Started
2026-08-13 12:17:23 | INFO | fastapi_app | Application Started
2026-08-13 12:17:28 | INFO | fastapi_app | Application Started
2026-08-13 12:17:59 | INFO | fastapi_app | Application Started
2026-08-13 12:18:03 | INFO | fastapi_app | Application Started
2026-08-13 12:19:24 | INFO | fastapi_app | Application Started
2026-08-13 12:19:28 | INFO | fastapi_app | Application Started
2026-08-13 12:19:43 | INFO | fastapi_app | Application Started
2026-08-13 12:20:40 | INFO | fastapi_app | Application Started
2026-08-13 12:20:46 | INFO | fastapi_app | Application Started
2026-08-13 12:20:51 | INFO | fastapi_app | Application Started
2026-08-13 12:20:56 | INFO | fastapi_app | Application Started
2026-08-13 12:21:01 | INFO | fastapi_app | Application Started
2026-08-13 12:21:07 | INFO | fastapi_app | Application Started
2026-08-13 12:21:11 | INFO | fastapi_app | Application Started
2026-08-13 12:22:05 | INFO | fastapi_app | Application Started
2026-08-13 12:24:31 | INFO | fastapi_app | Application Started
2026-08-13 12:24:40 | INFO | fastapi_app | Application Started
2026-08-13 12:24:50 | INFO | fastapi_app | Application Started
2026-08-13 12:24:57 | INFO | fastapi_app | Application Started
2026-08-13 12:25:04 | INFO | fastapi_app | Application Started
2026-08-13 12:25:14 | INFO | fastapi_app | Application Started
2026-08-13 12:25:20 | INFO | fastapi_app | Application Started
2026-08-13 12:25:29 | INFO | fastapi_app | Application Started
2026-08-13 12:25:40 | INFO | fastapi_app | Application Started
2026-08-13 12:25:50 | INFO | fastapi_app | Application Started
2026-08-13 12:25:56 | INFO | fastapi_app | Application Started
2026-08-13 12:26:06 | INFO | fastapi_app | Application Started
2026-08-13 12:26:18 | INFO | fastapi_app | Application Started
2026-08-13 12:26:56 | INFO | fastapi_app | Application Started
2026-08-13 12:27:07 | INFO | fastapi_app | Application Started
2026-08-13 12:27:08 | INFO | fastapi_app | POST /auth/register -> 201 (423.97 ms)
2026-08-13 12:27:08 | INFO | fastapi_app | POST /auth/register -> 201 (424.78 ms)
2026-08-13 12:27:08 | INFO | fastapi_app | POST /auth/register -> 409 (3.30 ms)
2026-08-13 12:27:09 | INFO | fastapi_app | POST /auth/register -> 201 (386.23 ms)
2026-08-13 12:27:09 | INFO | fastapi_app | POST /auth/register -> 409 (6.21 ms)
2026-08-13 12:27:09 | INFO | fastapi_app | POST /auth/register -> 201 (400.23 ms)
2026-08-13 12:27:09 | INFO | fastapi_app | POST /auth/login -> 200 (418.55 ms)
2026-08-13 12:27:10 | INFO | fastapi_app | POST /auth/register -> 201 (375.68 ms)
2026-08-13 12:27:10 | INFO | fastapi_app | POST /auth/login -> 401 (420.15 ms)
2026-08-13 12:27:10 | INFO | fastapi_app | GET /user/profile -> 401 (6.53 ms)
2026-08-13 12:27:11 | INFO | fastapi_app | POST /auth/register -> 201 (441.44 ms)
2026-08-13 12:27:11 | INFO | fastapi_app | POST /auth/login -> 200 (341.59 ms)
2026-08-13 12:27:11 | INFO | fastapi_app | GET /user/profile -> 200 (4.70 ms)
2026-08-13 12:27:11 | INFO | fastapi_app | POST /auth/register -> 201 (313.63 ms)
2026-08-13 12:27:12 | INFO | fastapi_app | POST /auth/login -> 200 (310.19 ms)
2026-08-13 12:27:12 | INFO | fastapi_app | GET /user/dashboard -> 200 (3.35 ms)
2026-08-13 12:27:12 | INFO | fastapi_app | POST /auth/register -> 201 (328.52 ms)
2026-08-13 12:27:12 | INFO | fastapi_app | POST /auth/login -> 200 (302.57 ms)
2026-08-13 12:27:12 | INFO | fastapi_app | PUT /user/update -> 200 (16.92 ms)
2026-08-13 12:27:13 | INFO | fastapi_app | POST /auth/register -> 201 (348.26 ms)
2026-08-13 12:27:13 | INFO | fastapi_app | POST /auth/login -> 200 (320.27 ms)
2026-08-13 12:27:13 | INFO | fastapi_app | GET /admin/users -> 403 (7.97 ms)
2026-08-13 12:27:14 | INFO | fastapi_app | POST /auth/register -> 201 (361.82 ms)
2026-08-13 12:27:14 | INFO | fastapi_app | POST /auth/login -> 200 (305.73 ms)
2026-08-13 12:27:14 | INFO | fastapi_app | POST /products -> 201 (26.16 ms)
2026-08-13 12:27:14 | INFO | fastapi_app | GET /products -> 200 (10.54 ms)
2026-08-13 12:27:14 | INFO | fastapi_app | GET /products/1 -> 200 (7.38 ms)
2026-08-13 12:27:14 | INFO | fastapi_app | PUT /products/1 -> 200 (15.71 ms)
2026-08-13 12:27:14 | INFO | fastapi_app | DELETE /products/1 -> 200 (14.19 ms)
2026-08-13 12:27:14 | INFO | fastapi_app | GET /products/1 -> 404 (4.64 ms)
2026-08-13 12:27:14 | INFO | fastapi_app | POST /auth/register -> 201 (330.70 ms)
2026-08-13 12:27:15 | INFO | fastapi_app | POST /auth/login -> 200 (312.61 ms)
2026-08-13 12:27:15 | INFO | fastapi_app | POST /auth/register -> 201 (339.44 ms)
2026-08-13 12:27:15 | INFO | fastapi_app | POST /auth/login -> 200 (382.74 ms)
2026-08-13 12:27:15 | INFO | fastapi_app | POST /products -> 201 (14.74 ms)
2026-08-13 12:27:15 | INFO | fastapi_app | PUT /products/1 -> 403 (8.50 ms)
2026-08-13 12:27:16 | INFO | fastapi_app | POST /auth/register -> 201 (360.78 ms)
2026-08-13 12:27:16 | INFO | fastapi_app | POST /auth/login -> 200 (357.51 ms)
2026-08-13 12:27:16 | INFO | fastapi_app | POST /products -> 201 (13.50 ms)
2026-08-13 12:27:17 | INFO | fastapi_app | POST /auth/login -> 200 (415.62 ms)
2026-08-13 12:27:17 | INFO | fastapi_app | GET /admin/users -> 200 (6.75 ms)
2026-08-13 12:27:17 | INFO | fastapi_app | GET /admin/users/1 -> 200 (11.18 ms)
2026-08-13 12:27:17 | INFO | fastapi_app | GET /admin/users/1 -> 401 (0.98 ms)
2026-08-13 12:27:37 | INFO | fastapi_app | Application Started
2026-08-13 12:27:37 | INFO | fastapi_app | POST /auth/register -> 201 (422.83 ms)
2026-08-13 12:27:38 | INFO | fastapi_app | POST /auth/register -> 201 (411.27 ms)
2026-08-13 12:27:38 | INFO | fastapi_app | POST /auth/login -> 200 (345.24 ms)
2026-08-13 12:27:38 | INFO | fastapi_app | POST /products -> 201 (40.73 ms)
2026-08-13 12:27:38 | INFO | fastapi_app | POST /products -> 201 (15.37 ms)
2026-08-13 12:27:38 | INFO | fastapi_app | POST /auth/login -> 200 (334.78 ms)
2026-08-13 12:27:38 | INFO | fastapi_app | POST /products/1/favorite -> 200 (19.82 ms)
2026-08-13 12:27:38 | INFO | fastapi_app | POST /products/1/favorite -> 200 (8.17 ms)
2026-08-13 12:27:38 | INFO | fastapi_app | POST /products/2/favorite -> 200 (16.27 ms)
2026-08-13 12:27:38 | INFO | fastapi_app | POST /products/1/favorite -> 200 (18.03 ms)
2026-08-13 12:27:38 | INFO | fastapi_app | GET /products/favorites -> 200 (16.21 ms)
2026-08-13 12:27:38 | INFO | fastapi_app | GET /products -> 200 (12.08 ms)
2026-08-13 12:27:38 | INFO | fastapi_app | GET /products/2 -> 200 (10.55 ms)
2026-08-13 12:27:38 | INFO | fastapi_app | DELETE /products/1/favorite -> 200 (22.99 ms)
2026-08-13 12:27:38 | INFO | fastapi_app | GET /products/favorites -> 200 (9.29 ms)
2026-08-13 12:27:38 | INFO | fastapi_app | GET /products/1 -> 200 (11.24 ms)
2026-08-13 12:27:39 | INFO | fastapi_app | GET /products/1 -> 200 (10.73 ms)
2026-08-13 12:27:39 | INFO | fastapi_app | GET /products/1 -> 200 (12.26 ms)
2026-08-13 12:27:39 | INFO | fastapi_app | GET /products/1 -> 200 (6.51 ms)
2026-08-13 12:27:39 | INFO | fastapi_app | GET /products/1 -> 200 (9.02 ms)
2026-08-13 12:27:39 | INFO | fastapi_app | GET /products/1 -> 429 (3.75 ms)
2026-08-13 12:30:22 | INFO | fastapi_app | Application Started
2026-08-13 12:30:22 | INFO | fastapi_app | POST /auth/register -> 201 (379.00 ms)
2026-08-13 12:30:23 | INFO | fastapi_app | POST /auth/register -> 201 (612.71 ms)
2026-08-13 12:30:23 | INFO | fastapi_app | POST /auth/register -> 409 (6.32 ms)
2026-08-13 12:30:24 | INFO | fastapi_app | POST /auth/register -> 201 (544.54 ms)
2026-08-13 12:30:24 | INFO | fastapi_app | POST /auth/register -> 409 (5.77 ms)
2026-08-13 12:30:24 | INFO | fastapi_app | POST /auth/register -> 201 (629.54 ms)
2026-08-13 12:30:25 | INFO | fastapi_app | POST /auth/login -> 200 (546.63 ms)
2026-08-13 12:30:26 | INFO | fastapi_app | POST /auth/register -> 201 (668.73 ms)
2026-08-13 12:30:26 | INFO | fastapi_app | POST /auth/login -> 401 (495.90 ms)
2026-08-13 12:30:26 | INFO | fastapi_app | GET /user/profile -> 401 (7.44 ms)
2026-08-13 12:30:27 | INFO | fastapi_app | POST /auth/register -> 201 (590.25 ms)
2026-08-13 12:30:27 | INFO | fastapi_app | POST /auth/login -> 200 (546.48 ms)
2026-08-13 12:30:27 | INFO | fastapi_app | GET /user/profile -> 200 (6.34 ms)
2026-08-13 12:30:28 | INFO | fastapi_app | POST /auth/register -> 201 (543.21 ms)
2026-08-13 12:30:28 | INFO | fastapi_app | POST /auth/login -> 200 (569.24 ms)
2026-08-13 12:30:28 | INFO | fastapi_app | GET /user/dashboard -> 200 (5.74 ms)
2026-08-13 12:30:29 | INFO | fastapi_app | POST /auth/register -> 201 (695.19 ms)
2026-08-13 12:30:30 | INFO | fastapi_app | POST /auth/login -> 200 (586.08 ms)
2026-08-13 12:30:30 | INFO | fastapi_app | PUT /user/update -> 200 (30.24 ms)
2026-08-13 12:30:30 | INFO | fastapi_app | POST /auth/register -> 201 (615.78 ms)
2026-08-13 12:30:31 | INFO | fastapi_app | POST /auth/login -> 200 (585.38 ms)
2026-08-13 12:30:31 | INFO | fastapi_app | GET /admin/users -> 403 (11.69 ms)
2026-08-13 12:30:32 | INFO | fastapi_app | POST /auth/register -> 201 (585.78 ms)
2026-08-13 12:30:32 | INFO | fastapi_app | POST /auth/login -> 200 (452.20 ms)
2026-08-13 12:30:32 | INFO | fastapi_app | POST /products -> 201 (52.04 ms)
2026-08-13 12:30:32 | INFO | fastapi_app | GET /products -> 200 (32.20 ms)
2026-08-13 12:30:32 | INFO | fastapi_app | GET /products/1 -> 200 (13.81 ms)
2026-08-13 12:30:32 | INFO | fastapi_app | PUT /products/1 -> 200 (30.68 ms)
2026-08-13 12:30:32 | INFO | fastapi_app | DELETE /products/1 -> 200 (25.82 ms)
2026-08-13 12:30:32 | INFO | fastapi_app | GET /products/1 -> 404 (7.55 ms)
2026-08-13 12:30:33 | INFO | fastapi_app | POST /auth/register -> 201 (493.58 ms)
2026-08-13 12:30:33 | INFO | fastapi_app | POST /auth/login -> 200 (517.63 ms)
2026-08-13 12:30:34 | INFO | fastapi_app | POST /auth/register -> 201 (500.89 ms)
2026-08-13 12:30:34 | INFO | fastapi_app | POST /auth/login -> 200 (558.45 ms)
2026-08-13 12:30:34 | INFO | fastapi_app | POST /products -> 201 (24.04 ms)
2026-08-13 12:30:34 | INFO | fastapi_app | PUT /products/1 -> 403 (14.38 ms)
2026-08-13 12:30:35 | INFO | fastapi_app | POST /auth/register -> 201 (464.51 ms)
2026-08-13 12:30:35 | INFO | fastapi_app | POST /auth/login -> 200 (515.90 ms)
2026-08-13 12:30:35 | INFO | fastapi_app | POST /products -> 201 (20.24 ms)
2026-08-13 12:30:36 | INFO | fastapi_app | POST /auth/login -> 200 (499.28 ms)
2026-08-13 12:30:36 | INFO | fastapi_app | GET /admin/users -> 200 (12.53 ms)
2026-08-13 12:30:36 | INFO | fastapi_app | GET /admin/users/1 -> 200 (19.33 ms)
2026-08-13 12:30:36 | INFO | fastapi_app | GET /admin/users/1 -> 401 (2.04 ms)
2026-08-13 12:31:17 | INFO | fastapi_app | Application Started
2026-08-13 12:31:30 | INFO | fastapi_app | POST /auth/login -> 200 (427.07 ms)
2026-08-13 12:31:30 | INFO | fastapi_app | GET /user/profile -> 200 (25.09 ms)
2026-08-13 12:31:30 | INFO | fastapi_app | GET /user/dashboard -> 200 (4.43 ms)
2026-08-13 12:31:30 | INFO | fastapi_app | GET /user/dashboard -> 200 (5.96 ms)
2026-08-13 12:31:36 | INFO | fastapi_app | GET /products -> 200 (39.46 ms)
2026-08-13 12:31:36 | INFO | fastapi_app | GET /products -> 200 (11.47 ms)
2026-08-13 12:31:43 | INFO | fastapi_app | POST /products/2/favorite -> 200 (21.25 ms)
2026-08-13 12:31:43 | INFO | fastapi_app | GET /products -> 200 (7.21 ms)
2026-08-13 12:31:47 | INFO | fastapi_app | GET /products/favorites -> 200 (14.04 ms)
2026-08-13 12:31:51 | INFO | fastapi_app | DELETE /products/2/favorite -> 200 (16.76 ms)
2026-08-13 12:31:51 | INFO | fastapi_app | GET /products/favorites -> 200 (6.05 ms)
2026-08-13 12:31:52 | INFO | fastapi_app | GET /products -> 200 (8.17 ms)
2026-08-13 12:32:04 | INFO | fastapi_app | GET /products -> 200 (8.10 ms)
2026-08-13 12:32:04 | INFO | fastapi_app | GET /products -> 200 (9.95 ms)
2026-08-13 12:32:05 | INFO | fastapi_app | GET /user/dashboard -> 200 (5.16 ms)
2026-08-13 12:32:05 | INFO | fastapi_app | GET /user/dashboard -> 200 (5.70 ms)
2026-08-13 12:50:33 | INFO | fastapi_app | POST /auth/register -> 409 (9.51 ms)
2026-08-13 12:51:17 | INFO | fastapi_app | POST /auth/register -> 409 (8.95 ms)
2026-08-13 12:51:18 | INFO | fastapi_app | POST /auth/register -> 409 (7.25 ms)
2026-08-13 12:51:19 | INFO | fastapi_app | POST /auth/register -> 409 (6.46 ms)
2026-08-13 12:51:19 | INFO | fastapi_app | POST /auth/register -> 409 (5.20 ms)
2026-08-13 12:51:19 | INFO | fastapi_app | POST /auth/register -> 409 (5.81 ms)
2026-08-13 12:51:19 | INFO | fastapi_app | POST /auth/register -> 409 (5.48 ms)
2026-08-13 12:51:20 | INFO | fastapi_app | POST /auth/register -> 409 (8.39 ms)
2026-08-13 12:51:20 | INFO | fastapi_app | POST /auth/register -> 409 (6.09 ms)
2026-08-13 12:51:20 | INFO | fastapi_app | POST /auth/register -> 409 (8.77 ms)
2026-08-13 12:51:20 | INFO | fastapi_app | POST /auth/register -> 409 (7.82 ms)
2026-08-13 12:51:20 | INFO | fastapi_app | POST /auth/register -> 409 (11.11 ms)
2026-08-13 12:51:20 | INFO | fastapi_app | POST /auth/register -> 409 (6.07 ms)
2026-08-13 12:51:21 | INFO | fastapi_app | POST /auth/register -> 409 (5.32 ms)
2026-08-13 12:51:21 | INFO | fastapi_app | POST /auth/register -> 409 (8.62 ms)
2026-08-13 12:51:21 | INFO | fastapi_app | POST /auth/register -> 409 (6.87 ms)
2026-08-13 12:51:21 | INFO | fastapi_app | POST /auth/register -> 409 (5.43 ms)
2026-08-13 12:51:22 | INFO | fastapi_app | POST /auth/register -> 409 (4.63 ms)
2026-08-13 12:51:22 | INFO | fastapi_app | POST /auth/register -> 409 (7.12 ms)
2026-08-13 12:51:22 | INFO | fastapi_app | POST /auth/register -> 409 (25.60 ms)
2026-08-13 12:51:22 | INFO | fastapi_app | POST /auth/register -> 409 (6.18 ms)
2026-08-13 12:51:23 | INFO | fastapi_app | POST /auth/register -> 409 (7.49 ms)
2026-08-13 12:51:23 | INFO | fastapi_app | POST /auth/register -> 409 (5.06 ms)
2026-08-13 12:51:24 | INFO | fastapi_app | POST /auth/register -> 409 (3.92 ms)
2026-08-13 12:51:24 | INFO | fastapi_app | POST /auth/register -> 409 (6.43 ms)
2026-08-13 12:51:24 | INFO | fastapi_app | POST /auth/register -> 409 (9.31 ms)
2026-08-13 12:51:24 | INFO | fastapi_app | POST /auth/register -> 409 (4.88 ms)
2026-08-13 12:51:24 | INFO | fastapi_app | POST /auth/register -> 409 (6.07 ms)
2026-08-13 12:51:25 | INFO | fastapi_app | POST /auth/register -> 409 (7.84 ms)
2026-08-13 14:31:40 | INFO | fastapi_app | GET /products/3 -> 401 (61.63 ms)
2026-08-13 14:31:41 | INFO | fastapi_app | GET /products/3 -> 401 (4.19 ms)
2026-08-13 14:31:41 | INFO | fastapi_app | GET /products/3 -> 401 (3.18 ms)
2026-08-13 14:31:47 | INFO | fastapi_app | POST /auth/login -> 200 (426.63 ms)
2026-08-13 14:31:58 | INFO | fastapi_app | GET /products/3 -> 200 (33.26 ms)
2026-08-13 14:32:00 | INFO | fastapi_app | GET /products/3 -> 200 (8.67 ms)
2026-08-13 14:32:01 | INFO | fastapi_app | GET /products/3 -> 200 (11.02 ms)
2026-08-13 14:32:02 | INFO | fastapi_app | GET /products/3 -> 200 (10.88 ms)
2026-08-13 14:32:03 | INFO | fastapi_app | GET /products/3 -> 200 (6.51 ms)
2026-08-13 14:32:03 | INFO | fastapi_app | GET /products/3 -> 429 (5.07 ms)
2026-08-13 14:34:13 | INFO | fastapi_app | POST /auth/login -> 200 (348.87 ms)
2026-08-13 14:34:13 | INFO | fastapi_app | GET /user/profile -> 200 (376.71 ms)
2026-08-13 14:34:13 | INFO | fastapi_app | GET /user/dashboard -> 200 (6.09 ms)
2026-08-13 14:34:13 | INFO | fastapi_app | GET /user/dashboard -> 200 (6.23 ms)
2026-08-13 14:34:27 | INFO | fastapi_app | GET /products -> 200 (29.17 ms)
2026-08-13 14:34:27 | INFO | fastapi_app | GET /products -> 200 (6.92 ms)
2026-08-13 14:34:35 | INFO | fastapi_app | GET /products -> 200 (6.91 ms)
2026-08-13 14:34:37 | INFO | fastapi_app | GET /products -> 200 (7.68 ms)
2026-08-13 14:34:45 | INFO | fastapi_app | POST /products/4/favorite -> 200 (33.99 ms)
2026-08-13 14:34:45 | INFO | fastapi_app | GET /products -> 200 (7.09 ms)
2026-08-13 14:34:53 | INFO | fastapi_app | GET /user/dashboard -> 200 (4.85 ms)
2026-08-13 14:34:53 | INFO | fastapi_app | GET /user/dashboard -> 200 (2.87 ms)
2026-08-13 14:34:56 | INFO | fastapi_app | GET /products -> 200 (11.02 ms)
2026-08-13 14:34:56 | INFO | fastapi_app | GET /products -> 200 (9.32 ms)
2026-08-13 14:35:18 | INFO | fastapi_app | GET /products -> 200 (11.41 ms)
2026-08-13 14:35:18 | INFO | fastapi_app | GET /products -> 200 (8.21 ms)
2026-08-13 14:35:18 | INFO | fastapi_app | GET /user/dashboard -> 200 (4.38 ms)
2026-08-13 14:35:18 | INFO | fastapi_app | GET /user/dashboard -> 200 (3.51 ms)
2026-08-13 14:35:43 | INFO | fastapi_app | GET /products -> 200 (12.11 ms)
2026-08-13 14:35:43 | INFO | fastapi_app | GET /products -> 200 (7.55 ms)
2026-08-13 14:36:12 | INFO | fastapi_app | GET /products -> 200 (8.70 ms)
2026-08-13 14:36:14 | INFO | fastapi_app | GET /products -> 200 (7.63 ms)
2026-08-13 14:36:21 | INFO | fastapi_app | GET /products -> 200 (11.68 ms)
2026-08-13 14:36:25 | INFO | fastapi_app | GET /user/dashboard -> 200 (5.15 ms)
2026-08-13 14:36:25 | INFO | fastapi_app | GET /user/dashboard -> 200 (6.52 ms)
2026-08-13 14:36:35 | INFO | fastapi_app | POST /user/forgot -> 422 (40.45 ms)
2026-08-13 14:42:54 | INFO | fastapi_app | Application Started
2026-08-13 14:42:58 | INFO | fastapi_app | Application Started
2026-08-13 14:43:02 | INFO | fastapi_app | Application Started
2026-08-13 14:44:00 | INFO | fastapi_app | Application Started
2026-08-13 14:44:06 | INFO | fastapi_app | Application Started
2026-08-13 14:44:09 | INFO | fastapi_app | Application Started
2026-08-13 14:45:02 | INFO | fastapi_app | Application Started
2026-08-13 14:45:05 | INFO | fastapi_app | Application Started
2026-08-13 14:45:10 | INFO | fastapi_app | Application Started
2026-08-13 14:45:14 | INFO | fastapi_app | Application Started
2026-08-13 14:45:18 | INFO | fastapi_app | Application Started
2026-08-13 14:45:30 | INFO | fastapi_app | Application Started
2026-08-13 14:45:40 | INFO | fastapi_app | Application Started
2026-08-13 14:46:10 | INFO | fastapi_app | Application Started
2026-08-13 14:46:22 | INFO | fastapi_app | Application Started
2026-08-13 14:46:26 | INFO | fastapi_app | Application Started
2026-08-13 14:46:32 | INFO | fastapi_app | Application Started
2026-08-13 14:46:45 | INFO | fastapi_app | Application Started
2026-08-13 14:46:48 | INFO | fastapi_app | Application Started
2026-08-13 14:46:58 | INFO | fastapi_app | Application Started
2026-08-13 14:47:05 | INFO | fastapi_app | Application Started
2026-08-13 14:47:08 | INFO | fastapi_app | Application Started
2026-08-13 14:47:55 | INFO | fastapi_app | Application Started
2026-08-13 14:47:58 | INFO | fastapi_app | Application Started
2026-08-13 14:48:03 | INFO | fastapi_app | Application Started
2026-08-13 14:48:08 | INFO | fastapi_app | Application Started
2026-08-13 14:48:36 | INFO | fastapi_app | Application Started
2026-08-13 14:48:46 | INFO | fastapi_app | Application Started
2026-08-13 14:49:08 | INFO | fastapi_app | Application Started
2026-08-13 14:49:16 | INFO | fastapi_app | Application Started
2026-08-13 14:51:37 | INFO | fastapi_app | Application Started
2026-08-13 14:51:40 | INFO | fastapi_app | Application Started
2026-08-13 14:51:44 | INFO | fastapi_app | Application Started
2026-08-13 14:51:48 | INFO | fastapi_app | Application Started
2026-08-13 14:51:59 | INFO | fastapi_app | Application Started
2026-08-13 14:52:43 | INFO | fastapi_app | Application Started
2026-08-13 14:52:53 | INFO | fastapi_app | Application Started
2026-08-13 14:52:57 | INFO | fastapi_app | Application Started
2026-08-13 14:55:06 | INFO | fastapi_app | Application Started
2026-08-13 14:56:48 | INFO | fastapi_app | Application Started
2026-08-13 14:56:54 | INFO | fastapi_app | Application Started
2026-08-13 14:56:58 | INFO | fastapi_app | Application Started
2026-08-13 14:57:02 | INFO | fastapi_app | Application Started
2026-08-13 14:57:08 | INFO | fastapi_app | Application Started
2026-08-13 14:57:17 | INFO | fastapi_app | Application Started
2026-08-13 14:57:20 | INFO | fastapi_app | Application Started
2026-08-13 14:57:24 | INFO | fastapi_app | Application Started
2026-08-13 14:57:29 | INFO | fastapi_app | Application Started
2026-08-13 14:57:36 | INFO | fastapi_app | Application Started
2026-08-13 14:59:21 | INFO | fastapi_app | Application Started
2026-08-13 14:59:28 | INFO | fastapi_app | Application Started
2026-08-13 14:59:32 | INFO | fastapi_app | Application Started
2026-08-13 15:00:00 | INFO | fastapi_app | Application Started
2026-08-13 15:00:22 | INFO | fastapi_app | Application Started
2026-08-13 15:00:27 | INFO | fastapi_app | Application Started
2026-08-13 15:00:43 | INFO | fastapi_app | Application Started
2026-08-13 15:00:55 | INFO | fastapi_app | Application Started
2026-08-13 15:01:02 | INFO | fastapi_app | Application Started
2026-08-13 15:01:05 | INFO | fastapi_app | Application Started
2026-08-13 15:01:08 | INFO | fastapi_app | Application Started
2026-08-13 15:01:11 | INFO | fastapi_app | Application Started
2026-08-13 15:01:50 | INFO | fastapi_app | Application Started
2026-08-13 15:02:02 | INFO | fastapi_app | Application Started
2026-08-13 15:02:07 | INFO | fastapi_app | Application Started
2026-08-13 15:02:10 | INFO | fastapi_app | Application Started
2026-08-13 15:02:18 | INFO | fastapi_app | Application Started
2026-08-13 15:02:24 | INFO | fastapi_app | Application Started
2026-08-13 15:02:35 | INFO | fastapi_app | Application Started
2026-08-13 15:02:39 | INFO | fastapi_app | Application Started
2026-08-13 15:02:48 | INFO | fastapi_app | Application Started
2026-08-13 15:02:52 | INFO | fastapi_app | Application Started
2026-08-13 15:02:55 | INFO | fastapi_app | Application Started
2026-08-13 15:02:59 | INFO | fastapi_app | Application Started
2026-08-13 15:03:13 | INFO | fastapi_app | Application Started
2026-08-13 15:03:21 | INFO | fastapi_app | Application Started
2026-08-13 15:03:25 | INFO | fastapi_app | Application Started
2026-08-13 15:03:39 | INFO | fastapi_app | Application Started
2026-08-13 15:03:44 | INFO | fastapi_app | Application Started
2026-08-13 15:04:42 | INFO | fastapi_app | Application Started
2026-08-13 15:04:47 | INFO | fastapi_app | Application Started
2026-08-13 15:04:51 | INFO | fastapi_app | Application Started
2026-08-13 15:06:46 | INFO | fastapi_app | Application Started
2026-08-13 16:36:35 | INFO | fastapi_app | Application Started
2026-08-13 16:36:35 | INFO | fastapi_app | GET /user/profile -> 401 (77.16 ms)
2026-08-13 16:36:35 | INFO | fastapi_app | GET /products/3 -> 401 (85.23 ms)
2026-08-13 16:36:42 | INFO | fastapi_app | Application Started
2026-08-13 16:36:49 | INFO | fastapi_app | Application Started
2026-08-13 16:37:07 | INFO | fastapi_app | Application Started
2026-08-13 16:37:31 | INFO | fastapi_app | Application Started
2026-08-13 16:37:38 | INFO | fastapi_app | Application Started
2026-08-13 16:37:46 | INFO | fastapi_app | Application Started
2026-08-13 16:37:54 | INFO | fastapi_app | Application Started
2026-08-13 16:38:00 | INFO | fastapi_app | Application Started
2026-08-13 16:38:06 | INFO | fastapi_app | Application Started
2026-08-13 16:38:12 | INFO | fastapi_app | Application Started
2026-08-13 16:38:23 | INFO | fastapi_app | Application Started
2026-08-13 16:38:31 | INFO | fastapi_app | Application Started
2026-08-13 16:38:31 | INFO | fastapi_app | POST /auth/register -> 201 (400.28 ms)
2026-08-13 16:38:31 | INFO | fastapi_app | POST /auth/login -> 200 (311.43 ms)
2026-08-13 16:38:31 | INFO | fastapi_app | POST /products -> 201 (29.47 ms)
2026-08-13 16:38:31 | ERROR | fastapi_app | Unhandled error: 'product_id' is an invalid keyword argument for Orders
Traceback (most recent call last):
  File "C:\Users\swaraj.gujar\Documents\FastAPI All\venv\Lib\site-packages\starlette\middleware\errors.py", line 164, in __call__
    await self.app(scope, receive, _send)
  File "C:\Users\swaraj.gujar\Documents\FastAPI All\venv\Lib\site-packages\starlette\middleware\base.py", line 193, in __call__
    response = await self.dispatch_func(request, call_next)
               ^^^^^^^^^^^^^^^^^^^^^^^^^^^^^^^^^^^^^^^^^^^^
  File "C:\Users\swaraj.gujar\Documents\FastAPI All\app\middleware\request_logging.py", line 13, in dispatch
    response = await call_next(request)
               ^^^^^^^^^^^^^^^^^^^^^^^^
  File "C:\Users\swaraj.gujar\Documents\FastAPI All\venv\Lib\site-packages\starlette\middleware\base.py", line 168, in call_next
    raise app_exc from app_exc.__cause__ or app_exc.__context__
  File "C:\Users\swaraj.gujar\Documents\FastAPI All\venv\Lib\site-packages\starlette\middleware\base.py", line 144, in coro
    await self.app(scope, receive_or_disconnect, send_no_error)
  File "C:\Users\swaraj.gujar\Documents\FastAPI All\venv\Lib\site-packages\starlette\middleware\exceptions.py", line 63, in __call__
    await wrap_app_handling_exceptions(self.app, conn)(scope, receive, send)
  File "C:\Users\swaraj.gujar\Documents\FastAPI All\venv\Lib\site-packages\starlette\_exception_handler.py", line 53, in wrapped_app
    raise exc
  File "C:\Users\swaraj.gujar\Documents\FastAPI All\venv\Lib\site-packages\starlette\_exception_handler.py", line 42, in wrapped_app
    await app(scope, receive, sender)
  File "C:\Users\swaraj.gujar\Documents\FastAPI All\venv\Lib\site-packages\fastapi\middleware\asyncexitstack.py", line 18, in __call__
    await self.app(scope, receive, send)
  File "C:\Users\swaraj.gujar\Documents\FastAPI All\venv\Lib\site-packages\starlette\routing.py", line 660, in __call__
    await self.middleware_stack(scope, receive, send)
  File "C:\Users\swaraj.gujar\Documents\FastAPI All\venv\Lib\site-packages\fastapi\routing.py", line 2734, in app
    await route.handle(scope, receive, send)
  File "C:\Users\swaraj.gujar\Documents\FastAPI All\venv\Lib\site-packages\fastapi\routing.py", line 1780, in handle
    await self.original_router.handle(scope, receive, send)
  File "C:\Users\swaraj.gujar\Documents\FastAPI All\venv\Lib\site-packages\fastapi\routing.py", line 2789, in handle
    await included_router._handle_selected(scope, receive, send)
  File "C:\Users\swaraj.gujar\Documents\FastAPI All\venv\Lib\site-packages\fastapi\routing.py", line 1791, in _handle_selected
    await route.handle(scope, receive, send)
  File "C:\Users\swaraj.gujar\Documents\FastAPI All\venv\Lib\site-packages\fastapi\routing.py", line 1780, in handle
    await self.original_router.handle(scope, receive, send)
  File "C:\Users\swaraj.gujar\Documents\FastAPI All\venv\Lib\site-packages\fastapi\routing.py", line 2789, in handle
    await included_router._handle_selected(scope, receive, send)
  File "C:\Users\swaraj.gujar\Documents\FastAPI All\venv\Lib\site-packages\fastapi\routing.py", line 1800, in _handle_selected
    await original_route.handle(scope, receive, send)
  File "C:\Users\swaraj.gujar\Documents\FastAPI All\venv\Lib\site-packages\fastapi\routing.py", line 1279, in handle
    await app(scope, receive, send)
  File "C:\Users\swaraj.gujar\Documents\FastAPI All\venv\Lib\site-packages\fastapi\routing.py", line 158, in app
    await wrap_app_handling_exceptions(app, request)(scope, receive, send)
  File "C:\Users\swaraj.gujar\Documents\FastAPI All\venv\Lib\site-packages\starlette\_exception_handler.py", line 53, in wrapped_app
    raise exc
  File "C:\Users\swaraj.gujar\Documents\FastAPI All\venv\Lib\site-packages\starlette\_exception_handler.py", line 42, in wrapped_app
    await app(scope, receive, sender)
  File "C:\Users\swaraj.gujar\Documents\FastAPI All\venv\Lib\site-packages\fastapi\routing.py", line 144, in app
    response = await f(request)
               ^^^^^^^^^^^^^^^^
  File "C:\Users\swaraj.gujar\Documents\FastAPI All\venv\Lib\site-packages\fastapi\routing.py", line 706, in app
    raw_response = await run_endpoint_function(
                   ^^^^^^^^^^^^^^^^^^^^^^^^^^^^
    ...<3 lines>...
    )
    ^
  File "C:\Users\swaraj.gujar\Documents\FastAPI All\venv\Lib\site-packages\fastapi\routing.py", line 354, in run_endpoint_function
    return await run_in_threadpool(dependant.call, **values)
           ^^^^^^^^^^^^^^^^^^^^^^^^^^^^^^^^^^^^^^^^^^^^^^^^^
  File "C:\Users\swaraj.gujar\Documents\FastAPI All\venv\Lib\site-packages\starlette\concurrency.py", line 34, in run_in_threadpool
    return await anyio.to_thread.run_sync(func)
           ^^^^^^^^^^^^^^^^^^^^^^^^^^^^^^^^^^^^
  File "C:\Users\swaraj.gujar\Documents\FastAPI All\venv\Lib\site-packages\anyio\to_thread.py", line 65, in run_sync
    return await get_async_backend().run_sync_in_worker_thread(
           ^^^^^^^^^^^^^^^^^^^^^^^^^^^^^^^^^^^^^^^^^^^^^^^^^^^^
        func, args, abandon_on_cancel=abandon_on_cancel, limiter=limiter
        ^^^^^^^^^^^^^^^^^^^^^^^^^^^^^^^^^^^^^^^^^^^^^^^^^^^^^^^^^^^^^^^^
    )
    ^
  File "C:\Users\swaraj.gujar\Documents\FastAPI All\venv\Lib\site-packages\anyio\_backends\_asyncio.py", line 2641, in run_sync_in_worker_thread
    return await future
           ^^^^^^^^^^^^
  File "C:\Users\swaraj.gujar\Documents\FastAPI All\venv\Lib\site-packages\anyio\_backends\_asyncio.py", line 1033, in run
    result = context.run(func, *args)
  File "C:\Users\swaraj.gujar\Documents\FastAPI All\app\api\v1\orders.py", line 26, in add_order
    return order_service.create_order(request, db, current_user)
           ~~~~~~~~~~~~~~~~~~~~~~~~~~^^^^^^^^^^^^^^^^^^^^^^^^^^^
  File "C:\Users\swaraj.gujar\Documents\FastAPI All\app\services\order_service.py", line 20, in create_order
    orders = Orders(
        product_id=product.id,
        user_id=current_user.id,
        quantity=data.quantity
    )
  File "<string>", line 4, in __init__
  File "C:\Users\swaraj.gujar\Documents\FastAPI All\venv\Lib\site-packages\sqlalchemy\orm\state.py", line 596, in _initialize_instance
    with util.safe_reraise():
         ~~~~~~~~~~~~~~~~~^^
  File "C:\Users\swaraj.gujar\Documents\FastAPI All\venv\Lib\site-packages\sqlalchemy\util\langhelpers.py", line 122, in __exit__
    raise exc_value.with_traceback(exc_tb)
  File "C:\Users\swaraj.gujar\Documents\FastAPI All\venv\Lib\site-packages\sqlalchemy\orm\state.py", line 594, in _initialize_instance
    manager.original_init(*mixed[1:], **kwargs)
    ~~~~~~~~~~~~~~~~~~~~~^^^^^^^^^^^^^^^^^^^^^^
  File "C:\Users\swaraj.gujar\Documents\FastAPI All\venv\Lib\site-packages\sqlalchemy\orm\decl_base.py", line 2179, in _declarative_constructor
    raise TypeError(
        "%r is an invalid keyword argument for %s" % (k, cls_.__name__)
    )
TypeError: 'product_id' is an invalid keyword argument for Orders
2026-08-13 16:38:42 | INFO | fastapi_app | Application Started
2026-08-13 16:38:46 | INFO | fastapi_app | Application Started
2026-08-13 16:38:46 | INFO | fastapi_app | POST /auth/register -> 201 (488.20 ms)
2026-08-13 16:38:47 | INFO | fastapi_app | POST /auth/login -> 200 (372.22 ms)
2026-08-13 16:38:47 | INFO | fastapi_app | POST /products -> 201 (34.70 ms)
2026-08-13 16:38:47 | INFO | fastapi_app | POST /orders -> 200 (19.97 ms)
2026-08-13 16:38:47 | INFO | fastapi_app | POST /orders -> 200 (16.22 ms)
2026-08-13 16:38:47 | INFO | fastapi_app | POST /orders -> 404 (4.03 ms)
2026-08-13 16:38:47 | INFO | fastapi_app | POST /orders -> 401 (2.39 ms)
2026-08-13 16:38:56 | INFO | fastapi_app | Application Started
2026-08-13 16:38:57 | INFO | fastapi_app | POST /auth/register -> 201 (382.25 ms)
2026-08-13 16:38:57 | INFO | fastapi_app | POST /auth/register -> 201 (310.22 ms)
2026-08-13 16:38:57 | INFO | fastapi_app | POST /auth/register -> 409 (2.71 ms)
2026-08-13 16:38:57 | INFO | fastapi_app | POST /auth/register -> 201 (330.43 ms)
2026-08-13 16:38:57 | INFO | fastapi_app | POST /auth/register -> 409 (3.94 ms)
2026-08-13 16:38:58 | INFO | fastapi_app | POST /auth/register -> 201 (334.52 ms)
2026-08-13 16:38:58 | INFO | fastapi_app | POST /auth/login -> 200 (314.99 ms)
2026-08-13 16:38:58 | INFO | fastapi_app | POST /auth/register -> 201 (314.72 ms)
2026-08-13 16:38:59 | INFO | fastapi_app | POST /auth/login -> 401 (314.42 ms)
2026-08-13 16:38:59 | INFO | fastapi_app | GET /user/profile -> 401 (3.96 ms)
2026-08-13 16:38:59 | INFO | fastapi_app | POST /auth/register -> 201 (353.31 ms)
2026-08-13 16:38:59 | INFO | fastapi_app | POST /auth/login -> 200 (334.43 ms)
2026-08-13 16:38:59 | INFO | fastapi_app | GET /user/profile -> 200 (4.41 ms)
2026-08-13 16:39:00 | INFO | fastapi_app | POST /auth/register -> 201 (418.95 ms)
2026-08-13 16:39:00 | INFO | fastapi_app | POST /auth/login -> 200 (338.73 ms)
2026-08-13 16:39:00 | INFO | fastapi_app | GET /user/dashboard -> 200 (2.84 ms)
2026-08-13 16:39:00 | INFO | fastapi_app | POST /auth/register -> 201 (316.53 ms)
2026-08-13 16:39:01 | INFO | fastapi_app | POST /auth/login -> 200 (323.99 ms)
2026-08-13 16:39:01 | INFO | fastapi_app | PUT /user/update -> 200 (17.36 ms)
2026-08-13 16:39:01 | INFO | fastapi_app | POST /auth/register -> 201 (343.10 ms)
2026-08-13 16:39:01 | INFO | fastapi_app | POST /auth/login -> 200 (331.24 ms)
2026-08-13 16:39:01 | INFO | fastapi_app | GET /admin/users -> 403 (8.96 ms)
2026-08-13 16:39:02 | INFO | fastapi_app | POST /auth/register -> 201 (362.22 ms)
2026-08-13 16:39:02 | INFO | fastapi_app | POST /auth/login -> 200 (349.65 ms)
2026-08-13 16:39:02 | INFO | fastapi_app | POST /products -> 201 (23.27 ms)
2026-08-13 16:39:02 | INFO | fastapi_app | GET /products -> 200 (15.55 ms)
2026-08-13 16:39:02 | INFO | fastapi_app | GET /products/1 -> 200 (6.17 ms)
2026-08-13 16:39:02 | INFO | fastapi_app | PUT /products/1 -> 200 (17.82 ms)
2026-08-13 16:39:02 | INFO | fastapi_app | DELETE /products/1 -> 200 (18.64 ms)
2026-08-13 16:39:02 | INFO | fastapi_app | GET /products/1 -> 404 (4.26 ms)
2026-08-13 16:39:03 | INFO | fastapi_app | POST /auth/register -> 201 (343.05 ms)
2026-08-13 16:39:03 | INFO | fastapi_app | POST /auth/login -> 200 (319.65 ms)
2026-08-13 16:39:03 | INFO | fastapi_app | POST /auth/register -> 201 (314.02 ms)
2026-08-13 16:39:04 | INFO | fastapi_app | POST /auth/login -> 200 (323.43 ms)
2026-08-13 16:39:04 | INFO | fastapi_app | POST /products -> 201 (15.06 ms)
2026-08-13 16:39:04 | INFO | fastapi_app | PUT /products/1 -> 403 (4.64 ms)
2026-08-13 16:39:04 | INFO | fastapi_app | POST /auth/register -> 201 (336.47 ms)
2026-08-13 16:39:04 | INFO | fastapi_app | POST /auth/login -> 200 (305.70 ms)
2026-08-13 16:39:04 | INFO | fastapi_app | POST /products -> 201 (13.17 ms)
2026-08-13 16:39:05 | INFO | fastapi_app | POST /auth/login -> 200 (319.89 ms)
2026-08-13 16:39:05 | INFO | fastapi_app | GET /admin/users -> 200 (5.40 ms)
2026-08-13 16:39:05 | INFO | fastapi_app | GET /admin/users/1 -> 200 (6.40 ms)
2026-08-13 16:39:05 | INFO | fastapi_app | GET /admin/users/1 -> 401 (0.95 ms)
2026-08-13 16:57:23 | INFO | fastapi_app | POST /auth/login -> 200 (442.10 ms)
2026-08-13 16:57:23 | INFO | fastapi_app | GET /user/profile -> 200 (25.85 ms)
2026-08-13 16:57:31 | INFO | fastapi_app | GET /user/dashboard -> 200 (4.97 ms)
2026-08-13 16:57:31 | INFO | fastapi_app | GET /user/dashboard -> 200 (3.80 ms)
2026-08-13 16:57:33 | INFO | fastapi_app | GET /products -> 200 (47.24 ms)
2026-08-13 16:57:33 | INFO | fastapi_app | GET /products -> 200 (9.19 ms)
2026-08-13 16:59:45 | INFO | fastapi_app | POST /user/forgot -> 200 (411.79 ms)
2026-08-13 16:59:47 | INFO | fastapi_app | GET /user/dashboard -> 200 (6.06 ms)
2026-08-13 16:59:47 | INFO | fastapi_app | GET /user/dashboard -> 200 (5.01 ms)
2026-08-13 17:09:33 | INFO | fastapi_app | GET /products -> 200 (14.54 ms)
2026-08-13 17:09:33 | INFO | fastapi_app | GET /products -> 200 (10.56 ms)
2026-08-13 17:09:42 | INFO | fastapi_app | POST /products/3/favorite -> 200 (24.70 ms)
2026-08-13 17:09:42 | INFO | fastapi_app | GET /products -> 200 (8.90 ms)
2026-08-13 17:09:46 | INFO | fastapi_app | DELETE /products/4/favorite -> 200 (9.67 ms)
2026-08-13 17:09:46 | INFO | fastapi_app | GET /products -> 200 (7.14 ms)
2026-08-14 10:32:54 | INFO | fastapi_app | Application Started
2026-08-14 10:42:30 | INFO | fastapi_app | GET /user/profile -> 401 (48.65 ms)
2026-08-14 10:42:30 | INFO | fastapi_app | GET /user/profile -> 401 (3.47 ms)
2026-08-14 10:42:37 | INFO | fastapi_app | POST /auth/login -> 401 (536.07 ms)
2026-08-14 10:44:14 | INFO | fastapi_app | POST /auth/login -> 401 (534.83 ms)
2026-08-14 10:44:21 | INFO | fastapi_app | POST /auth/login -> 401 (322.74 ms)
2026-08-14 10:45:22 | INFO | fastapi_app | POST /auth/register -> 409 (12.65 ms)
2026-08-14 10:45:28 | INFO | fastapi_app | POST /auth/register -> 201 (370.42 ms)
2026-08-14 10:45:38 | INFO | fastapi_app | POST /auth/login -> 401 (334.37 ms)
2026-08-14 10:46:03 | INFO | fastapi_app | POST /auth/login -> 200 (368.84 ms)
2026-08-14 10:46:03 | INFO | fastapi_app | GET /user/profile -> 200 (6.69 ms)
2026-08-14 10:46:03 | INFO | fastapi_app | GET /user/dashboard -> 200 (4.66 ms)
2026-08-14 10:46:03 | INFO | fastapi_app | GET /user/dashboard -> 200 (5.28 ms)
2026-08-14 10:46:12 | INFO | fastapi_app | POST /user/forgot -> 200 (366.03 ms)
2026-08-14 10:46:13 | INFO | fastapi_app | GET /user/dashboard -> 200 (6.42 ms)
2026-08-14 10:46:13 | INFO | fastapi_app | GET /user/dashboard -> 200 (4.93 ms)
2026-08-14 10:47:14 | INFO | fastapi_app | GET /products -> 200 (60.51 ms)
2026-08-14 10:47:14 | INFO | fastapi_app | GET /products -> 200 (10.91 ms)
2026-08-14 10:48:36 | INFO | fastapi_app | GET /products -> 200 (17.60 ms)
2026-08-14 10:48:49 | INFO | fastapi_app | GET /products -> 200 (14.91 ms)
2026-08-14 10:48:51 | INFO | fastapi_app | GET /products -> 200 (8.82 ms)
2026-08-14 10:52:53 | INFO | fastapi_app | GET /products -> 200 (19.31 ms)
2026-08-14 10:53:07 | INFO | fastapi_app | GET /products -> 200 (9.54 ms)
2026-08-14 10:55:29 | INFO | fastapi_app | GET /products -> 200 (13.80 ms)
2026-08-14 10:55:37 | INFO | fastapi_app | GET /products -> 200 (30.90 ms)
2026-08-14 10:55:52 | INFO | fastapi_app | GET /products -> 200 (9.13 ms)
2026-08-14 10:56:38 | INFO | fastapi_app | GET /products -> 200 (16.83 ms)
2026-08-14 10:57:00 | INFO | fastapi_app | GET /products -> 200 (12.89 ms)
2026-08-14 10:57:38 | INFO | fastapi_app | GET /products -> 200 (6.70 ms)
2026-08-14 10:57:40 | INFO | fastapi_app | GET /products -> 200 (5.49 ms)
2026-08-14 11:34:42 | INFO | fastapi_app | GET /products -> 401 (3.20 ms)
2026-08-14 11:34:54 | INFO | fastapi_app | GET /products -> 401 (1.52 ms)
2026-08-14 11:34:58 | INFO | fastapi_app | GET /products -> 401 (1.40 ms)
2026-08-14 11:37:54 | INFO | fastapi_app | GET /products -> 401 (2.50 ms)
2026-08-14 11:46:13 | INFO | fastapi_app | Application Started
2026-08-14 11:47:27 | INFO | fastapi_app | GET /products -> 401 (48.80 ms)
2026-08-14 11:47:31 | INFO | fastapi_app | GET /user/profile -> 401 (30.74 ms)
2026-08-14 11:47:31 | INFO | fastapi_app | GET /user/profile -> 401 (3.63 ms)
2026-08-14 11:47:36 | INFO | fastapi_app | POST /auth/login -> 401 (593.60 ms)
2026-08-14 11:48:01 | INFO | fastapi_app | POST /auth/login -> 401 (7.88 ms)
2026-08-14 11:48:02 | INFO | fastapi_app | POST /auth/login -> 401 (3.83 ms)
2026-08-14 11:48:05 | INFO | fastapi_app | POST /auth/login -> 401 (420.59 ms)
2026-08-14 11:48:06 | INFO | fastapi_app | POST /auth/login -> 401 (7.34 ms)
2026-08-14 11:48:07 | INFO | fastapi_app | POST /auth/login -> 401 (4.50 ms)
2026-08-14 11:48:33 | INFO | fastapi_app | POST /auth/register -> 201 (545.26 ms)
2026-08-14 11:48:37 | INFO | fastapi_app | POST /auth/login -> 200 (518.61 ms)
2026-08-14 11:48:37 | INFO | fastapi_app | GET /user/profile -> 200 (10.73 ms)
2026-08-14 11:48:37 | INFO | fastapi_app | GET /user/dashboard -> 200 (5.88 ms)
2026-08-14 11:48:37 | INFO | fastapi_app | GET /user/dashboard -> 200 (4.08 ms)
2026-08-14 11:48:39 | INFO | fastapi_app | GET /products -> 200 (26.82 ms)
2026-08-14 11:48:39 | INFO | fastapi_app | GET /products -> 200 (11.67 ms)
2026-08-14 11:48:55 | INFO | fastapi_app | GET /products -> 401 (1.84 ms)
2026-08-14 11:48:58 | INFO | fastapi_app | GET /products -> 401 (1.94 ms)
2026-08-14 11:49:18 | INFO | fastapi_app | GET /user/profile -> 200 (11.58 ms)
2026-08-14 11:49:18 | INFO | fastapi_app | GET /user/profile -> 200 (9.79 ms)
2026-08-14 11:49:18 | INFO | fastapi_app | GET /user/dashboard -> 200 (9.78 ms)
2026-08-14 11:49:18 | INFO | fastapi_app | GET /user/dashboard -> 200 (34.26 ms)
2026-08-14 11:49:20 | INFO | fastapi_app | GET /user/profile -> 200 (8.46 ms)
2026-08-14 11:49:20 | INFO | fastapi_app | GET /user/profile -> 200 (38.07 ms)
2026-08-14 11:49:20 | INFO | fastapi_app | GET /user/dashboard -> 200 (5.40 ms)
2026-08-14 11:49:20 | INFO | fastapi_app | GET /user/dashboard -> 200 (6.43 ms)
2026-08-14 11:49:21 | INFO | fastapi_app | GET /products -> 200 (11.35 ms)
2026-08-14 11:49:21 | INFO | fastapi_app | GET /products -> 200 (12.50 ms)
2026-08-14 11:49:22 | INFO | fastapi_app | GET /products -> 401 (3.89 ms)
2026-08-14 11:52:46 | INFO | fastapi_app | GET /products -> 401 (2.37 ms)
2026-08-14 11:52:47 | INFO | fastapi_app | GET /products -> 401 (1.47 ms)
2026-08-14 11:52:48 | INFO | fastapi_app | GET /products -> 401 (1.84 ms)
2026-08-14 11:52:48 | INFO | fastapi_app | GET /products -> 401 (1.64 ms)
2026-08-14 11:54:27 | INFO | fastapi_app | GET /products -> 401 (3.30 ms)
2026-08-14 11:54:27 | INFO | fastapi_app | GET /products -> 401 (2.90 ms)
2026-08-14 11:54:28 | INFO | fastapi_app | GET /products -> 401 (2.91 ms)
2026-08-14 11:54:31 | INFO | fastapi_app | GET /products -> 401 (2.83 ms)
2026-08-14 11:54:32 | INFO | fastapi_app | GET /products -> 401 (2.54 ms)
2026-08-14 11:54:32 | INFO | fastapi_app | GET /products -> 401 (2.05 ms)
2026-08-14 11:54:32 | INFO | fastapi_app | GET /products -> 401 (1.77 ms)
2026-08-14 11:54:33 | INFO | fastapi_app | GET /products -> 401 (2.46 ms)
2026-08-14 11:54:33 | INFO | fastapi_app | GET /products -> 401 (2.87 ms)
2026-08-14 11:54:33 | INFO | fastapi_app | GET /products -> 401 (2.79 ms)
2026-08-14 11:54:34 | INFO | fastapi_app | GET /products -> 401 (2.65 ms)
2026-08-14 11:54:34 | INFO | fastapi_app | GET /products -> 401 (3.19 ms)
2026-08-14 11:54:34 | INFO | fastapi_app | GET /products -> 401 (3.67 ms)
2026-08-14 11:54:34 | INFO | fastapi_app | GET /products -> 401 (3.39 ms)
2026-08-14 11:54:34 | INFO | fastapi_app | GET /products -> 401 (2.82 ms)
2026-08-14 11:54:34 | INFO | fastapi_app | GET /products -> 401 (2.29 ms)
2026-08-14 11:54:35 | INFO | fastapi_app | GET /products -> 401 (2.38 ms)
2026-08-14 11:54:35 | INFO | fastapi_app | GET /products -> 401 (2.50 ms)
2026-08-14 11:54:35 | INFO | fastapi_app | GET /products -> 401 (3.12 ms)
2026-08-14 11:56:15 | INFO | fastapi_app | GET /user/profile -> 200 (26.73 ms)
2026-08-14 11:56:15 | INFO | fastapi_app | GET /user/profile -> 200 (11.57 ms)
2026-08-14 11:56:15 | INFO | fastapi_app | GET /products -> 200 (26.76 ms)
2026-08-14 11:56:15 | INFO | fastapi_app | GET /products -> 200 (18.64 ms)
2026-08-14 11:56:18 | INFO | fastapi_app | GET /user/dashboard -> 200 (4.40 ms)
2026-08-14 11:56:18 | INFO | fastapi_app | GET /user/dashboard -> 200 (4.88 ms)
2026-08-14 11:56:18 | INFO | fastapi_app | GET /products -> 200 (13.41 ms)
2026-08-14 11:56:18 | INFO | fastapi_app | GET /products -> 200 (17.00 ms)
2026-08-14 11:56:21 | INFO | fastapi_app | POST /orders -> 200 (38.05 ms)
2026-08-14 11:56:21 | INFO | fastapi_app | GET /products -> 200 (12.17 ms)
2026-08-14 11:56:28 | INFO | fastapi_app | GET /user/profile -> 200 (9.10 ms)
2026-08-14 11:56:28 | INFO | fastapi_app | GET /user/profile -> 200 (14.14 ms)
2026-08-14 11:56:29 | INFO | fastapi_app | GET /products -> 200 (35.77 ms)
2026-08-14 11:56:29 | INFO | fastapi_app | GET /products -> 200 (20.30 ms)
2026-08-14 11:56:33 | INFO | fastapi_app | POST /orders -> 200 (15.92 ms)
2026-08-14 11:56:33 | INFO | fastapi_app | GET /products -> 200 (13.03 ms)
2026-08-14 13:22:53 | INFO | fastapi_app | Application Started
2026-08-14 13:22:59 | INFO | fastapi_app | Application Started
2026-08-14 13:23:06 | INFO | fastapi_app | Application Started
2026-08-14 13:23:18 | INFO | fastapi_app | Application Started
2026-08-14 13:23:40 | INFO | fastapi_app | GET /user/profile -> 401 (57.14 ms)
2026-08-14 13:23:41 | INFO | fastapi_app | GET /user/profile -> 401 (5.31 ms)
2026-08-14 13:23:55 | INFO | fastapi_app | POST /auth/login -> 200 (786.96 ms)
2026-08-14 13:23:55 | INFO | fastapi_app | GET /user/profile -> 200 (32.48 ms)
2026-08-14 13:23:55 | INFO | fastapi_app | GET /products -> 200 (85.05 ms)
2026-08-14 13:23:55 | INFO | fastapi_app | GET /products -> 200 (35.61 ms)
2026-08-14 13:24:00 | INFO | fastapi_app | GET /products -> 200 (12.54 ms)
2026-08-14 13:24:00 | INFO | fastapi_app | GET /products -> 200 (13.06 ms)
2026-08-14 13:24:08 | INFO | fastapi_app | GET /products -> 200 (11.59 ms)
2026-08-14 13:24:15 | INFO | fastapi_app | GET /products -> 200 (12.23 ms)
2026-08-14 13:24:42 | INFO | fastapi_app | Application Started
2026-08-14 13:24:51 | INFO | fastapi_app | Application Started
2026-08-14 13:24:52 | INFO | fastapi_app | POST /auth/register -> 201 (397.83 ms)
2026-08-14 13:24:52 | INFO | fastapi_app | POST /auth/register -> 201 (352.98 ms)
2026-08-14 13:24:52 | INFO | fastapi_app | POST /auth/register -> 409 (2.37 ms)
2026-08-14 13:24:52 | INFO | fastapi_app | POST /auth/register -> 201 (338.97 ms)
2026-08-14 13:24:52 | INFO | fastapi_app | POST /auth/register -> 409 (3.44 ms)
2026-08-14 13:24:53 | INFO | fastapi_app | POST /auth/register -> 201 (347.28 ms)
2026-08-14 13:24:53 | INFO | fastapi_app | POST /auth/login -> 200 (328.09 ms)
2026-08-14 13:24:53 | INFO | fastapi_app | POST /auth/register -> 201 (345.38 ms)
2026-08-14 13:24:54 | INFO | fastapi_app | POST /auth/login -> 401 (347.36 ms)
2026-08-14 13:24:54 | INFO | fastapi_app | GET /user/profile -> 401 (5.65 ms)
2026-08-14 13:24:54 | INFO | fastapi_app | POST /auth/register -> 201 (386.28 ms)
2026-08-14 13:24:55 | INFO | fastapi_app | POST /auth/login -> 200 (351.03 ms)
2026-08-14 13:24:55 | INFO | fastapi_app | GET /user/profile -> 200 (3.56 ms)
2026-08-14 13:24:55 | INFO | fastapi_app | POST /auth/register -> 201 (367.15 ms)
2026-08-14 13:24:55 | INFO | fastapi_app | POST /auth/login -> 200 (335.79 ms)
2026-08-14 13:24:55 | INFO | fastapi_app | GET /user/dashboard -> 200 (2.64 ms)
2026-08-14 13:24:56 | INFO | fastapi_app | POST /auth/register -> 201 (364.88 ms)
2026-08-14 13:24:56 | INFO | fastapi_app | POST /auth/login -> 200 (349.79 ms)
2026-08-14 13:24:56 | INFO | fastapi_app | PUT /user/update -> 200 (17.24 ms)
2026-08-14 13:24:56 | INFO | fastapi_app | POST /auth/register -> 201 (347.77 ms)
2026-08-14 13:24:57 | INFO | fastapi_app | POST /auth/login -> 200 (347.02 ms)
2026-08-14 13:24:57 | INFO | fastapi_app | GET /admin/users -> 403 (9.94 ms)
2026-08-14 13:24:57 | INFO | fastapi_app | POST /auth/register -> 201 (356.64 ms)
2026-08-14 13:24:57 | INFO | fastapi_app | POST /auth/login -> 200 (303.91 ms)
2026-08-14 13:24:58 | INFO | fastapi_app | POST /products -> 201 (28.02 ms)
2026-08-14 13:24:58 | INFO | fastapi_app | GET /products -> 200 (12.95 ms)
2026-08-14 13:24:58 | INFO | fastapi_app | GET /products/1 -> 200 (5.41 ms)
2026-08-14 13:24:58 | INFO | fastapi_app | PUT /products/1 -> 200 (14.33 ms)
2026-08-14 13:24:58 | INFO | fastapi_app | DELETE /products/1 -> 200 (16.32 ms)
2026-08-14 13:24:58 | INFO | fastapi_app | GET /products/1 -> 404 (3.62 ms)
2026-08-14 13:24:58 | INFO | fastapi_app | POST /auth/register -> 201 (354.02 ms)
2026-08-14 13:24:58 | INFO | fastapi_app | POST /auth/login -> 200 (337.98 ms)
2026-08-14 13:24:59 | INFO | fastapi_app | POST /auth/register -> 201 (317.59 ms)
2026-08-14 13:24:59 | INFO | fastapi_app | POST /auth/login -> 200 (302.01 ms)
2026-08-14 13:24:59 | INFO | fastapi_app | POST /products -> 201 (12.72 ms)
2026-08-14 13:24:59 | INFO | fastapi_app | PUT /products/1 -> 403 (4.24 ms)
2026-08-14 13:24:59 | INFO | fastapi_app | POST /auth/register -> 201 (332.23 ms)
2026-08-14 13:25:00 | INFO | fastapi_app | POST /auth/login -> 200 (318.61 ms)
2026-08-14 13:25:00 | INFO | fastapi_app | POST /products -> 201 (16.05 ms)
2026-08-14 13:25:00 | INFO | fastapi_app | POST /auth/login -> 200 (308.23 ms)
2026-08-14 13:25:00 | INFO | fastapi_app | GET /admin/users -> 200 (5.01 ms)
2026-08-14 13:25:00 | INFO | fastapi_app | GET /admin/users/1 -> 200 (7.21 ms)
2026-08-14 13:25:00 | INFO | fastapi_app | GET /admin/users/1 -> 401 (0.84 ms)
2026-08-14 13:25:13 | INFO | fastapi_app | Application Started
2026-08-14 13:25:14 | INFO | fastapi_app | POST /auth/register -> 201 (416.78 ms)
2026-08-14 13:25:14 | INFO | fastapi_app | POST /auth/login -> 200 (335.23 ms)
2026-08-14 13:25:14 | INFO | fastapi_app | POST /products -> 201 (71.94 ms)
2026-08-14 13:25:14 | INFO | fastapi_app | POST /orders -> 200 (52.55 ms)
2026-08-14 13:25:14 | INFO | fastapi_app | GET /orders -> 200 (17.89 ms)
2026-08-14 13:25:39 | INFO | fastapi_app | GET /orders -> 200 (17.66 ms)
2026-08-14 13:25:47 | INFO | fastapi_app | GET /orders -> 200 (6.86 ms)
2026-08-14 13:25:49 | INFO | fastapi_app | GET /orders -> 200 (10.23 ms)
2026-08-14 13:26:14 | INFO | fastapi_app | GET /user/dashboard -> 200 (6.07 ms)
2026-08-14 13:26:14 | INFO | fastapi_app | GET /user/dashboard -> 200 (3.70 ms)
2026-08-14 13:26:26 | INFO | fastapi_app | GET /products -> 200 (11.19 ms)
2026-08-14 13:26:26 | INFO | fastapi_app | GET /products -> 200 (7.95 ms)
2026-08-14 13:26:29 | INFO | fastapi_app | GET /products -> 200 (11.64 ms)
2026-08-14 13:26:29 | INFO | fastapi_app | GET /products -> 200 (8.55 ms)
2026-08-14 13:26:30 | INFO | fastapi_app | GET /user/dashboard -> 200 (5.32 ms)
2026-08-14 13:26:30 | INFO | fastapi_app | GET /user/dashboard -> 200 (3.34 ms)
2026-08-14 13:26:31 | INFO | fastapi_app | GET /products -> 200 (11.97 ms)
2026-08-14 13:26:31 | INFO | fastapi_app | GET /products -> 200 (9.71 ms)
2026-08-14 13:26:33 | INFO | fastapi_app | GET /orders -> 200 (8.74 ms)
2026-08-14 13:26:36 | INFO | fastapi_app | GET /orders -> 200 (8.30 ms)
2026-08-14 13:26:37 | INFO | fastapi_app | GET /orders -> 200 (7.02 ms)
2026-08-14 13:26:52 | INFO | fastapi_app | GET /products/favorites -> 200 (15.30 ms)
2026-08-14 13:26:58 | INFO | fastapi_app | GET /products -> 200 (8.64 ms)
2026-08-14 14:34:19 | INFO | fastapi_app | Application Started
2026-08-14 14:34:23 | INFO | fastapi_app | Application Started
2026-08-14 14:34:37 | INFO | fastapi_app | Application Started
2026-08-14 14:35:32 | INFO | fastapi_app | Application Started
2026-08-14 14:35:36 | INFO | fastapi_app | Application Started
2026-08-14 14:35:48 | INFO | fastapi_app | Application Started
2026-08-14 14:35:56 | INFO | fastapi_app | Application Started
2026-08-14 14:36:00 | INFO | fastapi_app | Application Started
2026-08-14 14:36:22 | INFO | fastapi_app | Application Started
2026-08-14 14:36:25 | INFO | fastapi_app | Application Started
2026-08-14 14:36:35 | INFO | fastapi_app | Application Started
2026-08-14 14:36:38 | INFO | fastapi_app | Application Started
2026-08-14 14:36:42 | INFO | fastapi_app | Application Started
2026-08-14 14:36:47 | INFO | fastapi_app | Application Started
2026-08-14 14:36:49 | INFO | fastapi_app | Application Started
2026-08-14 14:36:56 | INFO | fastapi_app | Application Started
2026-08-14 14:37:02 | INFO | fastapi_app | Application Started
2026-08-14 14:37:21 | INFO | fastapi_app | Application Started
2026-08-14 14:37:27 | INFO | fastapi_app | Application Started
2026-08-14 14:37:32 | INFO | fastapi_app | Application Started
2026-08-14 14:37:35 | INFO | fastapi_app | Application Started
2026-08-14 14:37:48 | INFO | fastapi_app | Application Started
2026-08-14 14:37:55 | INFO | fastapi_app | Application Started
2026-08-14 14:38:16 | INFO | fastapi_app | Application Started
2026-08-14 14:38:20 | INFO | fastapi_app | Application Started
2026-08-14 14:38:40 | INFO | fastapi_app | Application Started
2026-08-14 14:38:49 | INFO | fastapi_app | Application Started
2026-08-14 14:39:05 | INFO | fastapi_app | Application Started
2026-08-14 14:39:09 | INFO | fastapi_app | Application Started
2026-08-14 14:39:12 | INFO | fastapi_app | Application Started
2026-08-14 14:39:19 | INFO | fastapi_app | Application Started
2026-08-14 14:39:36 | INFO | fastapi_app | Application Started
2026-08-14 14:39:42 | INFO | fastapi_app | Application Started
2026-08-14 14:39:45 | INFO | fastapi_app | Application Started
2026-08-14 14:40:35 | INFO | fastapi_app | Application Started
2026-08-14 14:40:39 | INFO | fastapi_app | Application Started
2026-08-14 14:40:44 | INFO | fastapi_app | Application Started
2026-08-14 14:40:49 | INFO | fastapi_app | Application Started
2026-08-14 14:40:54 | INFO | fastapi_app | Application Started
2026-08-14 14:41:02 | INFO | fastapi_app | Application Started
2026-08-14 14:41:07 | INFO | fastapi_app | Application Started
2026-08-14 14:41:13 | INFO | fastapi_app | Application Started
2026-08-14 14:41:28 | INFO | fastapi_app | Application Started
2026-08-14 14:42:15 | INFO | fastapi_app | Application Started
2026-08-14 14:42:19 | INFO | fastapi_app | Application Started
2026-08-14 14:42:25 | INFO | fastapi_app | Application Started
2026-08-14 14:42:34 | INFO | fastapi_app | Application Started
2026-08-14 14:42:37 | INFO | fastapi_app | Application Started
2026-08-14 14:46:31 | INFO | fastapi_app | Application Started
2026-08-14 14:46:50 | INFO | fastapi_app | Application Started
2026-08-14 14:48:04 | INFO | fastapi_app | Application Started
2026-08-14 14:48:08 | INFO | fastapi_app | Application Started
2026-08-14 14:48:12 | INFO | fastapi_app | Application Started
2026-08-14 14:48:17 | INFO | fastapi_app | Application Started
2026-08-14 14:48:23 | INFO | fastapi_app | Application Started
2026-08-14 14:48:36 | INFO | fastapi_app | Application Started
2026-08-14 14:50:26 | INFO | fastapi_app | Application Started
2026-08-14 14:51:02 | INFO | fastapi_app | Application Started
2026-08-14 14:51:07 | INFO | fastapi_app | Application Started
2026-08-14 14:51:40 | INFO | fastapi_app | Application Started
2026-08-14 14:51:44 | INFO | fastapi_app | Application Started
2026-08-14 14:51:47 | INFO | fastapi_app | Application Started
2026-08-14 14:51:53 | INFO | fastapi_app | Application Started
2026-08-14 14:52:01 | INFO | fastapi_app | Application Started
2026-08-14 14:52:56 | INFO | fastapi_app | Application Started
2026-08-14 14:53:00 | INFO | fastapi_app | Application Started
2026-08-14 14:53:05 | INFO | fastapi_app | Application Started
2026-08-14 14:56:17 | INFO | fastapi_app | Application Started
2026-08-14 14:56:25 | INFO | fastapi_app | Application Started
2026-08-14 14:56:29 | INFO | fastapi_app | Application Started
2026-08-14 14:57:09 | INFO | fastapi_app | Application Started
2026-08-14 14:57:17 | INFO | fastapi_app | Application Started
2026-08-14 14:57:21 | INFO | fastapi_app | Application Started
2026-08-14 14:57:36 | INFO | fastapi_app | Application Started
2026-08-14 14:57:43 | INFO | fastapi_app | Application Started
2026-08-14 14:57:49 | INFO | fastapi_app | Application Started
2026-08-14 14:57:56 | INFO | fastapi_app | Application Started
2026-08-14 15:01:40 | INFO | fastapi_app | Application Started
2026-08-14 15:01:43 | INFO | fastapi_app | Application Started
2026-08-14 15:01:47 | INFO | fastapi_app | Application Started
2026-08-14 15:01:51 | INFO | fastapi_app | Application Started
2026-08-14 15:01:55 | INFO | fastapi_app | Application Started
2026-08-14 15:02:01 | INFO | fastapi_app | Application Started
2026-08-14 15:02:05 | INFO | fastapi_app | Application Started
2026-08-14 15:02:42 | INFO | fastapi_app | Application Started
2026-08-14 16:48:53 | INFO | fastapi_app | Application Started
2026-08-14 16:49:16 | INFO | fastapi_app | GET /user/profile -> 401 (56.74 ms)
2026-08-14 16:49:16 | INFO | fastapi_app | GET /user/profile -> 401 (3.58 ms)
2026-08-14 16:50:39 | INFO | fastapi_app | Application Started
2026-08-14 16:50:59 | INFO | fastapi_app | Application Started
2026-08-14 16:50:59 | INFO | fastapi_app | POST /auth/register -> 201 (324.45 ms)
2026-08-14 16:51:00 | INFO | fastapi_app | POST /auth/register -> 201 (282.81 ms)
2026-08-14 16:51:00 | INFO | fastapi_app | POST /auth/register -> 409 (2.16 ms)
2026-08-14 16:51:00 | INFO | fastapi_app | POST /auth/register -> 201 (292.04 ms)
2026-08-14 16:51:00 | INFO | fastapi_app | POST /auth/register -> 409 (3.02 ms)
2026-08-14 16:51:00 | INFO | fastapi_app | POST /auth/register -> 201 (428.77 ms)
2026-08-14 16:51:01 | INFO | fastapi_app | POST /auth/login -> 200 (626.46 ms)
2026-08-14 16:51:02 | INFO | fastapi_app | POST /auth/register -> 201 (697.82 ms)
2026-08-14 16:51:02 | INFO | fastapi_app | POST /auth/login -> 401 (576.81 ms)
2026-08-14 16:51:02 | INFO | fastapi_app | GET /user/profile -> 401 (11.84 ms)
2026-08-14 16:51:03 | INFO | fastapi_app | POST /auth/register -> 201 (544.26 ms)
2026-08-14 16:51:03 | INFO | fastapi_app | POST /auth/login -> 200 (629.42 ms)
2026-08-14 16:51:04 | INFO | fastapi_app | GET /user/profile -> 200 (13.94 ms)
2026-08-14 16:51:04 | INFO | fastapi_app | POST /auth/register -> 201 (681.40 ms)
2026-08-14 16:51:05 | INFO | fastapi_app | Application Started
2026-08-14 16:51:05 | INFO | fastapi_app | POST /auth/login -> 200 (620.20 ms)
2026-08-14 16:51:05 | INFO | fastapi_app | GET /user/dashboard -> 200 (5.64 ms)
2026-08-14 16:51:05 | INFO | fastapi_app | POST /auth/register -> 201 (464.32 ms)
2026-08-14 16:51:06 | INFO | fastapi_app | POST /auth/register -> 201 (683.88 ms)
2026-08-14 16:51:06 | INFO | fastapi_app | POST /auth/login -> 200 (346.15 ms)
2026-08-14 16:51:06 | INFO | fastapi_app | POST /products -> 201 (44.45 ms)
2026-08-14 16:51:06 | INFO | fastapi_app | POST /products -> 201 (24.04 ms)
2026-08-14 16:51:06 | ERROR | fastapi_app | Unhandled error: 1 validation error:
  {'type': 'missing', 'loc': ('response', 'product'), 'msg': 'Field required', 'input': <app.models.cart.CartItem object at 0x000002436923BE00>}

  File "C:\Users\swaraj.gujar\Documents\FastAPI All\app\api\v1\cart.py", line 16, in add_to_cart
    POST /cart
Traceback (most recent call last):
  File "C:\Users\swaraj.gujar\Documents\FastAPI All\venv\Lib\site-packages\starlette\middleware\errors.py", line 164, in __call__
    await self.app(scope, receive, _send)
  File "C:\Users\swaraj.gujar\Documents\FastAPI All\venv\Lib\site-packages\starlette\middleware\base.py", line 193, in __call__
    response = await self.dispatch_func(request, call_next)
               ^^^^^^^^^^^^^^^^^^^^^^^^^^^^^^^^^^^^^^^^^^^^
  File "C:\Users\swaraj.gujar\Documents\FastAPI All\app\middleware\request_logging.py", line 13, in dispatch
    response = await call_next(request)
               ^^^^^^^^^^^^^^^^^^^^^^^^
  File "C:\Users\swaraj.gujar\Documents\FastAPI All\venv\Lib\site-packages\starlette\middleware\base.py", line 168, in call_next
    raise app_exc from app_exc.__cause__ or app_exc.__context__
  File "C:\Users\swaraj.gujar\Documents\FastAPI All\venv\Lib\site-packages\starlette\middleware\base.py", line 144, in coro
    await self.app(scope, receive_or_disconnect, send_no_error)
  File "C:\Users\swaraj.gujar\Documents\FastAPI All\venv\Lib\site-packages\starlette\middleware\exceptions.py", line 63, in __call__
    await wrap_app_handling_exceptions(self.app, conn)(scope, receive, send)
  File "C:\Users\swaraj.gujar\Documents\FastAPI All\venv\Lib\site-packages\starlette\_exception_handler.py", line 53, in wrapped_app
    raise exc
  File "C:\Users\swaraj.gujar\Documents\FastAPI All\venv\Lib\site-packages\starlette\_exception_handler.py", line 42, in wrapped_app
    await app(scope, receive, sender)
  File "C:\Users\swaraj.gujar\Documents\FastAPI All\venv\Lib\site-packages\fastapi\middleware\asyncexitstack.py", line 18, in __call__
    await self.app(scope, receive, send)
  File "C:\Users\swaraj.gujar\Documents\FastAPI All\venv\Lib\site-packages\starlette\routing.py", line 660, in __call__
    await self.middleware_stack(scope, receive, send)
  File "C:\Users\swaraj.gujar\Documents\FastAPI All\venv\Lib\site-packages\fastapi\routing.py", line 2734, in app
    await route.handle(scope, receive, send)
  File "C:\Users\swaraj.gujar\Documents\FastAPI All\venv\Lib\site-packages\fastapi\routing.py", line 1780, in handle
    await self.original_router.handle(scope, receive, send)
  File "C:\Users\swaraj.gujar\Documents\FastAPI All\venv\Lib\site-packages\fastapi\routing.py", line 2789, in handle
    await included_router._handle_selected(scope, receive, send)
  File "C:\Users\swaraj.gujar\Documents\FastAPI All\venv\Lib\site-packages\fastapi\routing.py", line 1791, in _handle_selected
    await route.handle(scope, receive, send)
  File "C:\Users\swaraj.gujar\Documents\FastAPI All\venv\Lib\site-packages\fastapi\routing.py", line 1780, in handle
    await self.original_router.handle(scope, receive, send)
  File "C:\Users\swaraj.gujar\Documents\FastAPI All\venv\Lib\site-packages\fastapi\routing.py", line 2789, in handle
    await included_router._handle_selected(scope, receive, send)
  File "C:\Users\swaraj.gujar\Documents\FastAPI All\venv\Lib\site-packages\fastapi\routing.py", line 1800, in _handle_selected
    await original_route.handle(scope, receive, send)
  File "C:\Users\swaraj.gujar\Documents\FastAPI All\venv\Lib\site-packages\fastapi\routing.py", line 1279, in handle
    await app(scope, receive, send)
  File "C:\Users\swaraj.gujar\Documents\FastAPI All\venv\Lib\site-packages\fastapi\routing.py", line 158, in app
    await wrap_app_handling_exceptions(app, request)(scope, receive, send)
  File "C:\Users\swaraj.gujar\Documents\FastAPI All\venv\Lib\site-packages\starlette\_exception_handler.py", line 53, in wrapped_app
    raise exc
  File "C:\Users\swaraj.gujar\Documents\FastAPI All\venv\Lib\site-packages\starlette\_exception_handler.py", line 42, in wrapped_app
    await app(scope, receive, sender)
  File "C:\Users\swaraj.gujar\Documents\FastAPI All\venv\Lib\site-packages\fastapi\routing.py", line 144, in app
    response = await f(request)
               ^^^^^^^^^^^^^^^^
  File "C:\Users\swaraj.gujar\Documents\FastAPI All\venv\Lib\site-packages\fastapi\routing.py", line 727, in app
    content = await serialize_response(
              ^^^^^^^^^^^^^^^^^^^^^^^^^
    ...<11 lines>...
    )
    ^
  File "C:\Users\swaraj.gujar\Documents\FastAPI All\venv\Lib\site-packages\fastapi\routing.py", line 324, in serialize_response
    raise ResponseValidationError(
    ...<3 lines>...
    )
fastapi.exceptions.ResponseValidationError: 1 validation error:
  {'type': 'missing', 'loc': ('response', 'product'), 'msg': 'Field required', 'input': <app.models.cart.CartItem object at 0x000002436923BE00>}

  File "C:\Users\swaraj.gujar\Documents\FastAPI All\app\api\v1\cart.py", line 16, in add_to_cart
    POST /cart
2026-08-14 16:51:06 | INFO | fastapi_app | POST /auth/login -> 200 (650.49 ms)
2026-08-14 16:51:06 | INFO | fastapi_app | PUT /user/update -> 200 (30.45 ms)
2026-08-14 16:51:07 | INFO | fastapi_app | POST /auth/register -> 201 (630.29 ms)
2026-08-14 16:51:08 | INFO | fastapi_app | POST /auth/login -> 200 (659.92 ms)
2026-08-14 16:51:08 | INFO | fastapi_app | GET /admin/users -> 403 (15.57 ms)
2026-08-14 16:51:08 | INFO | fastapi_app | POST /auth/register -> 201 (524.34 ms)
2026-08-14 16:51:09 | INFO | fastapi_app | POST /auth/login -> 200 (597.73 ms)
2026-08-14 16:51:09 | INFO | fastapi_app | POST /products -> 201 (43.03 ms)
2026-08-14 16:51:09 | INFO | fastapi_app | GET /products -> 200 (21.51 ms)
2026-08-14 16:51:09 | INFO | fastapi_app | GET /products/1 -> 200 (10.95 ms)
2026-08-14 16:51:09 | INFO | fastapi_app | PUT /products/1 -> 200 (19.70 ms)
2026-08-14 16:51:09 | INFO | fastapi_app | DELETE /products/1 -> 200 (27.55 ms)
2026-08-14 16:51:09 | INFO | fastapi_app | GET /products/1 -> 404 (6.51 ms)
2026-08-14 16:51:09 | INFO | fastapi_app | POST /auth/register -> 201 (585.76 ms)
2026-08-14 16:51:10 | INFO | fastapi_app | POST /auth/login -> 200 (540.80 ms)
2026-08-14 16:51:11 | INFO | fastapi_app | POST /auth/register -> 201 (592.25 ms)
2026-08-14 16:51:11 | INFO | fastapi_app | POST /auth/login -> 200 (619.66 ms)
2026-08-14 16:51:11 | INFO | fastapi_app | POST /products -> 201 (24.43 ms)
2026-08-14 16:51:11 | INFO | fastapi_app | PUT /products/1 -> 403 (10.39 ms)
2026-08-14 16:51:12 | INFO | fastapi_app | POST /auth/register -> 201 (563.68 ms)
2026-08-14 16:51:12 | INFO | fastapi_app | POST /auth/login -> 200 (609.69 ms)
2026-08-14 16:51:12 | INFO | fastapi_app | POST /products -> 201 (16.98 ms)
2026-08-14 16:51:14 | INFO | fastapi_app | POST /auth/login -> 200 (623.84 ms)
2026-08-14 16:51:14 | INFO | fastapi_app | GET /admin/users -> 200 (11.62 ms)
2026-08-14 16:51:14 | INFO | fastapi_app | GET /admin/users/1 -> 200 (17.65 ms)
2026-08-14 16:51:14 | INFO | fastapi_app | GET /admin/users/1 -> 401 (1.48 ms)
2026-08-14 16:51:32 | INFO | fastapi_app | Application Started
2026-08-14 16:51:40 | INFO | fastapi_app | Application Started
2026-08-14 16:51:47 | INFO | fastapi_app | Application Started
2026-08-14 16:51:48 | INFO | fastapi_app | POST /auth/register -> 201 (387.23 ms)
2026-08-14 16:51:48 | INFO | fastapi_app | POST /auth/login -> 200 (284.14 ms)
2026-08-14 16:51:48 | INFO | fastapi_app | POST /products -> 201 (39.33 ms)
2026-08-14 16:51:48 | INFO | fastapi_app | POST /products -> 201 (17.02 ms)
2026-08-14 16:51:48 | INFO | fastapi_app | POST /cart -> 201 (28.24 ms)
2026-08-14 16:51:48 | INFO | fastapi_app | POST /cart -> 201 (18.96 ms)
2026-08-14 16:51:48 | INFO | fastapi_app | POST /cart -> 201 (19.73 ms)
2026-08-14 16:51:48 | INFO | fastapi_app | GET /cart -> 200 (10.91 ms)
2026-08-14 16:51:48 | INFO | fastapi_app | POST /cart/checkout -> 200 (47.09 ms)
2026-08-14 16:51:48 | INFO | fastapi_app | GET /cart -> 200 (6.31 ms)
2026-08-14 16:51:48 | INFO | fastapi_app | GET /orders -> 200 (17.85 ms)
2026-08-14 16:52:09 | INFO | fastapi_app | Application Started
2026-08-14 16:52:15 | INFO | fastapi_app | Application Started
2026-08-14 16:52:16 | INFO | fastapi_app | POST /auth/register -> 201 (389.83 ms)
2026-08-14 16:52:16 | INFO | fastapi_app | POST /auth/register -> 201 (313.04 ms)
2026-08-14 16:52:16 | INFO | fastapi_app | POST /auth/register -> 409 (2.53 ms)
2026-08-14 16:52:16 | INFO | fastapi_app | POST /auth/register -> 201 (434.97 ms)
2026-08-14 16:52:16 | INFO | fastapi_app | POST /auth/register -> 409 (5.80 ms)
2026-08-14 16:52:17 | INFO | fastapi_app | POST /auth/register -> 201 (594.93 ms)
2026-08-14 16:52:18 | INFO | fastapi_app | POST /auth/login -> 200 (605.74 ms)
2026-08-14 16:52:18 | INFO | fastapi_app | POST /auth/register -> 201 (643.75 ms)
2026-08-14 16:52:19 | INFO | fastapi_app | POST /auth/login -> 401 (613.08 ms)
2026-08-14 16:52:19 | INFO | fastapi_app | GET /user/profile -> 401 (11.84 ms)
2026-08-14 16:52:20 | INFO | fastapi_app | POST /auth/register -> 201 (606.92 ms)
2026-08-14 16:52:20 | INFO | fastapi_app | POST /auth/login -> 200 (629.11 ms)
2026-08-14 16:52:20 | INFO | fastapi_app | GET /user/profile -> 200 (7.65 ms)
2026-08-14 16:52:21 | INFO | fastapi_app | POST /auth/register -> 201 (557.27 ms)
2026-08-14 16:52:21 | INFO | fastapi_app | POST /auth/login -> 200 (566.66 ms)
2026-08-14 16:52:21 | INFO | fastapi_app | GET /user/dashboard -> 200 (4.02 ms)
2026-08-14 16:52:22 | INFO | fastapi_app | POST /auth/register -> 201 (651.15 ms)
2026-08-14 16:52:23 | INFO | fastapi_app | POST /auth/login -> 200 (559.59 ms)
2026-08-14 16:52:23 | INFO | fastapi_app | PUT /user/update -> 200 (26.71 ms)
2026-08-14 16:52:23 | INFO | fastapi_app | POST /auth/register -> 201 (600.42 ms)
2026-08-14 16:52:24 | INFO | fastapi_app | POST /auth/login -> 200 (551.81 ms)
2026-08-14 16:52:24 | INFO | fastapi_app | GET /admin/users -> 403 (9.36 ms)
2026-08-14 16:52:24 | INFO | fastapi_app | POST /auth/register -> 201 (600.22 ms)
2026-08-14 16:52:25 | INFO | fastapi_app | POST /auth/login -> 200 (566.14 ms)
2026-08-14 16:52:25 | INFO | fastapi_app | POST /products -> 201 (51.30 ms)
2026-08-14 16:52:25 | INFO | fastapi_app | GET /products -> 200 (27.22 ms)
2026-08-14 16:52:25 | INFO | fastapi_app | GET /products/1 -> 200 (13.11 ms)
2026-08-14 16:52:25 | INFO | fastapi_app | PUT /products/1 -> 200 (24.18 ms)
2026-08-14 16:52:25 | INFO | fastapi_app | DELETE /products/1 -> 200 (23.98 ms)
2026-08-14 16:52:25 | INFO | fastapi_app | GET /products/1 -> 404 (7.22 ms)
2026-08-14 16:52:26 | INFO | fastapi_app | POST /auth/register -> 201 (597.49 ms)
2026-08-14 16:52:26 | INFO | fastapi_app | POST /auth/login -> 200 (557.05 ms)
2026-08-14 16:52:27 | INFO | fastapi_app | POST /auth/register -> 201 (535.95 ms)
2026-08-14 16:52:27 | INFO | fastapi_app | POST /auth/login -> 200 (573.68 ms)
2026-08-14 16:52:28 | INFO | fastapi_app | POST /products -> 201 (19.85 ms)
2026-08-14 16:52:28 | INFO | fastapi_app | PUT /products/1 -> 403 (8.96 ms)
2026-08-14 16:52:28 | INFO | fastapi_app | POST /auth/register -> 201 (553.70 ms)
2026-08-14 16:52:29 | INFO | fastapi_app | POST /auth/login -> 200 (492.00 ms)
2026-08-14 16:52:29 | INFO | fastapi_app | POST /products -> 201 (24.54 ms)
2026-08-14 16:52:30 | INFO | fastapi_app | POST /auth/login -> 200 (555.16 ms)
2026-08-14 16:52:30 | INFO | fastapi_app | GET /admin/users -> 200 (8.88 ms)
2026-08-14 16:52:30 | INFO | fastapi_app | GET /admin/users/1 -> 200 (18.79 ms)
2026-08-14 16:52:30 | INFO | fastapi_app | GET /admin/users/1 -> 401 (1.50 ms)
2026-08-17 10:10:28 | INFO | fastapi_app | Application Started
2026-08-17 10:13:28 | INFO | fastapi_app | POST /auth/login -> 200 (563.10 ms)
2026-08-17 10:13:28 | INFO | fastapi_app | GET /user/profile -> 200 (23.99 ms)
2026-08-17 10:13:28 | INFO | fastapi_app | GET /user/dashboard -> 200 (5.03 ms)
2026-08-17 10:13:28 | INFO | fastapi_app | GET /user/dashboard -> 200 (3.63 ms)
2026-08-17 10:13:31 | INFO | fastapi_app | GET /products -> 200 (37.24 ms)
2026-08-17 10:13:31 | INFO | fastapi_app | GET /products -> 200 (7.71 ms)
2026-08-17 10:13:34 | INFO | fastapi_app | POST /cart -> 201 (37.08 ms)
2026-08-17 10:13:42 | INFO | fastapi_app | POST /cart -> 201 (19.82 ms)
2026-08-17 10:20:50 | INFO | fastapi_app | Application Started
2026-08-17 10:20:53 | INFO | fastapi_app | Application Started
2026-08-17 10:22:52 | INFO | fastapi_app | GET /cart -> 200 (85.95 ms)
2026-08-17 10:22:58 | INFO | fastapi_app | GET /cart -> 200 (8.11 ms)
2026-08-17 10:23:02 | INFO | fastapi_app | DELETE /cart/1 -> 204 (13.86 ms)
2026-08-17 10:23:02 | INFO | fastapi_app | GET /cart -> 200 (5.15 ms)
2026-08-17 10:23:08 | INFO | fastapi_app | POST /cart -> 201 (23.46 ms)
2026-08-17 10:23:09 | INFO | fastapi_app | GET /cart -> 200 (8.03 ms)
2026-08-17 10:23:11 | INFO | fastapi_app | DELETE /cart/2 -> 204 (7.89 ms)
2026-08-17 10:23:11 | INFO | fastapi_app | GET /cart -> 200 (5.09 ms)
2026-08-17 10:40:48 | INFO | fastapi_app | Application Started
2026-08-17 10:40:58 | INFO | fastapi_app | Application Started
2026-08-17 10:41:21 | INFO | fastapi_app | Application Started
2026-08-17 10:42:53 | INFO | fastapi_app | GET /user/profile -> 200 (93.34 ms)
2026-08-17 10:42:53 | INFO | fastapi_app | GET /user/profile -> 200 (9.29 ms)
2026-08-17 10:42:53 | INFO | fastapi_app | GET /products -> 200 (47.52 ms)
2026-08-17 10:42:53 | INFO | fastapi_app | GET /products -> 200 (13.19 ms)
2026-08-17 10:43:37 | INFO | fastapi_app | Application Started
2026-08-17 10:49:07 | INFO | fastapi_app | GET /user/profile -> 401 (3.05 ms)
2026-08-17 10:49:07 | INFO | fastapi_app | GET /user/profile -> 401 (4.05 ms)
2026-08-17 10:49:09 | INFO | fastapi_app | POST /auth/login -> 200 (407.18 ms)
2026-08-17 10:49:09 | INFO | fastapi_app | GET /user/profile -> 200 (6.38 ms)
2026-08-17 10:49:09 | INFO | fastapi_app | GET /products -> 200 (13.80 ms)
2026-08-17 10:49:09 | INFO | fastapi_app | GET /products -> 200 (12.79 ms)
2026-08-17 10:49:12 | INFO | fastapi_app | POST /cart -> 201 (51.42 ms)
2026-08-17 10:49:16 | INFO | fastapi_app | GET /cart -> 200 (9.76 ms)
2026-08-17 10:49:19 | INFO | fastapi_app | DELETE /cart/3 -> 204 (13.00 ms)
2026-08-17 10:49:19 | INFO | fastapi_app | GET /cart -> 200 (4.73 ms)
2026-08-17 10:49:21 | INFO | fastapi_app | GET /orders -> 200 (16.16 ms)
2026-08-17 10:49:25 | INFO | fastapi_app | GET /orders -> 200 (9.08 ms)
2026-08-17 10:52:07 | INFO | fastapi_app | GET /user/profile -> 200 (10.14 ms)
2026-08-17 10:52:07 | INFO | fastapi_app | GET /user/profile -> 200 (9.20 ms)
2026-08-17 10:52:07 | INFO | fastapi_app | GET /products -> 200 (13.85 ms)
2026-08-17 10:52:07 | INFO | fastapi_app | GET /products -> 200 (13.26 ms)
2026-08-17 10:52:14 | INFO | fastapi_app | GET /user/profile -> 200 (8.51 ms)
2026-08-17 10:52:14 | INFO | fastapi_app | GET /user/profile -> 200 (7.68 ms)
2026-08-17 10:52:14 | INFO | fastapi_app | GET /products -> 200 (13.51 ms)
2026-08-17 10:52:14 | INFO | fastapi_app | GET /products -> 200 (12.01 ms)
2026-08-17 10:52:22 | INFO | fastapi_app | GET /user/profile -> 200 (9.22 ms)
2026-08-17 10:52:22 | INFO | fastapi_app | GET /user/profile -> 200 (7.67 ms)
2026-08-17 10:52:23 | INFO | fastapi_app | GET /products -> 200 (15.33 ms)
2026-08-17 10:52:23 | INFO | fastapi_app | GET /products -> 200 (12.23 ms)
2026-08-17 11:42:30 | INFO | fastapi_app | POST /auth/login -> 200 (530.88 ms)
2026-08-17 11:42:30 | INFO | fastapi_app | GET /user/profile -> 200 (7.35 ms)
2026-08-17 11:42:30 | INFO | fastapi_app | GET /products -> 200 (13.66 ms)
2026-08-17 11:42:30 | INFO | fastapi_app | GET /products -> 200 (12.09 ms)
2026-08-17 11:44:53 | INFO | fastapi_app | POST /cart -> 201 (26.84 ms)
2026-08-17 11:47:19 | INFO | fastapi_app | GET /products -> 200 (10.90 ms)
2026-08-17 11:47:37 | INFO | fastapi_app | GET /products -> 200 (11.42 ms)
2026-08-17 11:47:37 | INFO | fastapi_app | GET /products -> 200 (9.23 ms)
2026-08-17 11:47:37 | INFO | fastapi_app | GET /products -> 200 (9.42 ms)
2026-08-17 11:47:37 | INFO | fastapi_app | GET /products -> 200 (8.70 ms)
2026-08-17 11:47:41 | INFO | fastapi_app | GET /products -> 200 (8.99 ms)
2026-08-17 11:47:41 | INFO | fastapi_app | GET /products -> 200 (8.22 ms)
2026-08-17 11:47:45 | INFO | fastapi_app | GET /products -> 200 (9.16 ms)
2026-08-17 11:47:45 | INFO | fastapi_app | GET /products -> 200 (10.50 ms)
2026-08-17 11:47:56 | INFO | fastapi_app | GET /products -> 200 (16.54 ms)
2026-08-17 11:47:58 | INFO | fastapi_app | GET /cart -> 200 (10.77 ms)
2026-08-17 11:47:59 | INFO | fastapi_app | DELETE /cart/4 -> 204 (10.46 ms)
2026-08-17 11:47:59 | INFO | fastapi_app | GET /cart -> 200 (5.87 ms)
2026-08-17 11:48:02 | INFO | fastapi_app | POST /cart -> 201 (14.44 ms)
2026-08-17 11:48:06 | INFO | fastapi_app | POST /cart -> 201 (15.52 ms)
2026-08-17 11:48:07 | INFO | fastapi_app | GET /cart -> 200 (6.41 ms)
2026-08-17 11:48:09 | INFO | fastapi_app | DELETE /cart/6 -> 204 (10.09 ms)
2026-08-17 11:48:09 | INFO | fastapi_app | GET /cart -> 200 (6.59 ms)
2026-08-17 11:48:10 | INFO | fastapi_app | DELETE /cart/5 -> 204 (20.39 ms)
2026-08-17 11:48:10 | INFO | fastapi_app | GET /cart -> 200 (6.82 ms)
2026-08-17 11:48:44 | INFO | fastapi_app | GET /products -> 200 (12.87 ms)
2026-08-17 11:48:46 | INFO | fastapi_app | GET /user/profile -> 200 (7.77 ms)
2026-08-17 11:48:46 | INFO | fastapi_app | GET /user/profile -> 200 (7.02 ms)
2026-08-17 11:48:46 | INFO | fastapi_app | GET /products -> 200 (10.24 ms)
2026-08-17 11:48:46 | INFO | fastapi_app | GET /cart -> 200 (6.59 ms)
2026-08-17 11:48:46 | INFO | fastapi_app | GET /products -> 200 (9.08 ms)
2026-08-17 11:48:46 | INFO | fastapi_app | GET /cart -> 200 (6.11 ms)
2026-08-17 11:48:46 | INFO | fastapi_app | GET /cart -> 200 (6.96 ms)
2026-08-17 11:48:46 | INFO | fastapi_app | GET /cart -> 200 (4.75 ms)
2026-08-17 11:48:46 | INFO | fastapi_app | GET /cart -> 200 (6.74 ms)
2026-08-17 11:48:46 | INFO | fastapi_app | GET /cart -> 200 (7.72 ms)
2026-08-17 11:48:46 | INFO | fastapi_app | GET /cart -> 200 (6.12 ms)
2026-08-17 11:48:46 | INFO | fastapi_app | GET /cart -> 200 (7.16 ms)
2026-08-17 11:48:46 | INFO | fastapi_app | GET /cart -> 200 (6.55 ms)
2026-08-17 11:48:46 | INFO | fastapi_app | GET /cart -> 200 (7.10 ms)
2026-08-17 11:48:46 | INFO | fastapi_app | GET /cart -> 200 (7.17 ms)
2026-08-17 11:48:46 | INFO | fastapi_app | GET /cart -> 200 (6.18 ms)
2026-08-17 11:48:46 | INFO | fastapi_app | GET /cart -> 200 (7.16 ms)
2026-08-17 11:48:46 | INFO | fastapi_app | GET /cart -> 200 (6.67 ms)
2026-08-17 11:48:46 | INFO | fastapi_app | GET /cart -> 200 (6.68 ms)
2026-08-17 11:48:46 | INFO | fastapi_app | GET /cart -> 200 (7.52 ms)
2026-08-17 11:48:46 | INFO | fastapi_app | GET /cart -> 200 (6.15 ms)
2026-08-17 11:48:46 | INFO | fastapi_app | GET /cart -> 200 (6.95 ms)
2026-08-17 11:48:46 | INFO | fastapi_app | GET /cart -> 200 (7.05 ms)
2026-08-17 11:48:46 | INFO | fastapi_app | GET /cart -> 200 (5.73 ms)
2026-08-17 11:48:46 | INFO | fastapi_app | GET /cart -> 200 (6.89 ms)
2026-08-17 11:48:46 | INFO | fastapi_app | GET /cart -> 200 (6.84 ms)
2026-08-17 11:48:46 | INFO | fastapi_app | GET /cart -> 200 (8.75 ms)
2026-08-17 11:48:46 | INFO | fastapi_app | GET /cart -> 200 (6.18 ms)
2026-08-17 11:48:46 | INFO | fastapi_app | GET /cart -> 200 (6.97 ms)
2026-08-17 11:48:46 | INFO | fastapi_app | GET /cart -> 200 (6.70 ms)
2026-08-17 11:48:46 | INFO | fastapi_app | GET /cart -> 200 (7.01 ms)
2026-08-17 11:48:46 | INFO | fastapi_app | GET /cart -> 200 (5.64 ms)
2026-08-17 11:48:46 | INFO | fastapi_app | GET /cart -> 200 (7.38 ms)
2026-08-17 11:48:46 | INFO | fastapi_app | GET /cart -> 200 (6.93 ms)
2026-08-17 11:48:46 | INFO | fastapi_app | GET /cart -> 200 (7.69 ms)
2026-08-17 11:48:46 | INFO | fastapi_app | GET /cart -> 200 (7.33 ms)
2026-08-17 11:48:46 | INFO | fastapi_app | GET /cart -> 200 (6.32 ms)
2026-08-17 11:48:46 | INFO | fastapi_app | GET /cart -> 200 (9.17 ms)
2026-08-17 11:48:46 | INFO | fastapi_app | GET /cart -> 200 (7.70 ms)
2026-08-17 11:48:46 | INFO | fastapi_app | GET /cart -> 200 (7.48 ms)
2026-08-17 11:48:46 | INFO | fastapi_app | GET /cart -> 200 (5.49 ms)
2026-08-17 11:48:46 | INFO | fastapi_app | GET /cart -> 200 (6.28 ms)
2026-08-17 11:48:46 | INFO | fastapi_app | GET /cart -> 200 (6.79 ms)
2026-08-17 11:48:46 | INFO | fastapi_app | GET /cart -> 200 (7.55 ms)
2026-08-17 11:48:46 | INFO | fastapi_app | GET /cart -> 200 (6.71 ms)
2026-08-17 11:48:46 | INFO | fastapi_app | GET /cart -> 200 (7.53 ms)
2026-08-17 11:48:46 | INFO | fastapi_app | GET /cart -> 200 (6.45 ms)
2026-08-17 11:48:46 | INFO | fastapi_app | GET /cart -> 200 (8.86 ms)
2026-08-17 11:48:46 | INFO | fastapi_app | GET /cart -> 200 (7.19 ms)
2026-08-17 11:48:46 | INFO | fastapi_app | GET /cart -> 200 (7.63 ms)
2026-08-17 11:48:46 | INFO | fastapi_app | GET /cart -> 200 (6.93 ms)
2026-08-17 11:48:46 | INFO | fastapi_app | GET /cart -> 200 (7.61 ms)
2026-08-17 11:48:46 | INFO | fastapi_app | GET /cart -> 200 (8.04 ms)
2026-08-17 11:48:46 | INFO | fastapi_app | GET /cart -> 200 (6.17 ms)
2026-08-17 11:48:46 | INFO | fastapi_app | GET /cart -> 200 (7.35 ms)
2026-08-17 11:48:46 | INFO | fastapi_app | GET /cart -> 200 (6.57 ms)
2026-08-17 11:48:46 | INFO | fastapi_app | GET /cart -> 200 (6.70 ms)
2026-08-17 11:48:46 | INFO | fastapi_app | GET /cart -> 200 (8.59 ms)
2026-08-17 11:48:46 | INFO | fastapi_app | GET /cart -> 200 (7.35 ms)
2026-08-17 11:48:46 | INFO | fastapi_app | GET /cart -> 200 (7.46 ms)
2026-08-17 11:48:46 | INFO | fastapi_app | GET /cart -> 200 (8.45 ms)
2026-08-17 11:48:46 | INFO | fastapi_app | GET /cart -> 200 (7.51 ms)
2026-08-17 11:48:46 | INFO | fastapi_app | GET /cart -> 200 (8.32 ms)
2026-08-17 11:48:46 | INFO | fastapi_app | GET /cart -> 200 (9.98 ms)
2026-08-17 11:48:46 | INFO | fastapi_app | GET /cart -> 200 (6.74 ms)
2026-08-17 11:48:46 | INFO | fastapi_app | GET /cart -> 200 (7.07 ms)
2026-08-17 11:48:46 | INFO | fastapi_app | GET /cart -> 200 (10.31 ms)
2026-08-17 11:48:46 | INFO | fastapi_app | GET /cart -> 200 (8.44 ms)
2026-08-17 11:48:46 | INFO | fastapi_app | GET /cart -> 200 (7.10 ms)
2026-08-17 11:48:46 | INFO | fastapi_app | GET /cart -> 200 (9.59 ms)
2026-08-17 11:48:46 | INFO | fastapi_app | GET /cart -> 200 (8.18 ms)
2026-08-17 11:48:46 | INFO | fastapi_app | GET /cart -> 200 (9.64 ms)
2026-08-17 11:48:46 | INFO | fastapi_app | GET /cart -> 200 (8.51 ms)
2026-08-17 11:48:46 | INFO | fastapi_app | GET /cart -> 200 (8.40 ms)
2026-08-17 11:48:46 | INFO | fastapi_app | GET /cart -> 200 (8.46 ms)
2026-08-17 11:48:47 | INFO | fastapi_app | GET /cart -> 200 (12.66 ms)
2026-08-17 11:48:47 | INFO | fastapi_app | GET /cart -> 200 (8.63 ms)
2026-08-17 11:48:47 | INFO | fastapi_app | GET /cart -> 200 (7.65 ms)
2026-08-17 11:48:47 | INFO | fastapi_app | GET /cart -> 200 (7.32 ms)
2026-08-17 11:48:47 | INFO | fastapi_app | GET /cart -> 200 (8.74 ms)
2026-08-17 11:48:47 | INFO | fastapi_app | GET /cart -> 200 (8.52 ms)
2026-08-17 11:48:47 | INFO | fastapi_app | GET /cart -> 200 (10.29 ms)
2026-08-17 11:48:47 | INFO | fastapi_app | GET /cart -> 200 (9.38 ms)
2026-08-17 11:48:47 | INFO | fastapi_app | GET /cart -> 200 (8.17 ms)
2026-08-17 11:48:47 | INFO | fastapi_app | GET /cart -> 200 (10.56 ms)
2026-08-17 11:48:47 | INFO | fastapi_app | GET /cart -> 200 (7.51 ms)
2026-08-17 11:48:47 | INFO | fastapi_app | GET /cart -> 200 (8.46 ms)
2026-08-17 11:48:47 | INFO | fastapi_app | GET /cart -> 200 (40.53 ms)
2026-08-17 11:48:47 | INFO | fastapi_app | GET /cart -> 200 (7.52 ms)
2026-08-17 11:48:47 | INFO | fastapi_app | GET /cart -> 200 (9.42 ms)
2026-08-17 11:48:47 | INFO | fastapi_app | GET /cart -> 200 (6.65 ms)
2026-08-17 11:48:47 | INFO | fastapi_app | GET /cart -> 200 (7.11 ms)
2026-08-17 11:48:47 | INFO | fastapi_app | GET /cart -> 200 (8.31 ms)
2026-08-17 11:48:47 | INFO | fastapi_app | GET /cart -> 200 (8.13 ms)
2026-08-17 11:48:47 | INFO | fastapi_app | GET /cart -> 200 (7.79 ms)
2026-08-17 11:48:47 | INFO | fastapi_app | GET /cart -> 200 (8.66 ms)
2026-08-17 11:48:47 | INFO | fastapi_app | GET /cart -> 200 (10.26 ms)
2026-08-17 11:48:47 | INFO | fastapi_app | GET /cart -> 200 (9.26 ms)
2026-08-17 11:48:47 | INFO | fastapi_app | GET /cart -> 200 (8.88 ms)
2026-08-17 11:48:47 | INFO | fastapi_app | GET /cart -> 200 (8.05 ms)
2026-08-17 11:48:47 | INFO | fastapi_app | GET /cart -> 200 (8.40 ms)
2026-08-17 11:48:47 | INFO | fastapi_app | GET /cart -> 200 (6.78 ms)
2026-08-17 11:48:47 | INFO | fastapi_app | GET /cart -> 200 (10.09 ms)
2026-08-17 11:48:47 | INFO | fastapi_app | GET /cart -> 200 (8.97 ms)
2026-08-17 11:48:47 | INFO | fastapi_app | GET /cart -> 200 (9.53 ms)
2026-08-17 11:48:47 | INFO | fastapi_app | GET /cart -> 200 (7.66 ms)
2026-08-17 11:48:47 | INFO | fastapi_app | GET /cart -> 200 (6.91 ms)
2026-08-17 11:48:47 | INFO | fastapi_app | GET /cart -> 200 (7.79 ms)
2026-08-17 11:48:47 | INFO | fastapi_app | GET /cart -> 200 (35.74 ms)
2026-08-17 11:48:47 | INFO | fastapi_app | GET /cart -> 200 (8.26 ms)
2026-08-17 11:48:47 | INFO | fastapi_app | GET /cart -> 200 (8.60 ms)
2026-08-17 11:48:47 | INFO | fastapi_app | GET /cart -> 200 (9.33 ms)
2026-08-17 11:48:47 | INFO | fastapi_app | GET /cart -> 200 (9.73 ms)
2026-08-17 11:48:47 | INFO | fastapi_app | GET /cart -> 200 (12.70 ms)
2026-08-17 11:48:47 | INFO | fastapi_app | GET /cart -> 200 (8.33 ms)
2026-08-17 11:48:47 | INFO | fastapi_app | GET /cart -> 200 (7.51 ms)
2026-08-17 11:48:47 | INFO | fastapi_app | GET /cart -> 200 (6.70 ms)
2026-08-17 11:48:47 | INFO | fastapi_app | GET /cart -> 200 (8.37 ms)
2026-08-17 11:48:47 | INFO | fastapi_app | GET /cart -> 200 (7.54 ms)
2026-08-17 11:48:47 | INFO | fastapi_app | GET /cart -> 200 (6.84 ms)
2026-08-17 11:48:47 | INFO | fastapi_app | GET /cart -> 200 (9.09 ms)
2026-08-17 11:48:47 | INFO | fastapi_app | GET /cart -> 200 (9.69 ms)
2026-08-17 11:48:47 | INFO | fastapi_app | GET /cart -> 200 (7.47 ms)
2026-08-17 11:48:47 | INFO | fastapi_app | GET /cart -> 200 (7.32 ms)
2026-08-17 11:48:47 | INFO | fastapi_app | GET /cart -> 200 (8.70 ms)
2026-08-17 11:48:47 | INFO | fastapi_app | GET /cart -> 200 (9.46 ms)
2026-08-17 11:48:47 | INFO | fastapi_app | GET /cart -> 200 (8.95 ms)
2026-08-17 11:48:47 | INFO | fastapi_app | GET /cart -> 200 (8.82 ms)
2026-08-17 11:48:47 | INFO | fastapi_app | GET /cart -> 200 (7.35 ms)
2026-08-17 11:48:47 | INFO | fastapi_app | GET /cart -> 200 (8.65 ms)
2026-08-17 11:48:47 | INFO | fastapi_app | GET /cart -> 200 (16.69 ms)
2026-08-17 11:48:47 | INFO | fastapi_app | GET /cart -> 200 (9.01 ms)
2026-08-17 11:48:47 | INFO | fastapi_app | GET /cart -> 200 (10.50 ms)
2026-08-17 11:48:47 | INFO | fastapi_app | GET /cart -> 200 (10.96 ms)
2026-08-17 11:48:47 | INFO | fastapi_app | GET /cart -> 200 (7.23 ms)
2026-08-17 11:48:47 | INFO | fastapi_app | GET /cart -> 200 (7.75 ms)
2026-08-17 11:48:47 | INFO | fastapi_app | GET /cart -> 200 (8.20 ms)
2026-08-17 11:48:47 | INFO | fastapi_app | GET /cart -> 200 (8.05 ms)
2026-08-17 11:48:47 | INFO | fastapi_app | GET /cart -> 200 (10.19 ms)
2026-08-17 11:48:47 | INFO | fastapi_app | GET /cart -> 200 (7.69 ms)
2026-08-17 11:48:47 | INFO | fastapi_app | GET /cart -> 200 (6.79 ms)
2026-08-17 11:48:48 | INFO | fastapi_app | GET /cart -> 200 (8.33 ms)
2026-08-17 11:48:48 | INFO | fastapi_app | GET /cart -> 200 (8.04 ms)
2026-08-17 11:48:48 | INFO | fastapi_app | GET /cart -> 200 (9.13 ms)
2026-08-17 11:48:48 | INFO | fastapi_app | GET /cart -> 200 (7.05 ms)
2026-08-17 11:48:48 | INFO | fastapi_app | GET /cart -> 200 (8.36 ms)
2026-08-17 11:48:48 | INFO | fastapi_app | GET /cart -> 200 (9.50 ms)
2026-08-17 11:48:48 | INFO | fastapi_app | GET /cart -> 200 (6.65 ms)
2026-08-17 11:48:48 | INFO | fastapi_app | GET /cart -> 200 (8.42 ms)
2026-08-17 11:48:48 | INFO | fastapi_app | GET /cart -> 200 (8.30 ms)
2026-08-17 11:48:48 | INFO | fastapi_app | GET /cart -> 200 (7.59 ms)
2026-08-17 11:48:48 | INFO | fastapi_app | GET /cart -> 200 (12.54 ms)
2026-08-17 11:48:48 | INFO | fastapi_app | GET /cart -> 200 (9.06 ms)
2026-08-17 11:48:48 | INFO | fastapi_app | GET /cart -> 200 (7.25 ms)
2026-08-17 11:48:48 | INFO | fastapi_app | GET /cart -> 200 (8.86 ms)
2026-08-17 11:48:48 | INFO | fastapi_app | GET /cart -> 200 (9.37 ms)
2026-08-17 11:48:48 | INFO | fastapi_app | GET /cart -> 200 (7.50 ms)
2026-08-17 11:48:48 | INFO | fastapi_app | GET /cart -> 200 (7.83 ms)
2026-08-17 11:48:48 | INFO | fastapi_app | GET /cart -> 200 (6.81 ms)
2026-08-17 11:48:48 | INFO | fastapi_app | GET /cart -> 200 (8.01 ms)
2026-08-17 11:48:48 | INFO | fastapi_app | GET /cart -> 200 (6.47 ms)
2026-08-17 11:48:48 | INFO | fastapi_app | GET /cart -> 200 (8.54 ms)
2026-08-17 11:48:48 | INFO | fastapi_app | GET /cart -> 200 (6.91 ms)
2026-08-17 11:48:48 | INFO | fastapi_app | GET /cart -> 200 (7.19 ms)
2026-08-17 11:48:48 | INFO | fastapi_app | GET /cart -> 200 (9.76 ms)
2026-08-17 11:48:48 | INFO | fastapi_app | GET /cart -> 200 (13.02 ms)
2026-08-17 11:48:48 | INFO | fastapi_app | GET /cart -> 200 (9.87 ms)
2026-08-17 11:48:48 | INFO | fastapi_app | GET /cart -> 200 (8.46 ms)
2026-08-17 11:48:48 | INFO | fastapi_app | GET /cart -> 200 (10.46 ms)
2026-08-17 11:48:48 | INFO | fastapi_app | GET /cart -> 200 (8.47 ms)
2026-08-17 11:48:48 | INFO | fastapi_app | GET /cart -> 200 (6.43 ms)
2026-08-17 11:48:48 | INFO | fastapi_app | GET /cart -> 200 (10.59 ms)
2026-08-17 11:48:48 | INFO | fastapi_app | GET /cart -> 200 (7.69 ms)
2026-08-17 11:48:48 | INFO | fastapi_app | GET /cart -> 200 (9.11 ms)
2026-08-17 11:48:48 | INFO | fastapi_app | GET /cart -> 200 (9.27 ms)
2026-08-17 11:48:48 | INFO | fastapi_app | GET /cart -> 200 (14.43 ms)
2026-08-17 11:48:48 | INFO | fastapi_app | GET /cart -> 200 (8.10 ms)
2026-08-17 11:48:48 | INFO | fastapi_app | GET /cart -> 200 (8.64 ms)
2026-08-17 11:48:48 | INFO | fastapi_app | GET /cart -> 200 (8.88 ms)
2026-08-17 11:48:48 | INFO | fastapi_app | GET /cart -> 200 (9.96 ms)
2026-08-17 11:48:48 | INFO | fastapi_app | GET /cart -> 200 (9.27 ms)
2026-08-17 11:48:48 | INFO | fastapi_app | GET /cart -> 200 (8.99 ms)
2026-08-17 11:48:48 | INFO | fastapi_app | GET /cart -> 200 (8.89 ms)
2026-08-17 11:48:48 | INFO | fastapi_app | GET /cart -> 200 (8.35 ms)
2026-08-17 11:48:48 | INFO | fastapi_app | GET /cart -> 200 (8.96 ms)
2026-08-17 11:48:48 | INFO | fastapi_app | GET /cart -> 200 (7.84 ms)
2026-08-17 11:48:48 | INFO | fastapi_app | GET /cart -> 200 (7.54 ms)
2026-08-17 11:48:48 | INFO | fastapi_app | GET /cart -> 200 (8.04 ms)
2026-08-17 11:48:48 | INFO | fastapi_app | GET /cart -> 200 (7.32 ms)
2026-08-17 11:48:48 | INFO | fastapi_app | GET /cart -> 200 (8.06 ms)
2026-08-17 11:48:48 | INFO | fastapi_app | GET /cart -> 200 (7.16 ms)
2026-08-17 11:48:48 | INFO | fastapi_app | GET /cart -> 200 (9.48 ms)
2026-08-17 11:48:48 | INFO | fastapi_app | GET /cart -> 200 (7.11 ms)
2026-08-17 11:48:48 | INFO | fastapi_app | GET /cart -> 200 (7.45 ms)
2026-08-17 11:48:48 | INFO | fastapi_app | GET /cart -> 200 (8.31 ms)
2026-08-17 11:48:48 | INFO | fastapi_app | GET /cart -> 200 (7.27 ms)
2026-08-17 11:48:48 | INFO | fastapi_app | GET /cart -> 200 (6.75 ms)
2026-08-17 11:48:48 | INFO | fastapi_app | GET /cart -> 200 (8.45 ms)
2026-08-17 11:48:48 | INFO | fastapi_app | GET /cart -> 200 (8.91 ms)
2026-08-17 11:48:48 | INFO | fastapi_app | GET /cart -> 200 (8.13 ms)
2026-08-17 11:48:48 | INFO | fastapi_app | GET /cart -> 200 (6.84 ms)
2026-08-17 11:48:48 | INFO | fastapi_app | GET /cart -> 200 (10.56 ms)
2026-08-17 11:48:48 | INFO | fastapi_app | GET /cart -> 200 (32.85 ms)
2026-08-17 11:48:48 | INFO | fastapi_app | GET /cart -> 200 (12.56 ms)
2026-08-17 11:48:48 | INFO | fastapi_app | GET /cart -> 200 (8.40 ms)
2026-08-17 11:48:48 | INFO | fastapi_app | GET /cart -> 200 (10.66 ms)
2026-08-17 11:48:48 | INFO | fastapi_app | GET /cart -> 200 (9.21 ms)
2026-08-17 11:48:48 | INFO | fastapi_app | GET /cart -> 200 (8.42 ms)
2026-08-17 11:48:48 | INFO | fastapi_app | GET /cart -> 200 (13.14 ms)
2026-08-17 11:48:48 | INFO | fastapi_app | GET /cart -> 200 (10.45 ms)
2026-08-17 11:48:48 | INFO | fastapi_app | GET /cart -> 200 (10.63 ms)
2026-08-17 11:48:48 | INFO | fastapi_app | GET /cart -> 200 (9.35 ms)
2026-08-17 11:48:48 | INFO | fastapi_app | GET /cart -> 200 (9.41 ms)
2026-08-17 11:48:49 | INFO | fastapi_app | GET /cart -> 200 (8.17 ms)
2026-08-17 11:48:49 | INFO | fastapi_app | GET /cart -> 200 (9.05 ms)
2026-08-17 11:48:49 | INFO | fastapi_app | GET /cart -> 200 (8.15 ms)
2026-08-17 11:48:49 | INFO | fastapi_app | GET /cart -> 200 (9.21 ms)
2026-08-17 11:48:49 | INFO | fastapi_app | GET /cart -> 200 (8.82 ms)
2026-08-17 11:48:49 | INFO | fastapi_app | GET /cart -> 200 (9.22 ms)
2026-08-17 11:48:49 | INFO | fastapi_app | GET /cart -> 200 (7.78 ms)
2026-08-17 11:48:49 | INFO | fastapi_app | GET /cart -> 200 (7.53 ms)
2026-08-17 11:48:49 | INFO | fastapi_app | GET /cart -> 200 (7.83 ms)
2026-08-17 11:48:49 | INFO | fastapi_app | GET /cart -> 200 (7.97 ms)
2026-08-17 11:48:49 | INFO | fastapi_app | GET /cart -> 200 (8.55 ms)
2026-08-17 11:48:49 | INFO | fastapi_app | GET /cart -> 200 (8.19 ms)
2026-08-17 11:48:49 | INFO | fastapi_app | GET /cart -> 200 (13.02 ms)
2026-08-17 11:48:49 | INFO | fastapi_app | GET /cart -> 200 (8.91 ms)
2026-08-17 11:48:49 | INFO | fastapi_app | GET /cart -> 200 (8.68 ms)
2026-08-17 11:48:49 | INFO | fastapi_app | GET /cart -> 200 (8.63 ms)
2026-08-17 11:48:49 | INFO | fastapi_app | GET /cart -> 200 (9.49 ms)
2026-08-17 11:48:49 | INFO | fastapi_app | GET /cart -> 200 (6.85 ms)
2026-08-17 11:48:49 | INFO | fastapi_app | GET /cart -> 200 (162.87 ms)
2026-08-17 11:48:49 | INFO | fastapi_app | GET /cart -> 200 (7.35 ms)
2026-08-17 11:48:49 | INFO | fastapi_app | GET /cart -> 200 (9.10 ms)
2026-08-17 11:48:49 | INFO | fastapi_app | GET /cart -> 200 (9.56 ms)
2026-08-17 11:48:49 | INFO | fastapi_app | GET /cart -> 200 (6.61 ms)
2026-08-17 11:48:49 | INFO | fastapi_app | GET /cart -> 200 (6.02 ms)
2026-08-17 11:48:49 | INFO | fastapi_app | GET /cart -> 200 (9.98 ms)
2026-08-17 11:48:49 | INFO | fastapi_app | GET /cart -> 200 (6.03 ms)
2026-08-17 11:48:49 | INFO | fastapi_app | GET /cart -> 200 (6.46 ms)
2026-08-17 11:48:49 | INFO | fastapi_app | GET /cart -> 200 (8.16 ms)
2026-08-17 11:48:49 | INFO | fastapi_app | GET /cart -> 200 (7.88 ms)
2026-08-17 11:48:49 | INFO | fastapi_app | GET /cart -> 200 (8.85 ms)
2026-08-17 11:48:49 | INFO | fastapi_app | GET /cart -> 200 (8.26 ms)
2026-08-17 11:48:49 | INFO | fastapi_app | GET /cart -> 200 (7.43 ms)
2026-08-17 11:48:49 | INFO | fastapi_app | GET /cart -> 200 (8.71 ms)
2026-08-17 11:48:49 | INFO | fastapi_app | GET /cart -> 200 (8.76 ms)
2026-08-17 11:48:49 | INFO | fastapi_app | GET /cart -> 200 (9.44 ms)
2026-08-17 11:48:49 | INFO | fastapi_app | GET /cart -> 200 (7.39 ms)
2026-08-17 11:48:49 | INFO | fastapi_app | GET /cart -> 200 (8.56 ms)
2026-08-17 11:48:49 | INFO | fastapi_app | GET /cart -> 200 (7.84 ms)
2026-08-17 11:48:49 | INFO | fastapi_app | GET /cart -> 200 (10.98 ms)
2026-08-17 11:48:49 | INFO | fastapi_app | GET /cart -> 200 (9.75 ms)
2026-08-17 11:48:49 | INFO | fastapi_app | GET /cart -> 200 (7.43 ms)
2026-08-17 11:48:49 | INFO | fastapi_app | GET /cart -> 200 (7.54 ms)
2026-08-17 11:48:49 | INFO | fastapi_app | GET /cart -> 200 (8.19 ms)
2026-08-17 11:48:49 | INFO | fastapi_app | GET /cart -> 200 (8.48 ms)
2026-08-17 11:48:49 | INFO | fastapi_app | GET /cart -> 200 (8.51 ms)
2026-08-17 11:48:49 | INFO | fastapi_app | GET /cart -> 200 (8.14 ms)
2026-08-17 11:48:49 | INFO | fastapi_app | GET /cart -> 200 (8.02 ms)
2026-08-17 11:48:49 | INFO | fastapi_app | GET /cart -> 200 (9.96 ms)
2026-08-17 11:48:49 | INFO | fastapi_app | GET /cart -> 200 (8.68 ms)
2026-08-17 11:48:49 | INFO | fastapi_app | GET /cart -> 200 (8.30 ms)
2026-08-17 11:48:49 | INFO | fastapi_app | GET /cart -> 200 (14.62 ms)
2026-08-17 11:48:49 | INFO | fastapi_app | GET /cart -> 200 (8.75 ms)
2026-08-17 11:48:49 | INFO | fastapi_app | GET /cart -> 200 (9.36 ms)
2026-08-17 11:48:49 | INFO | fastapi_app | GET /cart -> 200 (9.12 ms)
2026-08-17 11:48:49 | INFO | fastapi_app | GET /cart -> 200 (9.07 ms)
2026-08-17 11:48:49 | INFO | fastapi_app | GET /cart -> 200 (9.20 ms)
2026-08-17 11:48:49 | INFO | fastapi_app | GET /cart -> 200 (8.83 ms)
2026-08-17 11:48:49 | INFO | fastapi_app | GET /cart -> 200 (8.67 ms)
2026-08-17 11:48:49 | INFO | fastapi_app | GET /cart -> 200 (7.93 ms)
2026-08-17 11:48:50 | INFO | fastapi_app | GET /cart -> 200 (8.96 ms)
2026-08-17 11:48:50 | INFO | fastapi_app | GET /cart -> 200 (11.94 ms)
2026-08-17 11:48:50 | INFO | fastapi_app | GET /cart -> 200 (10.46 ms)
2026-08-17 11:48:50 | INFO | fastapi_app | GET /cart -> 200 (10.20 ms)
2026-08-17 11:48:50 | INFO | fastapi_app | GET /cart -> 200 (15.83 ms)
2026-08-17 11:48:50 | INFO | fastapi_app | GET /cart -> 200 (10.53 ms)
2026-08-17 11:48:50 | INFO | fastapi_app | GET /cart -> 200 (10.26 ms)
2026-08-17 11:48:50 | INFO | fastapi_app | GET /cart -> 200 (14.14 ms)
2026-08-17 11:48:50 | INFO | fastapi_app | GET /cart -> 200 (8.04 ms)
2026-08-17 11:48:50 | INFO | fastapi_app | GET /cart -> 200 (13.81 ms)
2026-08-17 11:48:50 | INFO | fastapi_app | GET /cart -> 200 (9.55 ms)
2026-08-17 11:48:50 | INFO | fastapi_app | GET /cart -> 200 (8.21 ms)
2026-08-17 11:48:50 | INFO | fastapi_app | GET /cart -> 200 (6.97 ms)
2026-08-17 11:48:50 | INFO | fastapi_app | GET /cart -> 200 (8.72 ms)
2026-08-17 11:48:50 | INFO | fastapi_app | GET /cart -> 200 (9.90 ms)
2026-08-17 11:48:50 | INFO | fastapi_app | GET /cart -> 200 (7.13 ms)
2026-08-17 11:48:50 | INFO | fastapi_app | GET /cart -> 200 (7.98 ms)
2026-08-17 11:48:50 | INFO | fastapi_app | GET /cart -> 200 (9.06 ms)
2026-08-17 11:48:50 | INFO | fastapi_app | GET /cart -> 200 (9.50 ms)
2026-08-17 11:48:50 | INFO | fastapi_app | GET /cart -> 200 (9.29 ms)
2026-08-17 11:48:50 | INFO | fastapi_app | GET /cart -> 200 (7.73 ms)
2026-08-17 11:48:50 | INFO | fastapi_app | GET /cart -> 200 (8.45 ms)
2026-08-17 11:48:50 | INFO | fastapi_app | GET /cart -> 200 (10.14 ms)
2026-08-17 11:48:50 | INFO | fastapi_app | GET /cart -> 200 (8.27 ms)
2026-08-17 11:48:50 | INFO | fastapi_app | GET /cart -> 200 (9.48 ms)
2026-08-17 11:48:50 | INFO | fastapi_app | GET /cart -> 200 (9.02 ms)
2026-08-17 11:48:50 | INFO | fastapi_app | GET /cart -> 200 (8.39 ms)
2026-08-17 11:48:50 | INFO | fastapi_app | GET /cart -> 200 (8.19 ms)
2026-08-17 11:48:50 | INFO | fastapi_app | GET /cart -> 200 (7.90 ms)
2026-08-17 11:48:50 | INFO | fastapi_app | GET /cart -> 200 (8.32 ms)
2026-08-17 11:48:50 | INFO | fastapi_app | GET /cart -> 200 (7.74 ms)
2026-08-17 11:48:50 | INFO | fastapi_app | GET /cart -> 200 (7.63 ms)
2026-08-17 11:48:50 | INFO | fastapi_app | GET /cart -> 200 (10.57 ms)
2026-08-17 11:48:50 | INFO | fastapi_app | GET /cart -> 200 (13.70 ms)
2026-08-17 11:48:50 | INFO | fastapi_app | GET /cart -> 200 (7.45 ms)
2026-08-17 11:48:50 | INFO | fastapi_app | GET /cart -> 200 (7.64 ms)
2026-08-17 11:48:50 | INFO | fastapi_app | GET /cart -> 200 (9.50 ms)
2026-08-17 11:48:50 | INFO | fastapi_app | GET /cart -> 200 (8.39 ms)
2026-08-17 11:48:50 | INFO | fastapi_app | GET /cart -> 200 (9.88 ms)
2026-08-17 11:48:50 | INFO | fastapi_app | GET /cart -> 200 (8.21 ms)
2026-08-17 11:48:50 | INFO | fastapi_app | GET /cart -> 200 (12.10 ms)
2026-08-17 11:48:50 | INFO | fastapi_app | GET /cart -> 200 (8.42 ms)
2026-08-17 11:48:50 | INFO | fastapi_app | GET /cart -> 200 (8.88 ms)
2026-08-17 11:48:50 | INFO | fastapi_app | GET /cart -> 200 (9.28 ms)
2026-08-17 11:48:50 | INFO | fastapi_app | GET /cart -> 200 (8.45 ms)
2026-08-17 11:48:50 | INFO | fastapi_app | GET /cart -> 200 (7.64 ms)
2026-08-17 11:48:50 | INFO | fastapi_app | GET /cart -> 200 (7.23 ms)
2026-08-17 11:48:50 | INFO | fastapi_app | GET /cart -> 200 (7.11 ms)
2026-08-17 11:48:50 | INFO | fastapi_app | GET /cart -> 200 (7.87 ms)
2026-08-17 11:48:50 | INFO | fastapi_app | GET /cart -> 200 (7.77 ms)
2026-08-17 11:48:50 | INFO | fastapi_app | GET /cart -> 200 (8.72 ms)
2026-08-17 11:48:50 | INFO | fastapi_app | GET /cart -> 200 (8.55 ms)
2026-08-17 11:48:50 | INFO | fastapi_app | GET /cart -> 200 (7.81 ms)
2026-08-17 11:48:50 | INFO | fastapi_app | GET /cart -> 200 (7.13 ms)
2026-08-17 11:48:50 | INFO | fastapi_app | GET /cart -> 200 (8.38 ms)
2026-08-17 11:48:50 | INFO | fastapi_app | GET /cart -> 200 (6.96 ms)
2026-08-17 11:48:50 | INFO | fastapi_app | GET /cart -> 200 (8.08 ms)
2026-08-17 11:48:50 | INFO | fastapi_app | GET /cart -> 200 (6.84 ms)
2026-08-17 11:48:51 | INFO | fastapi_app | GET /cart -> 200 (8.07 ms)
2026-08-17 11:48:51 | INFO | fastapi_app | GET /cart -> 200 (7.40 ms)
2026-08-17 11:48:51 | INFO | fastapi_app | GET /cart -> 200 (7.23 ms)
2026-08-17 11:48:51 | INFO | fastapi_app | GET /cart -> 200 (7.99 ms)
2026-08-17 11:48:51 | INFO | fastapi_app | GET /cart -> 200 (7.33 ms)
2026-08-17 11:48:51 | INFO | fastapi_app | GET /cart -> 200 (7.75 ms)
2026-08-17 11:48:51 | INFO | fastapi_app | GET /cart -> 200 (8.23 ms)
2026-08-17 11:48:51 | INFO | fastapi_app | GET /cart -> 200 (7.38 ms)
2026-08-17 11:48:51 | INFO | fastapi_app | GET /cart -> 200 (5.74 ms)
2026-08-17 11:48:51 | INFO | fastapi_app | GET /cart -> 200 (8.08 ms)
2026-08-17 11:48:51 | INFO | fastapi_app | GET /cart -> 200 (9.13 ms)
2026-08-17 11:48:51 | INFO | fastapi_app | GET /cart -> 200 (8.68 ms)
2026-08-17 11:48:51 | INFO | fastapi_app | GET /cart -> 200 (9.46 ms)
2026-08-17 11:48:51 | INFO | fastapi_app | GET /cart -> 200 (8.70 ms)
2026-08-17 11:48:51 | INFO | fastapi_app | GET /cart -> 200 (7.66 ms)
2026-08-17 11:48:51 | INFO | fastapi_app | GET /cart -> 200 (9.32 ms)
2026-08-17 11:48:51 | INFO | fastapi_app | GET /cart -> 200 (8.52 ms)
2026-08-17 11:48:51 | INFO | fastapi_app | GET /cart -> 200 (8.71 ms)
2026-08-17 11:48:51 | INFO | fastapi_app | GET /cart -> 200 (8.00 ms)
2026-08-17 11:48:51 | INFO | fastapi_app | GET /cart -> 200 (8.40 ms)
2026-08-17 11:48:51 | INFO | fastapi_app | GET /cart -> 200 (8.35 ms)
2026-08-17 11:48:51 | INFO | fastapi_app | GET /cart -> 200 (14.99 ms)
2026-08-17 11:48:51 | INFO | fastapi_app | GET /cart -> 200 (10.51 ms)
2026-08-17 11:48:51 | INFO | fastapi_app | GET /cart -> 200 (9.18 ms)
2026-08-17 11:48:51 | INFO | fastapi_app | GET /cart -> 200 (9.93 ms)
2026-08-17 11:48:51 | INFO | fastapi_app | GET /cart -> 200 (9.16 ms)
2026-08-17 11:48:51 | INFO | fastapi_app | GET /cart -> 200 (7.66 ms)
2026-08-17 11:48:51 | INFO | fastapi_app | GET /cart -> 200 (8.70 ms)
2026-08-17 11:48:51 | INFO | fastapi_app | GET /cart -> 200 (7.42 ms)
2026-08-17 11:48:51 | INFO | fastapi_app | GET /cart -> 200 (10.75 ms)
2026-08-17 11:48:51 | INFO | fastapi_app | GET /cart -> 200 (11.66 ms)
2026-08-17 11:48:51 | INFO | fastapi_app | GET /cart -> 200 (9.25 ms)
2026-08-17 11:48:51 | INFO | fastapi_app | GET /cart -> 200 (9.21 ms)
2026-08-17 11:48:51 | INFO | fastapi_app | GET /cart -> 200 (8.78 ms)
2026-08-17 11:48:51 | INFO | fastapi_app | GET /cart -> 200 (7.53 ms)
2026-08-17 11:48:51 | INFO | fastapi_app | GET /cart -> 200 (8.04 ms)
2026-08-17 11:48:51 | INFO | fastapi_app | GET /cart -> 200 (7.51 ms)
2026-08-17 11:48:51 | INFO | fastapi_app | GET /cart -> 200 (8.20 ms)
2026-08-17 11:48:51 | INFO | fastapi_app | GET /cart -> 200 (7.65 ms)
2026-08-17 11:48:51 | INFO | fastapi_app | GET /cart -> 200 (11.16 ms)
2026-08-17 11:48:51 | INFO | fastapi_app | GET /cart -> 200 (8.12 ms)
2026-08-17 11:48:51 | INFO | fastapi_app | GET /cart -> 200 (9.04 ms)
2026-08-17 11:48:51 | INFO | fastapi_app | GET /cart -> 200 (8.54 ms)
2026-08-17 11:48:51 | INFO | fastapi_app | GET /cart -> 200 (7.21 ms)
2026-08-17 11:48:51 | INFO | fastapi_app | GET /cart -> 200 (10.77 ms)
2026-08-17 11:48:51 | INFO | fastapi_app | GET /cart -> 200 (6.76 ms)
2026-08-17 11:48:51 | INFO | fastapi_app | GET /cart -> 200 (8.27 ms)
2026-08-17 11:48:51 | INFO | fastapi_app | GET /cart -> 200 (9.22 ms)
2026-08-17 11:48:51 | INFO | fastapi_app | GET /cart -> 200 (8.27 ms)
2026-08-17 11:48:51 | INFO | fastapi_app | GET /cart -> 200 (6.58 ms)
2026-08-17 11:48:51 | INFO | fastapi_app | GET /cart -> 200 (7.02 ms)
2026-08-17 11:48:51 | INFO | fastapi_app | GET /cart -> 200 (6.86 ms)
2026-08-17 11:48:51 | INFO | fastapi_app | GET /cart -> 200 (9.69 ms)
2026-08-17 11:48:51 | INFO | fastapi_app | GET /cart -> 200 (8.85 ms)
2026-08-17 11:48:51 | INFO | fastapi_app | GET /cart -> 200 (7.85 ms)
2026-08-17 11:48:51 | INFO | fastapi_app | GET /cart -> 200 (9.61 ms)
2026-08-17 11:48:51 | INFO | fastapi_app | GET /cart -> 200 (7.58 ms)
2026-08-17 11:48:51 | INFO | fastapi_app | GET /cart -> 200 (7.48 ms)
2026-08-17 11:48:51 | INFO | fastapi_app | GET /cart -> 200 (7.81 ms)
2026-08-17 11:48:51 | INFO | fastapi_app | GET /cart -> 200 (9.28 ms)
2026-08-17 11:48:51 | INFO | fastapi_app | GET /cart -> 200 (7.80 ms)
2026-08-17 11:48:51 | INFO | fastapi_app | GET /cart -> 200 (6.95 ms)
2026-08-17 11:48:51 | INFO | fastapi_app | GET /cart -> 200 (9.11 ms)
2026-08-17 11:48:51 | INFO | fastapi_app | GET /cart -> 200 (6.22 ms)
2026-08-17 11:48:51 | INFO | fastapi_app | GET /cart -> 200 (8.63 ms)
2026-08-17 11:48:51 | INFO | fastapi_app | GET /cart -> 200 (7.68 ms)
2026-08-17 11:48:51 | INFO | fastapi_app | GET /cart -> 200 (7.47 ms)
2026-08-17 11:48:51 | INFO | fastapi_app | GET /cart -> 200 (7.40 ms)
2026-08-17 11:48:51 | INFO | fastapi_app | GET /cart -> 200 (8.32 ms)
2026-08-17 11:48:51 | INFO | fastapi_app | GET /cart -> 200 (7.46 ms)
2026-08-17 11:48:51 | INFO | fastapi_app | GET /cart -> 200 (7.12 ms)
2026-08-17 11:48:51 | INFO | fastapi_app | GET /cart -> 200 (9.14 ms)
2026-08-17 11:48:51 | INFO | fastapi_app | GET /cart -> 200 (8.20 ms)
2026-08-17 11:48:51 | INFO | fastapi_app | GET /cart -> 200 (6.76 ms)
2026-08-17 11:48:51 | INFO | fastapi_app | GET /cart -> 200 (7.50 ms)
2026-08-17 11:48:51 | INFO | fastapi_app | GET /cart -> 200 (6.67 ms)
2026-08-17 11:48:52 | INFO | fastapi_app | GET /cart -> 200 (6.72 ms)
2026-08-17 11:48:52 | INFO | fastapi_app | GET /cart -> 200 (7.29 ms)
2026-08-17 11:48:52 | INFO | fastapi_app | GET /cart -> 200 (8.63 ms)
2026-08-17 11:48:52 | INFO | fastapi_app | GET /cart -> 200 (6.22 ms)
2026-08-17 11:48:52 | INFO | fastapi_app | GET /cart -> 200 (7.68 ms)
2026-08-17 11:48:52 | INFO | fastapi_app | GET /cart -> 200 (7.76 ms)
2026-08-17 11:48:52 | INFO | fastapi_app | GET /cart -> 200 (8.46 ms)
2026-08-17 11:48:52 | INFO | fastapi_app | GET /cart -> 200 (7.94 ms)
2026-08-17 11:48:52 | INFO | fastapi_app | GET /cart -> 200 (6.58 ms)
2026-08-17 11:48:52 | INFO | fastapi_app | GET /cart -> 200 (6.31 ms)
2026-08-17 11:48:52 | INFO | fastapi_app | GET /cart -> 200 (8.27 ms)
2026-08-17 11:48:52 | INFO | fastapi_app | GET /cart -> 200 (6.35 ms)
2026-08-17 11:48:52 | INFO | fastapi_app | GET /cart -> 200 (6.44 ms)
2026-08-17 11:48:52 | INFO | fastapi_app | GET /cart -> 200 (9.33 ms)
2026-08-17 11:48:52 | INFO | fastapi_app | GET /cart -> 200 (7.54 ms)
2026-08-17 11:48:52 | INFO | fastapi_app | GET /cart -> 200 (6.84 ms)
2026-08-17 11:48:52 | INFO | fastapi_app | GET /cart -> 200 (6.63 ms)
2026-08-17 11:48:52 | INFO | fastapi_app | GET /cart -> 200 (6.20 ms)
2026-08-17 11:48:52 | INFO | fastapi_app | GET /cart -> 200 (5.77 ms)
2026-08-17 11:48:52 | INFO | fastapi_app | GET /cart -> 200 (7.79 ms)
2026-08-17 11:48:52 | INFO | fastapi_app | GET /cart -> 200 (6.74 ms)
2026-08-17 11:48:52 | INFO | fastapi_app | GET /cart -> 200 (7.10 ms)
2026-08-17 11:48:52 | INFO | fastapi_app | GET /cart -> 200 (7.03 ms)
2026-08-17 11:48:52 | INFO | fastapi_app | GET /cart -> 200 (6.34 ms)
2026-08-17 11:48:52 | INFO | fastapi_app | GET /cart -> 200 (7.68 ms)
2026-08-17 11:48:52 | INFO | fastapi_app | GET /cart -> 200 (6.45 ms)
2026-08-17 11:48:52 | INFO | fastapi_app | GET /cart -> 200 (7.96 ms)
2026-08-17 11:48:52 | INFO | fastapi_app | GET /cart -> 200 (7.01 ms)
2026-08-17 11:48:52 | INFO | fastapi_app | GET /cart -> 200 (7.49 ms)
2026-08-17 11:48:52 | INFO | fastapi_app | GET /cart -> 200 (7.77 ms)
2026-08-17 11:48:52 | INFO | fastapi_app | GET /cart -> 200 (8.02 ms)
2026-08-17 11:48:52 | INFO | fastapi_app | GET /cart -> 200 (7.43 ms)
2026-08-17 11:48:52 | INFO | fastapi_app | GET /cart -> 200 (6.94 ms)
2026-08-17 11:48:52 | INFO | fastapi_app | GET /cart -> 200 (10.22 ms)
2026-08-17 11:48:52 | INFO | fastapi_app | GET /cart -> 200 (7.07 ms)
2026-08-17 11:48:52 | INFO | fastapi_app | GET /cart -> 200 (7.38 ms)
2026-08-17 11:48:52 | INFO | fastapi_app | GET /cart -> 200 (6.33 ms)
2026-08-17 11:48:52 | INFO | fastapi_app | GET /cart -> 200 (16.06 ms)
2026-08-17 11:48:52 | INFO | fastapi_app | GET /cart -> 200 (10.40 ms)
2026-08-17 11:48:52 | INFO | fastapi_app | GET /cart -> 200 (8.16 ms)
2026-08-17 11:48:52 | INFO | fastapi_app | GET /cart -> 200 (9.03 ms)
2026-08-17 11:48:52 | INFO | fastapi_app | GET /cart -> 200 (29.35 ms)
2026-08-17 11:48:52 | INFO | fastapi_app | GET /cart -> 200 (6.46 ms)
2026-08-17 11:48:52 | INFO | fastapi_app | GET /cart -> 200 (11.06 ms)
2026-08-17 11:48:52 | INFO | fastapi_app | GET /cart -> 200 (6.99 ms)
2026-08-17 11:48:52 | INFO | fastapi_app | GET /cart -> 200 (8.63 ms)
2026-08-17 11:48:53 | INFO | fastapi_app | GET /cart -> 200 (8.14 ms)
2026-08-17 11:48:53 | INFO | fastapi_app | GET /cart -> 200 (7.79 ms)
2026-08-17 11:48:53 | INFO | fastapi_app | GET /cart -> 200 (7.76 ms)
2026-08-17 11:48:53 | INFO | fastapi_app | GET /cart -> 200 (7.49 ms)
2026-08-17 11:48:53 | INFO | fastapi_app | GET /cart -> 200 (7.23 ms)
2026-08-17 11:48:53 | INFO | fastapi_app | GET /cart -> 200 (8.05 ms)
2026-08-17 11:48:53 | INFO | fastapi_app | GET /cart -> 200 (6.63 ms)
2026-08-17 11:48:53 | INFO | fastapi_app | GET /cart -> 200 (7.01 ms)
2026-08-17 11:48:53 | INFO | fastapi_app | GET /cart -> 200 (6.91 ms)
2026-08-17 11:48:53 | INFO | fastapi_app | GET /cart -> 200 (6.84 ms)
2026-08-17 11:48:53 | INFO | fastapi_app | GET /cart -> 200 (6.27 ms)
2026-08-17 11:48:53 | INFO | fastapi_app | GET /cart -> 200 (8.69 ms)
2026-08-17 11:48:53 | INFO | fastapi_app | GET /cart -> 200 (7.09 ms)
2026-08-17 11:48:53 | INFO | fastapi_app | GET /cart -> 200 (6.54 ms)
2026-08-17 11:48:53 | INFO | fastapi_app | GET /cart -> 200 (6.52 ms)
2026-08-17 11:48:53 | INFO | fastapi_app | GET /cart -> 200 (6.33 ms)
2026-08-17 11:48:53 | INFO | fastapi_app | GET /cart -> 200 (6.01 ms)
2026-08-17 11:48:53 | INFO | fastapi_app | GET /cart -> 200 (6.67 ms)
2026-08-17 11:48:53 | INFO | fastapi_app | GET /cart -> 200 (6.61 ms)
2026-08-17 11:48:53 | INFO | fastapi_app | GET /cart -> 200 (6.62 ms)
2026-08-17 11:48:53 | INFO | fastapi_app | GET /cart -> 200 (6.45 ms)
2026-08-17 11:48:53 | INFO | fastapi_app | GET /cart -> 200 (5.98 ms)
2026-08-17 11:48:53 | INFO | fastapi_app | GET /cart -> 200 (6.23 ms)
2026-08-17 11:48:53 | INFO | fastapi_app | GET /cart -> 200 (6.63 ms)
2026-08-17 11:48:53 | INFO | fastapi_app | GET /cart -> 200 (6.81 ms)
2026-08-17 11:48:53 | INFO | fastapi_app | GET /cart -> 200 (6.83 ms)
2026-08-17 11:48:53 | INFO | fastapi_app | GET /cart -> 200 (6.88 ms)
2026-08-17 11:48:53 | INFO | fastapi_app | GET /cart -> 200 (6.86 ms)
2026-08-17 11:48:53 | INFO | fastapi_app | GET /cart -> 200 (6.25 ms)
2026-08-17 11:48:53 | INFO | fastapi_app | GET /cart -> 200 (8.43 ms)
2026-08-17 11:48:53 | INFO | fastapi_app | GET /cart -> 200 (5.91 ms)
2026-08-17 11:48:53 | INFO | fastapi_app | GET /cart -> 200 (6.01 ms)
2026-08-17 11:48:53 | INFO | fastapi_app | GET /cart -> 200 (4.97 ms)
2026-08-17 11:48:53 | INFO | fastapi_app | GET /cart -> 200 (4.99 ms)
2026-08-17 11:48:53 | INFO | fastapi_app | GET /cart -> 200 (6.82 ms)
2026-08-17 11:48:53 | INFO | fastapi_app | GET /cart -> 200 (5.75 ms)
2026-08-17 11:48:53 | INFO | fastapi_app | GET /cart -> 200 (5.80 ms)
2026-08-17 11:48:53 | INFO | fastapi_app | GET /cart -> 200 (5.51 ms)
2026-08-17 11:48:53 | INFO | fastapi_app | GET /cart -> 200 (5.80 ms)
2026-08-17 11:48:53 | INFO | fastapi_app | GET /cart -> 200 (7.25 ms)
2026-08-17 11:48:53 | INFO | fastapi_app | GET /cart -> 200 (6.81 ms)
2026-08-17 11:48:53 | INFO | fastapi_app | GET /cart -> 200 (6.08 ms)
2026-08-17 11:48:53 | INFO | fastapi_app | GET /cart -> 200 (6.44 ms)
2026-08-17 11:48:53 | INFO | fastapi_app | GET /cart -> 200 (5.69 ms)
2026-08-17 11:48:54 | INFO | fastapi_app | GET /cart -> 200 (7.55 ms)
2026-08-17 11:48:54 | INFO | fastapi_app | GET /cart -> 200 (8.10 ms)
2026-08-17 11:48:54 | INFO | fastapi_app | GET /cart -> 200 (7.94 ms)
2026-08-17 11:48:54 | INFO | fastapi_app | GET /cart -> 200 (6.42 ms)
2026-08-17 11:48:54 | INFO | fastapi_app | GET /cart -> 200 (5.74 ms)
2026-08-17 11:48:54 | INFO | fastapi_app | GET /cart -> 200 (6.88 ms)
2026-08-17 11:48:54 | INFO | fastapi_app | GET /cart -> 200 (6.18 ms)
2026-08-17 11:48:54 | INFO | fastapi_app | GET /cart -> 200 (5.85 ms)
2026-08-17 11:48:54 | INFO | fastapi_app | GET /cart -> 200 (6.68 ms)
2026-08-17 11:48:54 | INFO | fastapi_app | GET /cart -> 200 (7.32 ms)
2026-08-17 11:48:54 | INFO | fastapi_app | GET /cart -> 200 (7.62 ms)
2026-08-17 11:48:54 | INFO | fastapi_app | GET /cart -> 200 (6.91 ms)
2026-08-17 11:48:54 | INFO | fastapi_app | GET /cart -> 200 (7.10 ms)
2026-08-17 11:48:54 | INFO | fastapi_app | GET /cart -> 200 (7.09 ms)
2026-08-17 11:48:54 | INFO | fastapi_app | GET /cart -> 200 (6.69 ms)
2026-08-17 11:48:54 | INFO | fastapi_app | GET /cart -> 200 (7.22 ms)
2026-08-17 11:48:54 | INFO | fastapi_app | GET /cart -> 200 (7.66 ms)
2026-08-17 11:48:54 | INFO | fastapi_app | GET /cart -> 200 (5.81 ms)
2026-08-17 11:48:54 | INFO | fastapi_app | GET /cart -> 200 (7.05 ms)
2026-08-17 11:48:54 | INFO | fastapi_app | GET /cart -> 200 (7.19 ms)
2026-08-17 11:48:54 | INFO | fastapi_app | GET /cart -> 200 (7.58 ms)
2026-08-17 11:48:54 | INFO | fastapi_app | GET /cart -> 200 (7.02 ms)
2026-08-17 11:48:54 | INFO | fastapi_app | GET /cart -> 200 (7.14 ms)
2026-08-17 11:48:54 | INFO | fastapi_app | GET /cart -> 200 (7.40 ms)
2026-08-17 11:48:54 | INFO | fastapi_app | GET /cart -> 200 (6.92 ms)
2026-08-17 11:48:54 | INFO | fastapi_app | GET /cart -> 200 (8.43 ms)
2026-08-17 11:48:54 | INFO | fastapi_app | GET /cart -> 200 (7.32 ms)
2026-08-17 11:48:54 | INFO | fastapi_app | GET /cart -> 200 (7.42 ms)
2026-08-17 11:48:54 | INFO | fastapi_app | GET /cart -> 200 (7.18 ms)
2026-08-17 11:48:54 | INFO | fastapi_app | GET /cart -> 200 (7.78 ms)
2026-08-17 11:48:54 | INFO | fastapi_app | GET /cart -> 200 (5.62 ms)
2026-08-17 11:48:55 | INFO | fastapi_app | GET /cart -> 200 (6.02 ms)
2026-08-17 11:48:55 | INFO | fastapi_app | GET /cart -> 200 (7.86 ms)
2026-08-17 11:48:55 | INFO | fastapi_app | GET /cart -> 200 (7.23 ms)
2026-08-17 11:48:55 | INFO | fastapi_app | GET /cart -> 200 (7.10 ms)
2026-08-17 11:48:55 | INFO | fastapi_app | GET /cart -> 200 (6.31 ms)
2026-08-17 11:48:55 | INFO | fastapi_app | GET /cart -> 200 (6.39 ms)
2026-08-17 11:48:55 | INFO | fastapi_app | GET /cart -> 200 (7.13 ms)
2026-08-17 11:48:55 | INFO | fastapi_app | GET /cart -> 200 (6.95 ms)
2026-08-17 11:48:55 | INFO | fastapi_app | GET /cart -> 200 (7.51 ms)
2026-08-17 11:48:55 | INFO | fastapi_app | GET /cart -> 200 (6.82 ms)
2026-08-17 11:48:55 | INFO | fastapi_app | GET /cart -> 200 (7.26 ms)
2026-08-17 11:48:55 | INFO | fastapi_app | GET /cart -> 200 (6.32 ms)
2026-08-17 11:48:55 | INFO | fastapi_app | GET /cart -> 200 (7.00 ms)
2026-08-17 11:48:55 | INFO | fastapi_app | GET /cart -> 200 (6.52 ms)
2026-08-17 11:48:55 | INFO | fastapi_app | GET /cart -> 200 (6.08 ms)
2026-08-17 11:48:55 | INFO | fastapi_app | GET /cart -> 200 (8.20 ms)
2026-08-17 11:48:55 | INFO | fastapi_app | GET /cart -> 200 (5.66 ms)
2026-08-17 11:48:55 | INFO | fastapi_app | GET /cart -> 200 (5.61 ms)
2026-08-17 11:48:55 | INFO | fastapi_app | GET /cart -> 200 (5.94 ms)
2026-08-17 11:48:55 | INFO | fastapi_app | GET /cart -> 200 (5.62 ms)
2026-08-17 11:48:55 | INFO | fastapi_app | GET /cart -> 200 (5.31 ms)
2026-08-17 11:48:55 | INFO | fastapi_app | GET /cart -> 200 (5.08 ms)
2026-08-17 11:48:55 | INFO | fastapi_app | GET /cart -> 200 (5.15 ms)
2026-08-17 11:48:55 | INFO | fastapi_app | GET /cart -> 200 (4.86 ms)
2026-08-17 11:48:55 | INFO | fastapi_app | GET /cart -> 200 (5.75 ms)
2026-08-17 11:48:55 | INFO | fastapi_app | GET /cart -> 200 (5.51 ms)
2026-08-17 11:48:55 | INFO | fastapi_app | GET /cart -> 200 (6.32 ms)
2026-08-17 11:48:55 | INFO | fastapi_app | GET /cart -> 200 (7.21 ms)
2026-08-17 11:48:55 | INFO | fastapi_app | GET /cart -> 200 (6.87 ms)
2026-08-17 11:48:55 | INFO | fastapi_app | GET /cart -> 200 (6.78 ms)
2026-08-17 11:48:55 | INFO | fastapi_app | GET /cart -> 200 (8.01 ms)
2026-08-17 11:48:55 | INFO | fastapi_app | GET /cart -> 200 (5.27 ms)
2026-08-17 11:48:55 | INFO | fastapi_app | GET /cart -> 200 (5.16 ms)
2026-08-17 11:48:55 | INFO | fastapi_app | GET /cart -> 200 (4.84 ms)
2026-08-17 11:48:55 | INFO | fastapi_app | GET /cart -> 200 (4.88 ms)
2026-08-17 11:48:55 | INFO | fastapi_app | GET /cart -> 200 (5.64 ms)
2026-08-17 11:48:55 | INFO | fastapi_app | GET /cart -> 200 (4.90 ms)
2026-08-17 11:48:55 | INFO | fastapi_app | GET /cart -> 200 (4.45 ms)
2026-08-17 11:48:55 | INFO | fastapi_app | GET /cart -> 200 (4.97 ms)
2026-08-17 11:48:55 | INFO | fastapi_app | GET /cart -> 200 (4.87 ms)
2026-08-17 11:48:55 | INFO | fastapi_app | GET /cart -> 200 (5.35 ms)
2026-08-17 11:48:55 | INFO | fastapi_app | GET /cart -> 200 (4.86 ms)
2026-08-17 11:48:55 | INFO | fastapi_app | GET /cart -> 200 (4.85 ms)
2026-08-17 11:48:55 | INFO | fastapi_app | GET /cart -> 200 (4.82 ms)
2026-08-17 11:48:55 | INFO | fastapi_app | GET /cart -> 200 (5.79 ms)
2026-08-17 11:48:55 | INFO | fastapi_app | GET /cart -> 200 (4.78 ms)
2026-08-17 11:48:55 | INFO | fastapi_app | GET /cart -> 200 (4.41 ms)
2026-08-17 11:48:55 | INFO | fastapi_app | GET /cart -> 200 (4.84 ms)
2026-08-17 11:48:55 | INFO | fastapi_app | GET /cart -> 200 (4.82 ms)
2026-08-17 11:48:55 | INFO | fastapi_app | GET /cart -> 200 (5.68 ms)
2026-08-17 11:48:55 | INFO | fastapi_app | GET /cart -> 200 (4.71 ms)
2026-08-17 11:48:55 | INFO | fastapi_app | GET /cart -> 200 (5.28 ms)
2026-08-17 11:48:55 | INFO | fastapi_app | GET /cart -> 200 (5.65 ms)
2026-08-17 11:48:55 | INFO | fastapi_app | GET /cart -> 200 (6.01 ms)
2026-08-17 11:48:55 | INFO | fastapi_app | GET /cart -> 200 (6.34 ms)
2026-08-17 11:48:56 | INFO | fastapi_app | GET /products -> 200 (13.10 ms)
2026-08-17 11:50:17 | INFO | fastapi_app | GET /products -> 200 (13.29 ms)
2026-08-17 11:50:20 | INFO | fastapi_app | GET /products -> 200 (15.53 ms)
2026-08-17 11:50:21 | INFO | fastapi_app | GET /cart -> 200 (16.30 ms)
2026-08-17 11:50:21 | INFO | fastapi_app | GET /products -> 200 (21.10 ms)
2026-08-17 11:50:25 | INFO | fastapi_app | GET /cart -> 200 (5.52 ms)
2026-08-17 11:50:28 | INFO | fastapi_app | POST /cart -> 201 (17.86 ms)
2026-08-17 11:50:30 | INFO | fastapi_app | GET /cart -> 200 (6.27 ms)
2026-08-17 11:50:32 | INFO | fastapi_app | GET /cart -> 200 (7.55 ms)
2026-08-17 11:50:33 | INFO | fastapi_app | DELETE /cart/7 -> 204 (9.92 ms)
2026-08-17 11:50:33 | INFO | fastapi_app | GET /cart -> 200 (4.95 ms)
2026-08-17 11:50:50 | INFO | fastapi_app | GET /cart -> 200 (14.40 ms)
2026-08-17 11:50:50 | INFO | fastapi_app | GET /products -> 200 (22.87 ms)
2026-08-17 11:50:50 | INFO | fastapi_app | GET /cart -> 200 (8.10 ms)
2026-08-17 11:50:50 | INFO | fastapi_app | GET /cart -> 200 (7.62 ms)
2026-08-17 11:50:50 | INFO | fastapi_app | GET /cart -> 200 (6.38 ms)
2026-08-17 11:50:50 | INFO | fastapi_app | GET /cart -> 200 (6.86 ms)
2026-08-17 11:50:50 | INFO | fastapi_app | GET /cart -> 200 (7.49 ms)
2026-08-17 11:50:50 | INFO | fastapi_app | GET /cart -> 200 (6.51 ms)
2026-08-17 11:50:50 | INFO | fastapi_app | GET /cart -> 200 (8.60 ms)
2026-08-17 11:50:50 | INFO | fastapi_app | GET /cart -> 200 (7.32 ms)
2026-08-17 11:50:50 | INFO | fastapi_app | GET /cart -> 200 (9.07 ms)
2026-08-17 11:50:50 | INFO | fastapi_app | GET /cart -> 200 (6.24 ms)
2026-08-17 11:50:50 | INFO | fastapi_app | GET /cart -> 200 (7.33 ms)
2026-08-17 11:50:50 | INFO | fastapi_app | GET /cart -> 200 (8.51 ms)
2026-08-17 11:50:50 | INFO | fastapi_app | GET /cart -> 200 (9.39 ms)
2026-08-17 11:50:50 | INFO | fastapi_app | GET /cart -> 200 (6.53 ms)
2026-08-17 11:50:50 | INFO | fastapi_app | GET /cart -> 200 (6.90 ms)
2026-08-17 11:50:50 | INFO | fastapi_app | GET /cart -> 200 (7.09 ms)
2026-08-17 11:50:50 | INFO | fastapi_app | GET /cart -> 200 (9.09 ms)
2026-08-17 11:50:50 | INFO | fastapi_app | GET /cart -> 200 (7.64 ms)
2026-08-17 11:50:50 | INFO | fastapi_app | GET /cart -> 200 (8.75 ms)
2026-08-17 11:50:50 | INFO | fastapi_app | GET /cart -> 200 (10.06 ms)
2026-08-17 11:50:50 | INFO | fastapi_app | GET /cart -> 200 (8.05 ms)
2026-08-17 11:50:50 | INFO | fastapi_app | GET /cart -> 200 (6.89 ms)
2026-08-17 11:50:50 | INFO | fastapi_app | GET /cart -> 200 (6.52 ms)
2026-08-17 11:50:50 | INFO | fastapi_app | GET /cart -> 200 (10.33 ms)
2026-08-17 11:50:50 | INFO | fastapi_app | GET /cart -> 200 (7.89 ms)
2026-08-17 11:50:50 | INFO | fastapi_app | GET /cart -> 200 (6.87 ms)
2026-08-17 11:50:50 | INFO | fastapi_app | GET /cart -> 200 (8.02 ms)
2026-08-17 11:50:50 | INFO | fastapi_app | GET /cart -> 200 (8.87 ms)
2026-08-17 11:50:50 | INFO | fastapi_app | GET /cart -> 200 (9.34 ms)
2026-08-17 11:50:50 | INFO | fastapi_app | GET /cart -> 200 (8.81 ms)
2026-08-17 11:50:51 | INFO | fastapi_app | GET /cart -> 200 (7.37 ms)
2026-08-17 11:50:51 | INFO | fastapi_app | GET /cart -> 200 (7.70 ms)
2026-08-17 11:50:51 | INFO | fastapi_app | GET /cart -> 200 (9.80 ms)
2026-08-17 11:50:51 | INFO | fastapi_app | GET /cart -> 200 (8.58 ms)
2026-08-17 11:50:51 | INFO | fastapi_app | GET /cart -> 200 (9.90 ms)
2026-08-17 11:50:51 | INFO | fastapi_app | GET /cart -> 200 (8.88 ms)
2026-08-17 11:50:51 | INFO | fastapi_app | GET /cart -> 200 (8.74 ms)
2026-08-17 11:50:51 | INFO | fastapi_app | GET /cart -> 200 (8.94 ms)
2026-08-17 11:50:51 | INFO | fastapi_app | GET /cart -> 200 (8.74 ms)
2026-08-17 11:50:51 | INFO | fastapi_app | GET /cart -> 200 (6.63 ms)
2026-08-17 11:50:51 | INFO | fastapi_app | GET /cart -> 200 (8.72 ms)
2026-08-17 11:50:51 | INFO | fastapi_app | GET /cart -> 200 (10.79 ms)
2026-08-17 11:50:51 | INFO | fastapi_app | GET /cart -> 200 (8.59 ms)
2026-08-17 11:50:51 | INFO | fastapi_app | GET /cart -> 200 (8.18 ms)
2026-08-17 11:50:51 | INFO | fastapi_app | GET /cart -> 200 (9.02 ms)
2026-08-17 11:50:51 | INFO | fastapi_app | GET /cart -> 200 (8.66 ms)
2026-08-17 11:50:51 | INFO | fastapi_app | GET /cart -> 200 (8.36 ms)
2026-08-17 11:50:51 | INFO | fastapi_app | GET /cart -> 200 (7.97 ms)
2026-08-17 11:50:51 | INFO | fastapi_app | GET /cart -> 200 (9.22 ms)
2026-08-17 11:50:51 | INFO | fastapi_app | GET /cart -> 200 (8.99 ms)
2026-08-17 11:50:51 | INFO | fastapi_app | GET /cart -> 200 (8.44 ms)
2026-08-17 11:50:51 | INFO | fastapi_app | GET /cart -> 200 (9.44 ms)
2026-08-17 11:50:51 | INFO | fastapi_app | GET /cart -> 200 (9.66 ms)
2026-08-17 11:50:51 | INFO | fastapi_app | GET /cart -> 200 (8.51 ms)
2026-08-17 11:50:51 | INFO | fastapi_app | GET /cart -> 200 (9.75 ms)
2026-08-17 11:50:51 | INFO | fastapi_app | GET /cart -> 200 (8.66 ms)
2026-08-17 11:50:51 | INFO | fastapi_app | GET /cart -> 200 (8.37 ms)
2026-08-17 11:50:51 | INFO | fastapi_app | GET /cart -> 200 (8.45 ms)
2026-08-17 11:50:51 | INFO | fastapi_app | GET /cart -> 200 (9.08 ms)
2026-08-17 11:50:51 | INFO | fastapi_app | GET /cart -> 200 (9.84 ms)
2026-08-17 11:50:51 | INFO | fastapi_app | GET /cart -> 200 (7.37 ms)
2026-08-17 11:50:51 | INFO | fastapi_app | GET /cart -> 200 (6.79 ms)
2026-08-17 11:50:51 | INFO | fastapi_app | GET /cart -> 200 (7.41 ms)
2026-08-17 11:50:51 | INFO | fastapi_app | GET /cart -> 200 (7.20 ms)
2026-08-17 11:50:51 | INFO | fastapi_app | GET /cart -> 200 (7.67 ms)
2026-08-17 11:50:51 | INFO | fastapi_app | GET /cart -> 200 (10.20 ms)
2026-08-17 11:50:51 | INFO | fastapi_app | GET /cart -> 200 (8.44 ms)
2026-08-17 11:50:51 | INFO | fastapi_app | GET /cart -> 200 (9.00 ms)
2026-08-17 11:50:51 | INFO | fastapi_app | GET /cart -> 200 (10.54 ms)
2026-08-17 11:50:51 | INFO | fastapi_app | GET /cart -> 200 (11.28 ms)
2026-08-17 11:50:51 | INFO | fastapi_app | GET /cart -> 200 (9.36 ms)
2026-08-17 11:50:51 | INFO | fastapi_app | GET /cart -> 200 (9.55 ms)
2026-08-17 11:50:51 | INFO | fastapi_app | GET /cart -> 200 (9.26 ms)
2026-08-17 11:50:51 | INFO | fastapi_app | GET /cart -> 200 (10.83 ms)
2026-08-17 11:50:51 | INFO | fastapi_app | GET /cart -> 200 (7.05 ms)
2026-08-17 11:50:51 | INFO | fastapi_app | GET /cart -> 200 (7.00 ms)
2026-08-17 11:50:51 | INFO | fastapi_app | GET /cart -> 200 (7.72 ms)
2026-08-17 11:50:51 | INFO | fastapi_app | GET /cart -> 200 (8.29 ms)
2026-08-17 11:50:51 | INFO | fastapi_app | GET /cart -> 200 (7.18 ms)
2026-08-17 11:50:51 | INFO | fastapi_app | GET /cart -> 200 (8.25 ms)
2026-08-17 11:50:51 | INFO | fastapi_app | GET /cart -> 200 (10.44 ms)
2026-08-17 11:50:51 | INFO | fastapi_app | GET /cart -> 200 (8.21 ms)
2026-08-17 11:50:51 | INFO | fastapi_app | GET /cart -> 200 (7.15 ms)
2026-08-17 11:50:51 | INFO | fastapi_app | GET /cart -> 200 (7.17 ms)
2026-08-17 11:50:51 | INFO | fastapi_app | GET /cart -> 200 (7.24 ms)
2026-08-17 11:50:51 | INFO | fastapi_app | GET /cart -> 200 (7.01 ms)
2026-08-17 11:50:51 | INFO | fastapi_app | GET /cart -> 200 (6.13 ms)
2026-08-17 11:50:51 | INFO | fastapi_app | GET /cart -> 200 (7.31 ms)
2026-08-17 11:50:52 | INFO | fastapi_app | GET /cart -> 200 (8.07 ms)
2026-08-17 11:50:52 | INFO | fastapi_app | GET /cart -> 200 (7.05 ms)
2026-08-17 11:50:52 | INFO | fastapi_app | GET /cart -> 200 (5.75 ms)
2026-08-17 11:50:52 | INFO | fastapi_app | GET /cart -> 200 (7.27 ms)
2026-08-17 11:50:52 | INFO | fastapi_app | GET /cart -> 200 (7.36 ms)
2026-08-17 11:50:52 | INFO | fastapi_app | GET /cart -> 200 (7.03 ms)
2026-08-17 11:50:52 | INFO | fastapi_app | GET /cart -> 200 (8.06 ms)
2026-08-17 11:50:52 | INFO | fastapi_app | GET /cart -> 200 (8.85 ms)
2026-08-17 11:50:52 | INFO | fastapi_app | GET /cart -> 200 (9.75 ms)
2026-08-17 11:50:52 | INFO | fastapi_app | GET /cart -> 200 (8.51 ms)
2026-08-17 11:50:52 | INFO | fastapi_app | GET /cart -> 200 (8.73 ms)
2026-08-17 11:50:52 | INFO | fastapi_app | GET /cart -> 200 (7.99 ms)
2026-08-17 11:50:52 | INFO | fastapi_app | GET /cart -> 200 (8.59 ms)
2026-08-17 11:50:52 | INFO | fastapi_app | GET /cart -> 200 (8.14 ms)
2026-08-17 11:50:52 | INFO | fastapi_app | GET /cart -> 200 (8.90 ms)
2026-08-17 11:50:52 | INFO | fastapi_app | GET /cart -> 200 (7.58 ms)
2026-08-17 11:50:52 | INFO | fastapi_app | GET /cart -> 200 (7.64 ms)
2026-08-17 11:50:52 | INFO | fastapi_app | GET /cart -> 200 (10.11 ms)
2026-08-17 11:50:52 | INFO | fastapi_app | GET /cart -> 200 (11.05 ms)
2026-08-17 11:50:52 | INFO | fastapi_app | GET /cart -> 200 (6.02 ms)
2026-08-17 11:50:52 | INFO | fastapi_app | GET /cart -> 200 (6.42 ms)
2026-08-17 11:50:52 | INFO | fastapi_app | GET /cart -> 200 (6.67 ms)
2026-08-17 11:50:52 | INFO | fastapi_app | GET /cart -> 200 (8.98 ms)
2026-08-17 11:50:52 | INFO | fastapi_app | GET /cart -> 200 (6.42 ms)
2026-08-17 11:50:52 | INFO | fastapi_app | GET /cart -> 200 (10.61 ms)
2026-08-17 11:50:52 | INFO | fastapi_app | GET /cart -> 200 (7.81 ms)
2026-08-17 11:50:52 | INFO | fastapi_app | GET /cart -> 200 (8.36 ms)
2026-08-17 11:50:52 | INFO | fastapi_app | GET /cart -> 200 (9.40 ms)
2026-08-17 11:50:52 | INFO | fastapi_app | GET /cart -> 200 (7.28 ms)
2026-08-17 11:50:52 | INFO | fastapi_app | GET /cart -> 200 (7.38 ms)
2026-08-17 11:50:52 | INFO | fastapi_app | GET /cart -> 200 (6.84 ms)
2026-08-17 11:50:52 | INFO | fastapi_app | GET /cart -> 200 (7.34 ms)
2026-08-17 11:50:52 | INFO | fastapi_app | GET /cart -> 200 (7.53 ms)
2026-08-17 11:50:52 | INFO | fastapi_app | GET /cart -> 200 (8.48 ms)
2026-08-17 11:50:52 | INFO | fastapi_app | GET /cart -> 200 (8.13 ms)
2026-08-17 11:50:52 | INFO | fastapi_app | GET /cart -> 200 (7.63 ms)
2026-08-17 11:50:52 | INFO | fastapi_app | GET /cart -> 200 (8.72 ms)
2026-08-17 11:50:52 | INFO | fastapi_app | GET /cart -> 200 (9.10 ms)
2026-08-17 11:50:52 | INFO | fastapi_app | GET /cart -> 200 (7.75 ms)
2026-08-17 11:50:52 | INFO | fastapi_app | GET /cart -> 200 (6.90 ms)
2026-08-17 11:50:52 | INFO | fastapi_app | GET /cart -> 200 (7.68 ms)
2026-08-17 11:50:53 | INFO | fastapi_app | GET /cart -> 200 (8.56 ms)
2026-08-17 11:50:53 | INFO | fastapi_app | GET /cart -> 200 (7.90 ms)
2026-08-17 11:50:53 | INFO | fastapi_app | GET /cart -> 200 (7.05 ms)
2026-08-17 11:50:53 | INFO | fastapi_app | GET /cart -> 200 (8.18 ms)
2026-08-17 11:50:53 | INFO | fastapi_app | GET /cart -> 200 (7.54 ms)
2026-08-17 11:50:53 | INFO | fastapi_app | GET /cart -> 200 (6.71 ms)
2026-08-17 11:50:53 | INFO | fastapi_app | GET /cart -> 200 (6.40 ms)
2026-08-17 11:50:53 | INFO | fastapi_app | GET /cart -> 200 (5.91 ms)
2026-08-17 11:50:53 | INFO | fastapi_app | GET /cart -> 200 (6.65 ms)
2026-08-17 11:50:53 | INFO | fastapi_app | GET /cart -> 200 (7.28 ms)
2026-08-17 11:50:53 | INFO | fastapi_app | GET /cart -> 200 (5.87 ms)
2026-08-17 11:50:53 | INFO | fastapi_app | GET /cart -> 200 (6.48 ms)
2026-08-17 11:50:53 | INFO | fastapi_app | GET /cart -> 200 (6.97 ms)
2026-08-17 11:50:53 | INFO | fastapi_app | GET /cart -> 200 (6.10 ms)
2026-08-17 11:50:53 | INFO | fastapi_app | GET /cart -> 200 (6.36 ms)
2026-08-17 11:50:53 | INFO | fastapi_app | GET /cart -> 200 (7.32 ms)
2026-08-17 11:50:53 | INFO | fastapi_app | GET /cart -> 200 (6.56 ms)
2026-08-17 11:50:53 | INFO | fastapi_app | GET /cart -> 200 (6.52 ms)
2026-08-17 11:50:53 | INFO | fastapi_app | GET /cart -> 200 (6.43 ms)
2026-08-17 11:50:53 | INFO | fastapi_app | GET /cart -> 200 (7.04 ms)
2026-08-17 11:50:53 | INFO | fastapi_app | GET /cart -> 200 (5.65 ms)
2026-08-17 11:50:53 | INFO | fastapi_app | GET /cart -> 200 (7.32 ms)
2026-08-17 11:50:53 | INFO | fastapi_app | GET /cart -> 200 (6.90 ms)
2026-08-17 11:50:53 | INFO | fastapi_app | GET /cart -> 200 (6.37 ms)
2026-08-17 11:50:53 | INFO | fastapi_app | GET /cart -> 200 (7.71 ms)
2026-08-17 11:50:53 | INFO | fastapi_app | GET /cart -> 200 (5.88 ms)
2026-08-17 11:50:53 | INFO | fastapi_app | GET /cart -> 200 (4.52 ms)
2026-08-17 11:50:53 | INFO | fastapi_app | GET /cart -> 200 (4.64 ms)
2026-08-17 11:50:53 | INFO | fastapi_app | GET /cart -> 200 (5.27 ms)
2026-08-17 11:50:53 | INFO | fastapi_app | GET /cart -> 200 (6.49 ms)
2026-08-17 11:50:53 | INFO | fastapi_app | GET /cart -> 200 (4.81 ms)
2026-08-17 11:50:53 | INFO | fastapi_app | GET /cart -> 200 (4.07 ms)
2026-08-17 11:50:53 | INFO | fastapi_app | GET /cart -> 200 (5.06 ms)
2026-08-17 11:50:53 | INFO | fastapi_app | GET /cart -> 200 (5.04 ms)
2026-08-17 11:50:53 | INFO | fastapi_app | GET /cart -> 200 (4.10 ms)
2026-08-17 11:50:53 | INFO | fastapi_app | GET /cart -> 200 (4.24 ms)
2026-08-17 11:50:53 | INFO | fastapi_app | GET /cart -> 200 (4.53 ms)
2026-08-17 11:50:53 | INFO | fastapi_app | GET /cart -> 200 (4.55 ms)
2026-08-17 11:50:53 | INFO | fastapi_app | GET /cart -> 200 (4.83 ms)
2026-08-17 11:50:53 | INFO | fastapi_app | GET /cart -> 200 (5.08 ms)
2026-08-17 11:50:53 | INFO | fastapi_app | GET /cart -> 200 (5.26 ms)
2026-08-17 11:50:53 | INFO | fastapi_app | GET /cart -> 200 (4.23 ms)
2026-08-17 11:50:53 | INFO | fastapi_app | GET /cart -> 200 (6.26 ms)
2026-08-17 11:50:53 | INFO | fastapi_app | GET /cart -> 200 (4.62 ms)
2026-08-17 11:50:53 | INFO | fastapi_app | GET /cart -> 200 (3.89 ms)
2026-08-17 11:50:53 | INFO | fastapi_app | GET /cart -> 200 (5.16 ms)
2026-08-17 11:50:53 | INFO | fastapi_app | GET /cart -> 200 (5.10 ms)
2026-08-17 11:50:53 | INFO | fastapi_app | GET /cart -> 200 (3.84 ms)
2026-08-17 11:50:53 | INFO | fastapi_app | GET /cart -> 200 (6.44 ms)
2026-08-17 11:50:54 | INFO | fastapi_app | GET /cart -> 200 (3.97 ms)
2026-08-17 11:50:54 | INFO | fastapi_app | GET /cart -> 200 (4.39 ms)
2026-08-17 11:50:54 | INFO | fastapi_app | GET /cart -> 200 (5.57 ms)
2026-08-17 11:50:54 | INFO | fastapi_app | GET /cart -> 200 (6.37 ms)
2026-08-17 11:50:54 | INFO | fastapi_app | GET /cart -> 200 (5.74 ms)
2026-08-17 11:50:54 | INFO | fastapi_app | GET /cart -> 200 (6.92 ms)
2026-08-17 11:50:54 | INFO | fastapi_app | GET /cart -> 200 (7.77 ms)
2026-08-17 11:50:54 | INFO | fastapi_app | GET /cart -> 200 (7.93 ms)
2026-08-17 11:50:54 | INFO | fastapi_app | GET /cart -> 200 (9.95 ms)
2026-08-17 11:50:54 | INFO | fastapi_app | GET /cart -> 200 (5.11 ms)
2026-08-17 11:50:54 | INFO | fastapi_app | GET /cart -> 200 (6.93 ms)
2026-08-17 11:50:54 | INFO | fastapi_app | GET /cart -> 200 (6.92 ms)
2026-08-17 11:50:54 | INFO | fastapi_app | GET /cart -> 200 (9.54 ms)
2026-08-17 11:50:54 | INFO | fastapi_app | GET /cart -> 200 (9.28 ms)
2026-08-17 11:50:54 | INFO | fastapi_app | GET /cart -> 200 (5.34 ms)
2026-08-17 11:50:54 | INFO | fastapi_app | GET /cart -> 200 (5.66 ms)
2026-08-17 11:50:54 | INFO | fastapi_app | GET /cart -> 200 (6.57 ms)
2026-08-17 11:50:54 | INFO | fastapi_app | GET /cart -> 200 (5.59 ms)
2026-08-17 11:50:54 | INFO | fastapi_app | GET /cart -> 200 (4.89 ms)
2026-08-17 11:50:54 | INFO | fastapi_app | GET /cart -> 200 (4.54 ms)
2026-08-17 11:50:54 | INFO | fastapi_app | GET /cart -> 200 (5.33 ms)
2026-08-17 11:50:54 | INFO | fastapi_app | GET /cart -> 200 (5.76 ms)
2026-08-17 11:50:54 | INFO | fastapi_app | GET /cart -> 200 (5.23 ms)
2026-08-17 11:50:54 | INFO | fastapi_app | GET /cart -> 200 (4.45 ms)
2026-08-17 11:50:54 | INFO | fastapi_app | GET /cart -> 200 (4.88 ms)
2026-08-17 11:50:54 | INFO | fastapi_app | GET /cart -> 200 (5.66 ms)
2026-08-17 11:50:54 | INFO | fastapi_app | GET /cart -> 200 (6.12 ms)
2026-08-17 11:50:54 | INFO | fastapi_app | GET /cart -> 200 (6.96 ms)
2026-08-17 11:50:54 | INFO | fastapi_app | GET /cart -> 200 (6.79 ms)
2026-08-17 11:50:54 | INFO | fastapi_app | GET /cart -> 200 (4.91 ms)
2026-08-17 11:50:54 | INFO | fastapi_app | GET /cart -> 200 (5.19 ms)
2026-08-17 11:50:54 | INFO | fastapi_app | GET /cart -> 200 (5.76 ms)
2026-08-17 11:50:54 | INFO | fastapi_app | GET /cart -> 200 (6.01 ms)
2026-08-17 11:50:54 | INFO | fastapi_app | GET /cart -> 200 (5.39 ms)
2026-08-17 11:50:54 | INFO | fastapi_app | GET /cart -> 200 (5.67 ms)
2026-08-17 11:50:54 | INFO | fastapi_app | GET /cart -> 200 (4.74 ms)
2026-08-17 11:50:54 | INFO | fastapi_app | GET /cart -> 200 (4.95 ms)
2026-08-17 11:50:54 | INFO | fastapi_app | GET /cart -> 200 (6.00 ms)
2026-08-17 11:50:54 | INFO | fastapi_app | GET /cart -> 200 (6.98 ms)
2026-08-17 11:50:54 | INFO | fastapi_app | GET /cart -> 200 (6.16 ms)
2026-08-17 11:50:54 | INFO | fastapi_app | GET /cart -> 200 (5.61 ms)
2026-08-17 11:50:54 | INFO | fastapi_app | GET /cart -> 200 (5.21 ms)
2026-08-17 11:50:54 | INFO | fastapi_app | GET /cart -> 200 (5.20 ms)
2026-08-17 11:50:54 | INFO | fastapi_app | GET /cart -> 200 (5.05 ms)
2026-08-17 11:50:54 | INFO | fastapi_app | GET /cart -> 200 (6.21 ms)
2026-08-17 11:50:54 | INFO | fastapi_app | GET /cart -> 200 (6.60 ms)
2026-08-17 11:50:54 | INFO | fastapi_app | GET /cart -> 200 (5.23 ms)
2026-08-17 11:50:54 | INFO | fastapi_app | GET /cart -> 200 (5.43 ms)
2026-08-17 11:50:54 | INFO | fastapi_app | GET /cart -> 200 (5.41 ms)
2026-08-17 11:50:54 | INFO | fastapi_app | GET /cart -> 200 (4.72 ms)
2026-08-17 11:50:54 | INFO | fastapi_app | GET /cart -> 200 (4.60 ms)
2026-08-17 11:50:55 | INFO | fastapi_app | GET /cart -> 200 (5.44 ms)
2026-08-17 11:50:55 | INFO | fastapi_app | GET /cart -> 200 (4.94 ms)
2026-08-17 11:50:55 | INFO | fastapi_app | GET /cart -> 200 (5.78 ms)
2026-08-17 11:50:55 | INFO | fastapi_app | GET /cart -> 200 (4.62 ms)
2026-08-17 11:50:55 | INFO | fastapi_app | GET /cart -> 200 (5.64 ms)
2026-08-17 11:50:55 | INFO | fastapi_app | GET /cart -> 200 (6.60 ms)
2026-08-17 11:50:55 | INFO | fastapi_app | GET /cart -> 200 (5.18 ms)
2026-08-17 11:50:55 | INFO | fastapi_app | GET /cart -> 200 (6.21 ms)
2026-08-17 11:50:55 | INFO | fastapi_app | GET /cart -> 200 (4.74 ms)
2026-08-17 11:50:55 | INFO | fastapi_app | GET /cart -> 200 (5.15 ms)
2026-08-17 11:50:55 | INFO | fastapi_app | GET /cart -> 200 (4.87 ms)
2026-08-17 11:50:55 | INFO | fastapi_app | GET /cart -> 200 (4.77 ms)
2026-08-17 11:50:55 | INFO | fastapi_app | GET /cart -> 200 (6.21 ms)
2026-08-17 11:50:55 | INFO | fastapi_app | GET /cart -> 200 (6.05 ms)
2026-08-17 11:50:55 | INFO | fastapi_app | GET /cart -> 200 (5.99 ms)
2026-08-17 11:50:55 | INFO | fastapi_app | GET /cart -> 200 (4.07 ms)
2026-08-17 11:50:55 | INFO | fastapi_app | GET /cart -> 200 (4.51 ms)
2026-08-17 11:50:55 | INFO | fastapi_app | GET /cart -> 200 (5.96 ms)
2026-08-17 11:50:55 | INFO | fastapi_app | GET /cart -> 200 (5.52 ms)
2026-08-17 11:50:55 | INFO | fastapi_app | GET /cart -> 200 (6.05 ms)
2026-08-17 11:50:55 | INFO | fastapi_app | GET /cart -> 200 (4.65 ms)
2026-08-17 11:50:55 | INFO | fastapi_app | GET /cart -> 200 (4.88 ms)
2026-08-17 11:50:55 | INFO | fastapi_app | GET /cart -> 200 (4.34 ms)
2026-08-17 11:50:55 | INFO | fastapi_app | GET /cart -> 200 (4.88 ms)
2026-08-17 11:50:55 | INFO | fastapi_app | GET /cart -> 200 (4.52 ms)
2026-08-17 11:50:55 | INFO | fastapi_app | GET /cart -> 200 (4.05 ms)
2026-08-17 11:50:55 | INFO | fastapi_app | GET /cart -> 200 (4.91 ms)
2026-08-17 11:50:55 | INFO | fastapi_app | GET /cart -> 200 (4.81 ms)
2026-08-17 11:50:55 | INFO | fastapi_app | GET /cart -> 200 (4.56 ms)
2026-08-17 11:50:55 | INFO | fastapi_app | GET /cart -> 200 (4.50 ms)
2026-08-17 11:50:55 | INFO | fastapi_app | GET /cart -> 200 (5.47 ms)
2026-08-17 11:50:55 | INFO | fastapi_app | GET /cart -> 200 (6.09 ms)
2026-08-17 11:50:55 | INFO | fastapi_app | GET /cart -> 200 (5.88 ms)
2026-08-17 11:50:55 | INFO | fastapi_app | GET /cart -> 200 (5.87 ms)
2026-08-17 11:50:55 | INFO | fastapi_app | GET /cart -> 200 (6.42 ms)
2026-08-17 11:50:55 | INFO | fastapi_app | GET /cart -> 200 (5.26 ms)
2026-08-17 11:50:55 | INFO | fastapi_app | GET /cart -> 200 (5.42 ms)
2026-08-17 11:50:55 | INFO | fastapi_app | GET /cart -> 200 (5.58 ms)
2026-08-17 11:50:55 | INFO | fastapi_app | GET /cart -> 200 (4.84 ms)
2026-08-17 11:50:55 | INFO | fastapi_app | GET /cart -> 200 (5.95 ms)
2026-08-17 11:50:55 | INFO | fastapi_app | GET /cart -> 200 (5.62 ms)
2026-08-17 11:50:55 | INFO | fastapi_app | GET /cart -> 200 (5.32 ms)
2026-08-17 11:50:55 | INFO | fastapi_app | GET /cart -> 200 (5.95 ms)
2026-08-17 11:50:55 | INFO | fastapi_app | GET /cart -> 200 (4.40 ms)
2026-08-17 11:50:55 | INFO | fastapi_app | GET /cart -> 200 (6.33 ms)
2026-08-17 11:50:55 | INFO | fastapi_app | GET /cart -> 200 (5.10 ms)
2026-08-17 11:50:55 | INFO | fastapi_app | GET /cart -> 200 (4.81 ms)
2026-08-17 11:50:55 | INFO | fastapi_app | GET /cart -> 200 (4.23 ms)
2026-08-17 11:50:55 | INFO | fastapi_app | GET /cart -> 200 (4.22 ms)
2026-08-17 11:50:55 | INFO | fastapi_app | GET /cart -> 200 (5.32 ms)
2026-08-17 11:50:55 | INFO | fastapi_app | GET /cart -> 200 (4.70 ms)
2026-08-17 11:50:55 | INFO | fastapi_app | GET /cart -> 200 (4.40 ms)
2026-08-17 11:50:55 | INFO | fastapi_app | GET /cart -> 200 (4.83 ms)
2026-08-17 11:50:55 | INFO | fastapi_app | GET /cart -> 200 (4.32 ms)
2026-08-17 11:50:55 | INFO | fastapi_app | GET /cart -> 200 (4.13 ms)
2026-08-17 11:50:55 | INFO | fastapi_app | GET /cart -> 200 (4.83 ms)
2026-08-17 11:50:55 | INFO | fastapi_app | GET /cart -> 200 (5.19 ms)
2026-08-17 11:50:55 | INFO | fastapi_app | GET /cart -> 200 (4.90 ms)
2026-08-17 11:50:55 | INFO | fastapi_app | GET /cart -> 200 (5.61 ms)
2026-08-17 11:50:55 | INFO | fastapi_app | GET /cart -> 200 (4.87 ms)
2026-08-17 11:50:55 | INFO | fastapi_app | GET /cart -> 200 (5.61 ms)
2026-08-17 11:50:55 | INFO | fastapi_app | GET /cart -> 200 (5.61 ms)
2026-08-17 11:50:55 | INFO | fastapi_app | GET /cart -> 200 (6.13 ms)
2026-08-17 11:50:55 | INFO | fastapi_app | GET /cart -> 200 (7.09 ms)
2026-08-17 11:50:56 | INFO | fastapi_app | GET /cart -> 200 (4.94 ms)
2026-08-17 11:50:56 | INFO | fastapi_app | GET /cart -> 200 (6.22 ms)
2026-08-17 11:50:56 | INFO | fastapi_app | GET /cart -> 200 (5.53 ms)
2026-08-17 11:50:56 | INFO | fastapi_app | GET /cart -> 200 (6.09 ms)
2026-08-17 11:50:56 | INFO | fastapi_app | GET /cart -> 200 (5.53 ms)
2026-08-17 11:50:56 | INFO | fastapi_app | GET /cart -> 200 (6.26 ms)
2026-08-17 11:50:56 | INFO | fastapi_app | GET /cart -> 200 (5.16 ms)
2026-08-17 11:50:56 | INFO | fastapi_app | GET /cart -> 200 (5.39 ms)
2026-08-17 11:50:56 | INFO | fastapi_app | GET /cart -> 200 (5.31 ms)
2026-08-17 11:50:56 | INFO | fastapi_app | GET /cart -> 200 (4.53 ms)
2026-08-17 11:50:56 | INFO | fastapi_app | GET /cart -> 200 (6.00 ms)
2026-08-17 11:50:56 | INFO | fastapi_app | GET /cart -> 200 (4.24 ms)
2026-08-17 11:50:56 | INFO | fastapi_app | GET /cart -> 200 (5.73 ms)
2026-08-17 11:50:56 | INFO | fastapi_app | GET /cart -> 200 (6.11 ms)
2026-08-17 11:50:56 | INFO | fastapi_app | GET /cart -> 200 (4.55 ms)
2026-08-17 11:50:56 | INFO | fastapi_app | GET /cart -> 200 (4.21 ms)
2026-08-17 11:50:56 | INFO | fastapi_app | GET /cart -> 200 (4.13 ms)
2026-08-17 11:50:56 | INFO | fastapi_app | GET /cart -> 200 (5.73 ms)
2026-08-17 11:50:56 | INFO | fastapi_app | GET /cart -> 200 (4.81 ms)
2026-08-17 11:50:56 | INFO | fastapi_app | GET /cart -> 200 (4.85 ms)
2026-08-17 11:50:56 | INFO | fastapi_app | GET /cart -> 200 (4.39 ms)
2026-08-17 11:50:56 | INFO | fastapi_app | GET /cart -> 200 (4.95 ms)
2026-08-17 11:50:56 | INFO | fastapi_app | GET /cart -> 200 (4.97 ms)
2026-08-17 11:50:56 | INFO | fastapi_app | GET /cart -> 200 (5.25 ms)
2026-08-17 11:50:56 | INFO | fastapi_app | GET /cart -> 200 (4.54 ms)
2026-08-17 11:50:56 | INFO | fastapi_app | GET /cart -> 200 (5.02 ms)
2026-08-17 11:50:56 | INFO | fastapi_app | GET /cart -> 200 (5.22 ms)
2026-08-17 11:50:56 | INFO | fastapi_app | GET /cart -> 200 (5.22 ms)
2026-08-17 11:50:56 | INFO | fastapi_app | GET /cart -> 200 (4.55 ms)
2026-08-17 11:50:56 | INFO | fastapi_app | GET /cart -> 200 (5.95 ms)
2026-08-17 11:50:56 | INFO | fastapi_app | GET /cart -> 200 (5.39 ms)
2026-08-17 11:50:56 | INFO | fastapi_app | GET /cart -> 200 (4.45 ms)
2026-08-17 11:50:56 | INFO | fastapi_app | GET /cart -> 200 (4.49 ms)
2026-08-17 11:50:56 | INFO | fastapi_app | GET /cart -> 200 (4.62 ms)
2026-08-17 11:50:56 | INFO | fastapi_app | GET /cart -> 200 (4.86 ms)
2026-08-17 11:50:56 | INFO | fastapi_app | GET /cart -> 200 (4.64 ms)
2026-08-17 11:50:56 | INFO | fastapi_app | GET /cart -> 200 (6.22 ms)
2026-08-17 11:50:56 | INFO | fastapi_app | GET /cart -> 200 (4.34 ms)
2026-08-17 11:50:56 | INFO | fastapi_app | GET /cart -> 200 (4.50 ms)
2026-08-17 11:50:56 | INFO | fastapi_app | GET /cart -> 200 (5.16 ms)
2026-08-17 11:50:56 | INFO | fastapi_app | GET /cart -> 200 (4.95 ms)
2026-08-17 11:50:56 | INFO | fastapi_app | GET /cart -> 200 (4.88 ms)
2026-08-17 11:50:56 | INFO | fastapi_app | GET /cart -> 200 (4.53 ms)
2026-08-17 11:50:56 | INFO | fastapi_app | GET /cart -> 200 (4.13 ms)
2026-08-17 11:50:56 | INFO | fastapi_app | GET /cart -> 200 (4.09 ms)
2026-08-17 11:50:56 | INFO | fastapi_app | GET /cart -> 200 (4.72 ms)
2026-08-17 11:50:56 | INFO | fastapi_app | GET /cart -> 200 (4.27 ms)
2026-08-17 11:50:56 | INFO | fastapi_app | GET /cart -> 200 (4.57 ms)
2026-08-17 11:50:56 | INFO | fastapi_app | GET /cart -> 200 (5.63 ms)
2026-08-17 11:50:56 | INFO | fastapi_app | GET /cart -> 200 (4.78 ms)
2026-08-17 11:50:56 | INFO | fastapi_app | GET /cart -> 200 (4.54 ms)
2026-08-17 11:50:56 | INFO | fastapi_app | GET /cart -> 200 (4.31 ms)
2026-08-17 11:50:56 | INFO | fastapi_app | GET /cart -> 200 (4.15 ms)
2026-08-17 11:50:56 | INFO | fastapi_app | GET /cart -> 200 (5.28 ms)
2026-08-17 11:50:56 | INFO | fastapi_app | GET /cart -> 200 (5.22 ms)
2026-08-17 11:50:56 | INFO | fastapi_app | GET /cart -> 200 (5.82 ms)
2026-08-17 11:50:56 | INFO | fastapi_app | GET /cart -> 200 (5.43 ms)
2026-08-17 11:50:56 | INFO | fastapi_app | GET /cart -> 200 (4.83 ms)
2026-08-17 11:50:56 | INFO | fastapi_app | GET /cart -> 200 (5.69 ms)
2026-08-17 11:50:57 | INFO | fastapi_app | GET /cart -> 200 (5.91 ms)
2026-08-17 11:50:57 | INFO | fastapi_app | GET /cart -> 200 (5.04 ms)
2026-08-17 11:50:57 | INFO | fastapi_app | GET /cart -> 200 (4.46 ms)
2026-08-17 11:50:57 | INFO | fastapi_app | GET /cart -> 200 (6.91 ms)
2026-08-17 11:50:57 | INFO | fastapi_app | GET /cart -> 200 (5.70 ms)
2026-08-17 11:50:57 | INFO | fastapi_app | GET /cart -> 200 (6.05 ms)
2026-08-17 11:50:57 | INFO | fastapi_app | GET /cart -> 200 (4.74 ms)
2026-08-17 11:50:57 | INFO | fastapi_app | GET /cart -> 200 (4.53 ms)
2026-08-17 11:50:57 | INFO | fastapi_app | GET /cart -> 200 (5.81 ms)
2026-08-17 11:50:57 | INFO | fastapi_app | GET /cart -> 200 (5.95 ms)
2026-08-17 11:50:57 | INFO | fastapi_app | GET /cart -> 200 (5.85 ms)
2026-08-17 11:50:57 | INFO | fastapi_app | GET /cart -> 200 (5.39 ms)
2026-08-17 11:50:57 | INFO | fastapi_app | GET /cart -> 200 (6.09 ms)
2026-08-17 11:50:57 | INFO | fastapi_app | GET /cart -> 200 (5.07 ms)
2026-08-17 11:50:57 | INFO | fastapi_app | GET /cart -> 200 (5.84 ms)
2026-08-17 11:50:57 | INFO | fastapi_app | GET /cart -> 200 (5.00 ms)
2026-08-17 11:50:57 | INFO | fastapi_app | GET /cart -> 200 (4.46 ms)
2026-08-17 11:50:57 | INFO | fastapi_app | GET /cart -> 200 (5.87 ms)
2026-08-17 11:50:57 | INFO | fastapi_app | GET /cart -> 200 (5.41 ms)
2026-08-17 11:50:57 | INFO | fastapi_app | GET /cart -> 200 (5.56 ms)
2026-08-17 11:50:57 | INFO | fastapi_app | GET /cart -> 200 (4.62 ms)
2026-08-17 11:50:57 | INFO | fastapi_app | GET /cart -> 200 (4.10 ms)
2026-08-17 11:50:57 | INFO | fastapi_app | GET /cart -> 200 (5.97 ms)
2026-08-17 11:50:57 | INFO | fastapi_app | GET /cart -> 200 (5.18 ms)
2026-08-17 11:50:57 | INFO | fastapi_app | GET /cart -> 200 (5.13 ms)
2026-08-17 11:50:57 | INFO | fastapi_app | GET /cart -> 200 (5.26 ms)
2026-08-17 11:50:57 | INFO | fastapi_app | GET /cart -> 200 (6.04 ms)
2026-08-17 11:50:57 | INFO | fastapi_app | GET /cart -> 200 (4.17 ms)
2026-08-17 11:50:57 | INFO | fastapi_app | GET /cart -> 200 (4.31 ms)
2026-08-17 11:50:57 | INFO | fastapi_app | GET /cart -> 200 (4.44 ms)
2026-08-17 11:50:57 | INFO | fastapi_app | GET /cart -> 200 (4.78 ms)
2026-08-17 11:50:57 | INFO | fastapi_app | GET /cart -> 200 (4.50 ms)
2026-08-17 11:50:57 | INFO | fastapi_app | GET /cart -> 200 (4.61 ms)
2026-08-17 11:50:57 | INFO | fastapi_app | GET /cart -> 200 (3.95 ms)
2026-08-17 11:50:57 | INFO | fastapi_app | GET /cart -> 200 (3.88 ms)
2026-08-17 11:50:57 | INFO | fastapi_app | GET /cart -> 200 (4.03 ms)
2026-08-17 11:50:57 | INFO | fastapi_app | GET /cart -> 200 (3.98 ms)
2026-08-17 11:50:57 | INFO | fastapi_app | GET /cart -> 200 (3.94 ms)
2026-08-17 11:50:57 | INFO | fastapi_app | GET /cart -> 200 (4.23 ms)
2026-08-17 11:50:57 | INFO | fastapi_app | GET /cart -> 200 (4.73 ms)
2026-08-17 11:50:57 | INFO | fastapi_app | GET /cart -> 200 (5.07 ms)
2026-08-17 11:50:57 | INFO | fastapi_app | GET /cart -> 200 (4.78 ms)
2026-08-17 11:50:57 | INFO | fastapi_app | GET /cart -> 200 (4.18 ms)
2026-08-17 11:50:57 | INFO | fastapi_app | GET /cart -> 200 (4.78 ms)
2026-08-17 11:50:57 | INFO | fastapi_app | GET /cart -> 200 (4.25 ms)
2026-08-17 11:50:57 | INFO | fastapi_app | GET /cart -> 200 (4.83 ms)
2026-08-17 11:50:57 | INFO | fastapi_app | GET /cart -> 200 (4.60 ms)
2026-08-17 11:50:57 | INFO | fastapi_app | GET /cart -> 200 (4.12 ms)
2026-08-17 11:50:57 | INFO | fastapi_app | GET /cart -> 200 (5.54 ms)
2026-08-17 11:50:57 | INFO | fastapi_app | GET /cart -> 200 (5.93 ms)
2026-08-17 11:50:57 | INFO | fastapi_app | GET /cart -> 200 (5.45 ms)
2026-08-17 11:50:57 | INFO | fastapi_app | GET /cart -> 200 (5.06 ms)
2026-08-17 11:50:57 | INFO | fastapi_app | GET /cart -> 200 (4.76 ms)
2026-08-17 11:50:57 | INFO | fastapi_app | GET /cart -> 200 (4.91 ms)
2026-08-17 11:50:57 | INFO | fastapi_app | GET /cart -> 200 (5.27 ms)
2026-08-17 11:50:57 | INFO | fastapi_app | GET /cart -> 200 (4.91 ms)
2026-08-17 11:50:57 | INFO | fastapi_app | GET /cart -> 200 (5.09 ms)
2026-08-17 11:50:57 | INFO | fastapi_app | GET /cart -> 200 (4.00 ms)
2026-08-17 11:50:57 | INFO | fastapi_app | GET /cart -> 200 (3.99 ms)
2026-08-17 11:50:57 | INFO | fastapi_app | GET /cart -> 200 (3.82 ms)
2026-08-17 11:50:57 | INFO | fastapi_app | GET /cart -> 200 (4.40 ms)
2026-08-17 11:50:57 | INFO | fastapi_app | GET /cart -> 200 (4.78 ms)
2026-08-17 11:50:57 | INFO | fastapi_app | GET /cart -> 200 (4.68 ms)
2026-08-17 11:50:58 | INFO | fastapi_app | GET /cart -> 200 (4.51 ms)
2026-08-17 11:50:58 | INFO | fastapi_app | GET /cart -> 200 (4.12 ms)
2026-08-17 11:50:58 | INFO | fastapi_app | GET /cart -> 200 (4.19 ms)
2026-08-17 11:50:58 | INFO | fastapi_app | GET /cart -> 200 (4.41 ms)
2026-08-17 11:50:58 | INFO | fastapi_app | GET /cart -> 200 (6.05 ms)
2026-08-17 11:50:58 | INFO | fastapi_app | GET /cart -> 200 (6.64 ms)
2026-08-17 11:50:58 | INFO | fastapi_app | GET /cart -> 200 (4.41 ms)
2026-08-17 11:50:58 | INFO | fastapi_app | GET /cart -> 200 (5.52 ms)
2026-08-17 11:50:58 | INFO | fastapi_app | GET /cart -> 200 (3.98 ms)
2026-08-17 11:50:58 | INFO | fastapi_app | GET /cart -> 200 (4.47 ms)
2026-08-17 11:50:58 | INFO | fastapi_app | GET /cart -> 200 (4.34 ms)
2026-08-17 11:50:58 | INFO | fastapi_app | GET /cart -> 200 (4.89 ms)
2026-08-17 11:50:58 | INFO | fastapi_app | GET /cart -> 200 (6.06 ms)
2026-08-17 11:50:58 | INFO | fastapi_app | GET /cart -> 200 (5.00 ms)
2026-08-17 11:50:58 | INFO | fastapi_app | GET /cart -> 200 (5.14 ms)
2026-08-17 11:50:58 | INFO | fastapi_app | GET /cart -> 200 (4.54 ms)
2026-08-17 11:50:58 | INFO | fastapi_app | GET /cart -> 200 (4.47 ms)
2026-08-17 11:50:58 | INFO | fastapi_app | GET /cart -> 200 (5.31 ms)
2026-08-17 11:50:58 | INFO | fastapi_app | GET /cart -> 200 (4.92 ms)
2026-08-17 11:50:58 | INFO | fastapi_app | GET /cart -> 200 (5.21 ms)
2026-08-17 11:50:58 | INFO | fastapi_app | GET /cart -> 200 (5.88 ms)
2026-08-17 11:50:58 | INFO | fastapi_app | GET /cart -> 200 (5.95 ms)
2026-08-17 11:50:58 | INFO | fastapi_app | GET /cart -> 200 (6.16 ms)
2026-08-17 11:50:58 | INFO | fastapi_app | GET /cart -> 200 (5.07 ms)
2026-08-17 11:50:58 | INFO | fastapi_app | GET /cart -> 200 (6.26 ms)
2026-08-17 11:50:58 | INFO | fastapi_app | GET /cart -> 200 (6.67 ms)
2026-08-17 11:50:58 | INFO | fastapi_app | GET /cart -> 200 (6.93 ms)
2026-08-17 11:50:58 | INFO | fastapi_app | GET /cart -> 200 (5.97 ms)
2026-08-17 11:50:58 | INFO | fastapi_app | GET /cart -> 200 (5.34 ms)
2026-08-17 11:50:58 | INFO | fastapi_app | GET /cart -> 200 (5.83 ms)
2026-08-17 11:50:58 | INFO | fastapi_app | GET /cart -> 200 (5.99 ms)
2026-08-17 11:50:58 | INFO | fastapi_app | GET /cart -> 200 (5.60 ms)
2026-08-17 11:50:58 | INFO | fastapi_app | GET /cart -> 200 (5.88 ms)
2026-08-17 11:50:58 | INFO | fastapi_app | GET /cart -> 200 (5.40 ms)
2026-08-17 11:50:58 | INFO | fastapi_app | GET /cart -> 200 (6.61 ms)
2026-08-17 11:50:58 | INFO | fastapi_app | GET /cart -> 200 (7.05 ms)
2026-08-17 11:50:58 | INFO | fastapi_app | GET /cart -> 200 (5.88 ms)
2026-08-17 11:50:58 | INFO | fastapi_app | GET /cart -> 200 (6.52 ms)
2026-08-17 11:50:58 | INFO | fastapi_app | GET /cart -> 200 (6.83 ms)
2026-08-17 11:50:58 | INFO | fastapi_app | GET /cart -> 200 (6.54 ms)
2026-08-17 11:50:58 | INFO | fastapi_app | GET /cart -> 200 (6.74 ms)
2026-08-17 11:50:58 | INFO | fastapi_app | GET /cart -> 200 (7.05 ms)
2026-08-17 11:50:58 | INFO | fastapi_app | GET /cart -> 200 (6.99 ms)
2026-08-17 11:50:58 | INFO | fastapi_app | GET /cart -> 200 (6.70 ms)
2026-08-17 11:50:58 | INFO | fastapi_app | GET /cart -> 200 (7.28 ms)
2026-08-17 11:50:58 | INFO | fastapi_app | GET /cart -> 200 (4.78 ms)
2026-08-17 11:50:58 | INFO | fastapi_app | GET /cart -> 200 (6.85 ms)
2026-08-17 11:50:58 | INFO | fastapi_app | GET /cart -> 200 (6.41 ms)
2026-08-17 11:50:58 | INFO | fastapi_app | GET /cart -> 200 (5.54 ms)
2026-08-17 11:50:58 | INFO | fastapi_app | GET /cart -> 200 (5.67 ms)
2026-08-17 11:50:58 | INFO | fastapi_app | GET /cart -> 200 (4.80 ms)
2026-08-17 11:50:58 | INFO | fastapi_app | GET /cart -> 200 (6.27 ms)
2026-08-17 11:50:58 | INFO | fastapi_app | GET /cart -> 200 (4.96 ms)
2026-08-17 11:50:58 | INFO | fastapi_app | GET /cart -> 200 (4.69 ms)
2026-08-17 11:50:58 | INFO | fastapi_app | GET /cart -> 200 (5.34 ms)
2026-08-17 11:50:58 | INFO | fastapi_app | GET /cart -> 200 (5.28 ms)
2026-08-17 11:50:58 | INFO | fastapi_app | GET /cart -> 200 (5.01 ms)
2026-08-17 11:50:58 | INFO | fastapi_app | GET /cart -> 200 (5.34 ms)
2026-08-17 11:50:58 | INFO | fastapi_app | GET /cart -> 200 (5.39 ms)
2026-08-17 11:50:59 | INFO | fastapi_app | GET /cart -> 200 (5.91 ms)
2026-08-17 11:50:59 | INFO | fastapi_app | GET /cart -> 200 (6.16 ms)
2026-08-17 11:50:59 | INFO | fastapi_app | GET /cart -> 200 (6.52 ms)
2026-08-17 11:50:59 | INFO | fastapi_app | GET /cart -> 200 (7.10 ms)
2026-08-17 11:50:59 | INFO | fastapi_app | GET /cart -> 200 (7.26 ms)
2026-08-17 11:50:59 | INFO | fastapi_app | GET /cart -> 200 (6.47 ms)
2026-08-17 11:50:59 | INFO | fastapi_app | GET /cart -> 200 (7.13 ms)
2026-08-17 11:50:59 | INFO | fastapi_app | GET /cart -> 200 (4.96 ms)
2026-08-17 11:50:59 | INFO | fastapi_app | GET /cart -> 200 (6.55 ms)
2026-08-17 11:50:59 | INFO | fastapi_app | GET /cart -> 200 (7.67 ms)
2026-08-17 11:50:59 | INFO | fastapi_app | GET /cart -> 200 (5.04 ms)
2026-08-17 11:50:59 | INFO | fastapi_app | GET /cart -> 200 (4.76 ms)
2026-08-17 11:50:59 | INFO | fastapi_app | GET /cart -> 200 (4.53 ms)
2026-08-17 11:50:59 | INFO | fastapi_app | GET /cart -> 200 (5.55 ms)
2026-08-17 11:50:59 | INFO | fastapi_app | GET /cart -> 200 (4.87 ms)
2026-08-17 11:50:59 | INFO | fastapi_app | GET /cart -> 200 (11.34 ms)
2026-08-17 11:50:59 | INFO | fastapi_app | GET /cart -> 200 (6.23 ms)
2026-08-17 11:50:59 | INFO | fastapi_app | GET /cart -> 200 (5.56 ms)
2026-08-17 11:50:59 | INFO | fastapi_app | GET /cart -> 200 (5.68 ms)
2026-08-17 11:50:59 | INFO | fastapi_app | GET /cart -> 200 (5.39 ms)
2026-08-17 11:50:59 | INFO | fastapi_app | GET /cart -> 200 (5.97 ms)
2026-08-17 11:50:59 | INFO | fastapi_app | GET /cart -> 200 (5.18 ms)
2026-08-17 11:50:59 | INFO | fastapi_app | GET /cart -> 200 (5.31 ms)
2026-08-17 11:50:59 | INFO | fastapi_app | GET /cart -> 200 (4.88 ms)
2026-08-17 11:50:59 | INFO | fastapi_app | GET /cart -> 200 (5.72 ms)
2026-08-17 11:50:59 | INFO | fastapi_app | GET /cart -> 200 (5.53 ms)
2026-08-17 11:50:59 | INFO | fastapi_app | GET /cart -> 200 (6.41 ms)
2026-08-17 11:50:59 | INFO | fastapi_app | GET /cart -> 200 (6.52 ms)
2026-08-17 11:50:59 | INFO | fastapi_app | GET /cart -> 200 (6.32 ms)
2026-08-17 11:50:59 | INFO | fastapi_app | GET /cart -> 200 (6.95 ms)
2026-08-17 11:50:59 | INFO | fastapi_app | GET /cart -> 200 (5.07 ms)
2026-08-17 11:50:59 | INFO | fastapi_app | GET /cart -> 200 (5.47 ms)
2026-08-17 11:50:59 | INFO | fastapi_app | GET /cart -> 200 (6.13 ms)
2026-08-17 11:50:59 | INFO | fastapi_app | GET /cart -> 200 (4.95 ms)
2026-08-17 11:50:59 | INFO | fastapi_app | GET /cart -> 200 (5.06 ms)
2026-08-17 11:50:59 | INFO | fastapi_app | GET /cart -> 200 (4.42 ms)
2026-08-17 11:50:59 | INFO | fastapi_app | GET /cart -> 200 (4.66 ms)
2026-08-17 11:50:59 | INFO | fastapi_app | GET /cart -> 200 (5.57 ms)
2026-08-17 11:50:59 | INFO | fastapi_app | GET /cart -> 200 (4.55 ms)
2026-08-17 11:50:59 | INFO | fastapi_app | GET /cart -> 200 (4.24 ms)
2026-08-17 11:50:59 | INFO | fastapi_app | GET /cart -> 200 (4.16 ms)
2026-08-17 11:50:59 | INFO | fastapi_app | GET /cart -> 200 (4.45 ms)
2026-08-17 11:50:59 | INFO | fastapi_app | GET /cart -> 200 (4.85 ms)
2026-08-17 11:50:59 | INFO | fastapi_app | GET /cart -> 200 (4.86 ms)
2026-08-17 11:50:59 | INFO | fastapi_app | GET /cart -> 200 (6.63 ms)
2026-08-17 11:50:59 | INFO | fastapi_app | GET /cart -> 200 (4.91 ms)
2026-08-17 11:50:59 | INFO | fastapi_app | GET /cart -> 200 (4.93 ms)
2026-08-17 11:50:59 | INFO | fastapi_app | GET /cart -> 200 (4.99 ms)
2026-08-17 11:50:59 | INFO | fastapi_app | GET /cart -> 200 (5.95 ms)
2026-08-17 11:50:59 | INFO | fastapi_app | GET /cart -> 200 (7.17 ms)
2026-08-17 11:50:59 | INFO | fastapi_app | GET /cart -> 200 (6.33 ms)
2026-08-17 11:50:59 | INFO | fastapi_app | GET /cart -> 200 (4.78 ms)
2026-08-17 11:50:59 | INFO | fastapi_app | GET /cart -> 200 (5.17 ms)
2026-08-17 11:50:59 | INFO | fastapi_app | GET /cart -> 200 (5.29 ms)
2026-08-17 11:50:59 | INFO | fastapi_app | GET /cart -> 200 (4.85 ms)
2026-08-17 11:50:59 | INFO | fastapi_app | GET /cart -> 200 (5.65 ms)
2026-08-17 11:51:00 | INFO | fastapi_app | GET /cart -> 200 (7.29 ms)
2026-08-17 11:51:00 | INFO | fastapi_app | GET /products -> 200 (10.62 ms)
2026-08-17 11:51:41 | INFO | fastapi_app | GET /products -> 200 (5.20 ms)
2026-08-17 11:51:43 | INFO | fastapi_app | GET /products -> 200 (7.95 ms)
2026-08-17 11:51:43 | INFO | fastapi_app | GET /products -> 200 (6.85 ms)
2026-08-17 11:51:46 | INFO | fastapi_app | POST /cart -> 201 (17.43 ms)
2026-08-17 11:51:58 | INFO | fastapi_app | GET /cart -> 200 (9.80 ms)
2026-08-17 11:51:58 | INFO | fastapi_app | GET /products -> 200 (10.10 ms)
2026-08-17 11:52:01 | INFO | fastapi_app | GET /cart -> 200 (8.26 ms)
2026-08-17 11:52:01 | INFO | fastapi_app | GET /products -> 200 (8.55 ms)
2026-08-17 11:52:04 | INFO | fastapi_app | DELETE /cart/8 -> 204 (7.29 ms)
2026-08-17 11:52:04 | INFO | fastapi_app | GET /cart -> 200 (4.34 ms)
2026-08-17 11:52:05 | INFO | fastapi_app | GET /products -> 200 (7.96 ms)
2026-08-17 11:52:50 | INFO | fastapi_app | GET /products -> 200 (9.24 ms)
2026-08-17 11:52:54 | INFO | fastapi_app | GET /products -> 200 (10.03 ms)
2026-08-17 11:56:08 | INFO | fastapi_app | GET /products -> 200 (6.20 ms)
2026-08-17 11:56:10 | INFO | fastapi_app | GET /products -> 200 (7.02 ms)
2026-08-17 11:56:14 | INFO | fastapi_app | GET /products -> 200 (9.95 ms)
2026-08-17 11:56:22 | INFO | fastapi_app | GET /user/profile -> 200 (14.35 ms)
2026-08-17 11:56:22 | INFO | fastapi_app | GET /user/profile -> 200 (9.74 ms)
2026-08-17 11:56:22 | INFO | fastapi_app | GET /products -> 200 (7.89 ms)
2026-08-17 11:56:22 | INFO | fastapi_app | GET /products -> 200 (7.89 ms)
2026-08-17 11:56:24 | INFO | fastapi_app | GET /cart -> 200 (5.81 ms)
2026-08-17 11:56:26 | INFO | fastapi_app | POST /cart -> 201 (18.59 ms)
2026-08-17 11:56:34 | INFO | fastapi_app | POST /cart -> 201 (16.14 ms)
2026-08-17 11:57:37 | INFO | fastapi_app | GET /products -> 200 (7.00 ms)
2026-08-17 11:57:40 | INFO | fastapi_app | GET /products -> 200 (6.31 ms)
2026-08-17 11:57:47 | INFO | fastapi_app | GET /cart -> 200 (6.48 ms)
2026-08-17 11:57:49 | INFO | fastapi_app | DELETE /cart/9 -> 204 (7.47 ms)
2026-08-17 11:57:49 | INFO | fastapi_app | GET /cart -> 200 (5.24 ms)
2026-08-17 11:57:54 | INFO | fastapi_app | POST /cart -> 201 (21.33 ms)
2026-08-17 11:58:02 | INFO | fastapi_app | GET /cart -> 200 (5.28 ms)
2026-08-17 11:58:23 | INFO | fastapi_app | GET /products -> 200 (8.93 ms)
2026-08-17 11:58:25 | INFO | fastapi_app | DELETE /cart/10 -> 204 (5.42 ms)
2026-08-17 11:58:25 | INFO | fastapi_app | GET /cart -> 200 (6.38 ms)
2026-08-17 11:58:29 | INFO | fastapi_app | POST /cart -> 201 (15.16 ms)
2026-08-17 11:58:29 | INFO | fastapi_app | GET /cart -> 200 (5.26 ms)
2026-08-17 11:58:32 | INFO | fastapi_app | POST /cart -> 201 (14.11 ms)
2026-08-17 11:58:32 | INFO | fastapi_app | GET /cart -> 200 (6.15 ms)
2026-08-17 11:58:34 | INFO | fastapi_app | GET /cart -> 200 (9.69 ms)
2026-08-17 11:58:37 | INFO | fastapi_app | POST /cart -> 201 (9.56 ms)
2026-08-17 11:58:37 | INFO | fastapi_app | GET /cart -> 200 (5.40 ms)
2026-08-17 11:59:01 | INFO | fastapi_app | GET /cart -> 200 (6.85 ms)
2026-08-17 11:59:02 | INFO | fastapi_app | DELETE /cart/12 -> 204 (7.81 ms)
2026-08-17 11:59:02 | INFO | fastapi_app | GET /cart -> 200 (7.17 ms)
2026-08-17 11:59:03 | INFO | fastapi_app | DELETE /cart/11 -> 204 (7.44 ms)
2026-08-17 11:59:03 | INFO | fastapi_app | GET /cart -> 200 (5.54 ms)
2026-08-17 11:59:43 | INFO | fastapi_app | GET /products -> 200 (9.27 ms)
2026-08-17 11:59:45 | INFO | fastapi_app | GET /products -> 200 (8.69 ms)
2026-08-17 11:59:50 | INFO | fastapi_app | GET /products -> 200 (5.92 ms)
2026-08-17 12:25:47 | INFO | fastapi_app | GET /user/profile -> 401 (9.52 ms)
2026-08-17 12:25:47 | INFO | fastapi_app | GET /user/profile -> 401 (2.39 ms)
2026-08-17 12:25:53 | INFO | fastapi_app | POST /auth/login -> 200 (456.13 ms)
2026-08-17 12:25:53 | INFO | fastapi_app | GET /user/profile -> 200 (3.67 ms)
2026-08-17 12:25:53 | INFO | fastapi_app | GET /user/dashboard -> 200 (11.83 ms)
2026-08-17 12:25:53 | INFO | fastapi_app | GET /user/dashboard -> 200 (5.65 ms)
2026-08-17 12:25:56 | INFO | fastapi_app | GET /products -> 200 (14.22 ms)
2026-08-17 12:25:56 | INFO | fastapi_app | GET /products -> 200 (11.64 ms)
2026-08-17 12:26:18 | INFO | fastapi_app | GET /products -> 200 (13.46 ms)
2026-08-17 12:26:18 | INFO | fastapi_app | GET /products -> 200 (11.44 ms)
2026-08-17 12:26:21 | INFO | fastapi_app | POST /cart -> 201 (19.54 ms)
2026-08-17 12:26:21 | INFO | fastapi_app | GET /cart -> 200 (7.97 ms)
2026-08-17 12:26:26 | INFO | fastapi_app | POST /cart -> 201 (13.14 ms)
2026-08-17 12:26:26 | INFO | fastapi_app | GET /cart -> 200 (6.65 ms)
2026-08-17 12:26:28 | INFO | fastapi_app | GET /cart -> 200 (8.64 ms)
2026-08-17 12:26:32 | INFO | fastapi_app | DELETE /cart/13 -> 204 (6.17 ms)
2026-08-17 12:26:32 | INFO | fastapi_app | GET /cart -> 200 (6.05 ms)
2026-08-17 12:26:54 | INFO | fastapi_app | GET /products/favorites -> 200 (42.70 ms)
2026-08-17 12:26:57 | INFO | fastapi_app | GET /products -> 200 (8.76 ms)
2026-08-17 12:27:01 | INFO | fastapi_app | GET /cart -> 200 (5.26 ms)
2026-08-17 12:27:02 | INFO | fastapi_app | POST /cart -> 201 (16.18 ms)
2026-08-17 12:27:02 | INFO | fastapi_app | GET /cart -> 200 (6.89 ms)
2026-08-17 12:27:04 | INFO | fastapi_app | POST /cart -> 201 (17.66 ms)
2026-08-17 12:27:04 | INFO | fastapi_app | GET /cart -> 200 (5.70 ms)
2026-08-17 12:27:05 | INFO | fastapi_app | POST /cart -> 201 (10.92 ms)
2026-08-17 12:27:05 | INFO | fastapi_app | GET /cart -> 200 (6.67 ms)
2026-08-17 12:27:06 | INFO | fastapi_app | POST /cart -> 201 (15.56 ms)
2026-08-17 12:27:06 | INFO | fastapi_app | GET /cart -> 200 (6.33 ms)
2026-08-17 12:27:06 | INFO | fastapi_app | POST /cart -> 201 (17.62 ms)
2026-08-17 12:27:07 | INFO | fastapi_app | GET /cart -> 200 (6.10 ms)
2026-08-17 12:27:07 | INFO | fastapi_app | POST /cart -> 201 (14.59 ms)
2026-08-17 12:27:07 | INFO | fastapi_app | GET /cart -> 200 (5.96 ms)
2026-08-17 12:27:07 | INFO | fastapi_app | POST /cart -> 201 (12.38 ms)
2026-08-17 12:27:07 | INFO | fastapi_app | GET /cart -> 200 (6.92 ms)
2026-08-17 12:27:07 | INFO | fastapi_app | POST /cart -> 201 (15.61 ms)
2026-08-17 12:27:07 | INFO | fastapi_app | GET /cart -> 200 (6.92 ms)
2026-08-17 12:27:07 | INFO | fastapi_app | POST /cart -> 201 (17.22 ms)
2026-08-17 12:27:07 | INFO | fastapi_app | GET /cart -> 200 (6.42 ms)
2026-08-17 12:27:08 | INFO | fastapi_app | POST /cart -> 201 (16.42 ms)
2026-08-17 12:27:08 | INFO | fastapi_app | GET /cart -> 200 (9.05 ms)
2026-08-17 12:27:08 | INFO | fastapi_app | POST /cart -> 201 (15.98 ms)
2026-08-17 12:27:08 | INFO | fastapi_app | GET /cart -> 200 (7.80 ms)
2026-08-17 12:27:08 | INFO | fastapi_app | POST /cart -> 201 (16.30 ms)
2026-08-17 12:27:08 | INFO | fastapi_app | GET /cart -> 200 (8.35 ms)
2026-08-17 12:27:08 | INFO | fastapi_app | POST /cart -> 201 (15.85 ms)
2026-08-17 12:27:08 | INFO | fastapi_app | GET /cart -> 200 (8.34 ms)
2026-08-17 12:27:08 | INFO | fastapi_app | POST /cart -> 201 (15.43 ms)
2026-08-17 12:27:08 | INFO | fastapi_app | GET /cart -> 200 (8.51 ms)
2026-08-17 12:27:08 | INFO | fastapi_app | POST /cart -> 201 (12.19 ms)
2026-08-17 12:27:08 | INFO | fastapi_app | GET /cart -> 200 (6.12 ms)
2026-08-17 12:27:09 | INFO | fastapi_app | POST /cart -> 201 (12.20 ms)
2026-08-17 12:27:09 | INFO | fastapi_app | GET /cart -> 200 (6.85 ms)
2026-08-17 12:27:09 | INFO | fastapi_app | POST /cart -> 201 (14.66 ms)
2026-08-17 12:27:09 | INFO | fastapi_app | GET /cart -> 200 (6.84 ms)
2026-08-17 12:27:09 | INFO | fastapi_app | POST /cart -> 201 (9.83 ms)
2026-08-17 12:27:09 | INFO | fastapi_app | GET /cart -> 200 (7.51 ms)
2026-08-17 12:27:09 | INFO | fastapi_app | POST /cart -> 201 (13.26 ms)
2026-08-17 12:27:09 | INFO | fastapi_app | GET /cart -> 200 (6.59 ms)
2026-08-17 12:27:09 | INFO | fastapi_app | POST /cart -> 201 (14.55 ms)
2026-08-17 12:27:09 | INFO | fastapi_app | GET /cart -> 200 (6.35 ms)
2026-08-17 12:27:10 | INFO | fastapi_app | POST /cart/checkout -> 200 (42.29 ms)
2026-08-17 12:27:10 | INFO | fastapi_app | GET /cart -> 200 (5.56 ms)
2026-08-17 12:27:10 | INFO | fastapi_app | GET /orders -> 200 (11.19 ms)
2026-08-17 12:27:19 | INFO | fastapi_app | GET /orders -> 200 (8.97 ms)
2026-08-17 12:27:31 | INFO | fastapi_app | GET /user/dashboard -> 200 (4.18 ms)
2026-08-17 12:27:31 | INFO | fastapi_app | GET /user/dashboard -> 200 (5.40 ms)
2026-08-17 12:27:50 | INFO | fastapi_app | GET /products -> 200 (7.01 ms)
2026-08-17 12:27:50 | INFO | fastapi_app | GET /products -> 200 (9.75 ms)
2026-08-17 12:28:41 | INFO | fastapi_app | POST /auth/login -> 200 (413.95 ms)
2026-08-17 12:28:41 | INFO | fastapi_app | GET /user/profile -> 200 (6.54 ms)
2026-08-17 12:28:49 | INFO | fastapi_app | POST /auth/login -> 200 (420.70 ms)
2026-08-17 12:28:49 | INFO | fastapi_app | GET /user/profile -> 200 (6.91 ms)
2026-08-17 12:28:53 | INFO | fastapi_app | GET /user/dashboard -> 200 (6.59 ms)
2026-08-17 12:28:53 | INFO | fastapi_app | GET /user/dashboard -> 200 (5.04 ms)
2026-08-17 12:28:55 | INFO | fastapi_app | GET /products -> 200 (12.36 ms)
2026-08-17 12:28:55 | INFO | fastapi_app | GET /products -> 200 (11.12 ms)
2026-08-17 12:29:00 | INFO | fastapi_app | POST /cart -> 201 (15.66 ms)
2026-08-17 12:29:00 | INFO | fastapi_app | GET /cart -> 200 (7.51 ms)
2026-08-17 12:29:03 | INFO | fastapi_app | POST /cart -> 201 (16.58 ms)
2026-08-17 12:29:03 | INFO | fastapi_app | GET /cart -> 200 (8.39 ms)
2026-08-17 12:29:04 | INFO | fastapi_app | POST /cart -> 201 (19.34 ms)
2026-08-17 12:29:04 | INFO | fastapi_app | GET /cart -> 200 (9.45 ms)
2026-08-17 12:29:06 | INFO | fastapi_app | GET /cart -> 200 (9.44 ms)
2026-08-17 12:29:13 | INFO | fastapi_app | DELETE /cart/17 -> 204 (10.32 ms)
2026-08-17 12:29:13 | INFO | fastapi_app | GET /cart -> 200 (7.13 ms)
2026-08-17 12:29:14 | INFO | fastapi_app | DELETE /cart/16 -> 204 (7.53 ms)
2026-08-17 12:29:14 | INFO | fastapi_app | GET /cart -> 200 (6.96 ms)
2026-08-17 12:29:14 | INFO | fastapi_app | DELETE /cart/15 -> 204 (6.50 ms)
2026-08-17 12:29:14 | INFO | fastapi_app | GET /cart -> 200 (5.14 ms)
2026-08-17 12:29:19 | INFO | fastapi_app | GET /user/dashboard -> 200 (4.04 ms)
2026-08-17 12:29:19 | INFO | fastapi_app | GET /user/dashboard -> 200 (5.72 ms)
2026-08-17 12:30:40 | INFO | fastapi_app | GET /products -> 200 (9.27 ms)
2026-08-17 12:30:40 | INFO | fastapi_app | GET /products -> 200 (9.73 ms)
2026-08-17 12:30:42 | INFO | fastapi_app | GET /products -> 200 (12.68 ms)
2026-08-17 12:30:42 | INFO | fastapi_app | GET /products -> 200 (8.72 ms)
2026-08-17 12:30:43 | INFO | fastapi_app | GET /products -> 200 (11.62 ms)
2026-08-17 12:30:43 | INFO | fastapi_app | GET /products -> 200 (8.39 ms)
2026-08-17 12:30:44 | INFO | fastapi_app | GET /user/dashboard -> 200 (4.70 ms)
2026-08-17 12:30:44 | INFO | fastapi_app | GET /user/dashboard -> 200 (4.13 ms)
2026-08-17 12:32:22 | INFO | fastapi_app | GET /user/profile -> 200 (6.98 ms)
2026-08-17 12:32:22 | INFO | fastapi_app | GET /user/profile -> 200 (7.38 ms)
2026-08-17 12:32:22 | INFO | fastapi_app | GET /user/dashboard -> 200 (4.39 ms)
2026-08-17 12:32:22 | INFO | fastapi_app | GET /user/dashboard -> 200 (4.80 ms)
2026-08-17 12:32:49 | INFO | fastapi_app | GET /user/profile -> 200 (6.87 ms)
2026-08-17 12:32:49 | INFO | fastapi_app | GET /user/profile -> 200 (7.64 ms)
2026-08-17 12:33:03 | INFO | fastapi_app | GET /user/profile -> 200 (6.33 ms)
2026-08-17 12:33:03 | INFO | fastapi_app | GET /user/profile -> 200 (5.55 ms)
2026-08-17 12:33:03 | INFO | fastapi_app | GET /user/dashboard -> 200 (3.43 ms)
2026-08-17 12:33:03 | INFO | fastapi_app | GET /user/dashboard -> 200 (2.79 ms)
2026-08-17 13:13:30 | INFO | fastapi_app | GET /user/profile -> 401 (4.10 ms)
2026-08-17 13:13:30 | INFO | fastapi_app | GET /user/profile -> 401 (2.62 ms)
2026-08-17 13:15:00 | INFO | fastapi_app | POST /auth/login -> 200 (334.29 ms)
2026-08-17 13:15:00 | INFO | fastapi_app | GET /user/profile -> 200 (5.96 ms)
2026-08-17 13:15:00 | INFO | fastapi_app | GET /user/dashboard -> 200 (10.53 ms)
2026-08-17 13:15:00 | INFO | fastapi_app | GET /user/dashboard -> 200 (5.09 ms)
2026-08-17 13:15:03 | INFO | fastapi_app | GET /products -> 200 (14.48 ms)
2026-08-17 13:15:03 | INFO | fastapi_app | GET /products -> 200 (10.79 ms)
2026-08-17 13:15:03 | INFO | fastapi_app | GET /user/dashboard -> 200 (7.15 ms)
2026-08-17 13:15:03 | INFO | fastapi_app | GET /user/dashboard -> 200 (5.24 ms)
2026-08-17 13:18:32 | INFO | fastapi_app | GET /products -> 200 (13.97 ms)
2026-08-17 13:18:32 | INFO | fastapi_app | GET /products -> 200 (12.59 ms)
2026-08-17 13:18:33 | INFO | fastapi_app | GET /user/dashboard -> 200 (4.76 ms)
2026-08-17 13:18:33 | INFO | fastapi_app | GET /user/dashboard -> 200 (4.48 ms)
2026-08-17 13:18:35 | INFO | fastapi_app | GET /products -> 200 (14.35 ms)
2026-08-17 13:18:35 | INFO | fastapi_app | GET /products -> 200 (18.02 ms)
2026-08-17 13:19:32 | INFO | fastapi_app | GET /user/dashboard -> 200 (8.66 ms)
2026-08-17 13:19:32 | INFO | fastapi_app | GET /user/dashboard -> 200 (3.72 ms)
2026-08-17 13:19:33 | INFO | fastapi_app | GET /products -> 200 (12.29 ms)
2026-08-17 13:19:33 | INFO | fastapi_app | GET /products -> 200 (8.22 ms)
2026-08-17 13:19:39 | INFO | fastapi_app | GET /products -> 200 (7.20 ms)
2026-08-17 13:19:39 | INFO | fastapi_app | GET /products -> 200 (8.00 ms)
2026-08-17 13:19:46 | INFO | fastapi_app | GET /user/dashboard -> 200 (4.60 ms)
2026-08-17 13:19:46 | INFO | fastapi_app | GET /user/dashboard -> 200 (3.43 ms)
2026-08-17 13:19:52 | INFO | fastapi_app | GET /user/dashboard -> 200 (3.78 ms)
2026-08-17 13:19:52 | INFO | fastapi_app | GET /user/dashboard -> 200 (4.04 ms)
2026-08-17 13:19:53 | INFO | fastapi_app | GET /products -> 200 (12.90 ms)
2026-08-17 13:19:53 | INFO | fastapi_app | GET /products -> 200 (8.92 ms)
2026-08-17 13:21:35 | INFO | fastapi_app | GET /products -> 200 (17.10 ms)
2026-08-17 13:21:39 | INFO | fastapi_app | GET /products -> 200 (11.21 ms)
2026-08-17 13:22:18 | INFO | fastapi_app | GET /products -> 200 (15.49 ms)
2026-08-17 13:22:18 | INFO | fastapi_app | GET /products -> 200 (10.73 ms)
2026-08-17 13:22:20 | INFO | fastapi_app | GET /products -> 200 (10.73 ms)
2026-08-17 13:22:20 | INFO | fastapi_app | GET /products -> 200 (8.82 ms)
2026-08-17 13:22:51 | INFO | fastapi_app | GET /products -> 200 (7.12 ms)
2026-08-17 13:23:05 | INFO | fastapi_app | GET /products -> 200 (8.53 ms)
2026-08-17 13:23:06 | INFO | fastapi_app | GET /products -> 200 (12.13 ms)
2026-08-17 13:23:24 | INFO | fastapi_app | POST /auth/login -> 200 (493.46 ms)
2026-08-17 13:23:24 | INFO | fastapi_app | GET /user/profile -> 200 (8.41 ms)
2026-08-17 13:23:24 | INFO | fastapi_app | GET /products -> 200 (16.41 ms)
2026-08-17 13:23:24 | INFO | fastapi_app | GET /products -> 200 (15.15 ms)
2026-08-17 13:27:06 | INFO | fastapi_app | GET /products -> 200 (7.31 ms)
2026-08-17 13:27:54 | INFO | fastapi_app | GET /admin/users -> 200 (35.25 ms)
2026-08-17 13:27:54 | INFO | fastapi_app | GET /admin/users -> 200 (15.87 ms)
2026-08-17 13:28:01 | INFO | fastapi_app | GET /admin/users/1 -> 200 (31.56 ms)
2026-08-17 13:28:05 | INFO | fastapi_app | GET /admin/users/2 -> 200 (11.92 ms)
2026-08-17 13:28:09 | INFO | fastapi_app | GET /admin/users/3 -> 200 (10.59 ms)
2026-08-17 13:28:15 | INFO | fastapi_app | GET /admin/users/4 -> 200 (10.13 ms)
2026-08-17 13:28:35 | INFO | fastapi_app | GET /admin/users/5 -> 200 (8.34 ms)
2026-08-17 13:28:39 | INFO | fastapi_app | GET /admin/users/3 -> 200 (12.83 ms)
2026-08-17 13:28:45 | INFO | fastapi_app | GET /products -> 200 (12.79 ms)
2026-08-17 13:28:45 | INFO | fastapi_app | GET /products -> 200 (9.43 ms)
2026-08-17 13:28:45 | INFO | fastapi_app | GET /user/dashboard -> 200 (6.48 ms)
2026-08-17 13:28:45 | INFO | fastapi_app | GET /user/dashboard -> 200 (4.56 ms)
2026-08-17 13:28:46 | INFO | fastapi_app | GET /products -> 200 (11.88 ms)
2026-08-17 13:28:46 | INFO | fastapi_app | GET /products -> 200 (8.49 ms)
2026-08-17 13:28:47 | INFO | fastapi_app | GET /admin/users -> 200 (19.56 ms)
2026-08-17 13:28:47 | INFO | fastapi_app | GET /admin/users -> 200 (8.65 ms)
2026-08-17 13:29:15 | INFO | fastapi_app | GET /products -> 200 (12.33 ms)
2026-08-17 13:29:15 | INFO | fastapi_app | GET /products -> 200 (10.76 ms)
2026-08-17 13:29:15 | INFO | fastapi_app | GET /user/dashboard -> 200 (4.71 ms)
2026-08-17 13:29:15 | INFO | fastapi_app | GET /user/dashboard -> 200 (3.80 ms)
2026-08-17 13:29:19 | INFO | fastapi_app | GET /products -> 200 (11.32 ms)
2026-08-17 13:29:19 | INFO | fastapi_app | GET /products -> 200 (8.14 ms)
2026-08-17 13:29:21 | INFO | fastapi_app | GET /admin/users -> 200 (16.48 ms)
2026-08-17 13:29:22 | INFO | fastapi_app | GET /admin/users -> 200 (11.44 ms)
2026-08-17 13:29:27 | INFO | fastapi_app | GET /admin/users/2 -> 200 (7.50 ms)
2026-08-17 13:29:41 | INFO | fastapi_app | GET /user/dashboard -> 200 (4.47 ms)
2026-08-17 13:29:41 | INFO | fastapi_app | GET /user/dashboard -> 200 (3.24 ms)
2026-08-17 13:29:41 | INFO | fastapi_app | GET /products -> 200 (16.10 ms)
2026-08-17 13:29:41 | INFO | fastapi_app | GET /products -> 200 (10.08 ms)
2026-08-17 13:29:42 | INFO | fastapi_app | GET /user/dashboard -> 200 (5.01 ms)
2026-08-17 13:29:42 | INFO | fastapi_app | GET /user/dashboard -> 200 (4.08 ms)
2026-08-17 13:39:22 | INFO | fastapi_app | GET /products -> 200 (22.14 ms)
2026-08-17 13:39:22 | INFO | fastapi_app | GET /products -> 200 (16.27 ms)
2026-08-17 13:39:24 | INFO | fastapi_app | GET /products -> 200 (20.00 ms)
2026-08-17 13:39:24 | INFO | fastapi_app | GET /products -> 200 (16.12 ms)
2026-08-17 13:39:27 | INFO | fastapi_app | GET /admin/users -> 200 (26.60 ms)
2026-08-17 13:39:27 | INFO | fastapi_app | GET /admin/users -> 200 (30.13 ms)
2026-08-17 13:39:36 | INFO | fastapi_app | GET /products -> 200 (16.44 ms)
2026-08-17 13:39:36 | INFO | fastapi_app | GET /products -> 200 (19.21 ms)
2026-08-17 14:01:38 | INFO | fastapi_app | Application Started
2026-08-17 14:01:39 | INFO | fastapi_app | GET /admin/users -> 401 (85.37 ms)
2026-08-17 14:01:39 | INFO | fastapi_app | GET /admin/users -> 401 (4.63 ms)
2026-08-17 14:01:44 | INFO | fastapi_app | GET /products -> 401 (47.76 ms)
2026-08-17 14:01:44 | INFO | fastapi_app | GET /products -> 401 (5.70 ms)
2026-08-17 14:01:46 | INFO | fastapi_app | GET /user/dashboard -> 401 (13.89 ms)
2026-08-17 14:01:46 | INFO | fastapi_app | GET /user/dashboard -> 401 (8.24 ms)
2026-08-17 14:01:52 | INFO | fastapi_app | GET /user/profile -> 401 (14.06 ms)
2026-08-17 14:01:52 | INFO | fastapi_app | GET /user/profile -> 401 (5.71 ms)
2026-08-17 14:01:54 | INFO | fastapi_app | POST /auth/login -> 200 (904.75 ms)
2026-08-17 14:01:54 | INFO | fastapi_app | GET /user/profile -> 200 (37.03 ms)
2026-08-17 14:01:54 | INFO | fastapi_app | GET /user/dashboard -> 200 (14.73 ms)
2026-08-17 14:01:54 | INFO | fastapi_app | GET /user/dashboard -> 200 (7.43 ms)
2026-08-17 14:01:55 | INFO | fastapi_app | GET /admin/users -> 200 (26.03 ms)
2026-08-17 14:01:55 | INFO | fastapi_app | GET /admin/users -> 200 (25.36 ms)
2026-08-17 14:01:57 | INFO | fastapi_app | GET /admin/users/3 -> 200 (31.56 ms)
2026-08-17 14:02:01 | INFO | fastapi_app | DELETE /admin/users/3 -> 200 (127.18 ms)
2026-08-17 14:02:02 | INFO | fastapi_app | GET /products -> 200 (39.31 ms)
2026-08-17 14:02:02 | INFO | fastapi_app | GET /products -> 200 (25.76 ms)
2026-08-17 15:31:01 | INFO | fastapi_app | GET /user/profile -> 401 (64.07 ms)
2026-08-17 15:31:01 | INFO | fastapi_app | GET /user/profile -> 401 (7.81 ms)
2026-08-18 10:05:10 | INFO | fastapi_app | Application Started
2026-08-18 10:05:45 | INFO | fastapi_app | POST /auth/login -> 200 (522.87 ms)
2026-08-18 10:05:45 | INFO | fastapi_app | GET /user/profile -> 200 (27.55 ms)
2026-08-18 10:05:45 | INFO | fastapi_app | GET /user/dashboard -> 200 (7.63 ms)
2026-08-18 10:05:45 | INFO | fastapi_app | GET /user/dashboard -> 200 (5.03 ms)
2026-08-18 10:05:48 | INFO | fastapi_app | GET /products -> 200 (89.91 ms)
2026-08-18 10:05:48 | INFO | fastapi_app | GET /products -> 200 (14.99 ms)
2026-08-18 10:06:05 | INFO | fastapi_app | GET /admin/users -> 200 (16.60 ms)
2026-08-18 10:06:05 | INFO | fastapi_app | GET /admin/users -> 200 (9.37 ms)
2026-08-18 10:06:08 | INFO | fastapi_app | GET /admin/users/1 -> 200 (10.35 ms)
2026-08-18 10:06:11 | INFO | fastapi_app | GET /admin/users/2 -> 200 (13.92 ms)
2026-08-18 10:22:27 | INFO | fastapi_app | GET /user/profile -> 200 (19.03 ms)
2026-08-18 10:22:27 | INFO | fastapi_app | GET /user/profile -> 200 (13.41 ms)
2026-08-18 10:22:28 | INFO | fastapi_app | GET /admin/users -> 200 (25.20 ms)
2026-08-18 10:22:28 | INFO | fastapi_app | GET /admin/users -> 200 (17.72 ms)
2026-08-18 10:24:14 | INFO | fastapi_app | GET /user/profile -> 200 (6.36 ms)
2026-08-18 10:24:14 | INFO | fastapi_app | GET /user/profile -> 200 (6.34 ms)
2026-08-18 10:24:14 | INFO | fastapi_app | GET /admin/users -> 200 (10.77 ms)
2026-08-18 10:24:14 | INFO | fastapi_app | GET /admin/users -> 200 (9.62 ms)
2026-08-18 10:25:23 | INFO | fastapi_app | GET /products -> 200 (16.63 ms)
2026-08-18 10:25:23 | INFO | fastapi_app | GET /products -> 200 (10.16 ms)
2026-08-18 10:25:28 | INFO | fastapi_app | GET /user/dashboard -> 200 (4.98 ms)
2026-08-18 10:25:28 | INFO | fastapi_app | GET /user/dashboard -> 200 (6.30 ms)
2026-08-18 10:25:35 | INFO | fastapi_app | GET /admin/users -> 200 (17.42 ms)
2026-08-18 10:25:35 | INFO | fastapi_app | GET /admin/users -> 200 (18.06 ms)
2026-08-18 10:25:39 | INFO | fastapi_app | GET /products -> 200 (18.42 ms)
2026-08-18 10:25:39 | INFO | fastapi_app | GET /products -> 200 (16.07 ms)
2026-08-18 10:25:45 | INFO | fastapi_app | GET /admin/users -> 200 (14.85 ms)
2026-08-18 10:25:45 | INFO | fastapi_app | GET /admin/users -> 200 (17.08 ms)
2026-08-18 10:26:22 | INFO | fastapi_app | GET /user/profile -> 200 (11.05 ms)
2026-08-18 10:26:22 | INFO | fastapi_app | GET /user/profile -> 200 (10.51 ms)
2026-08-18 10:26:22 | INFO | fastapi_app | GET /admin/users -> 200 (19.83 ms)
2026-08-18 10:26:23 | INFO | fastapi_app | GET /admin/users -> 200 (24.90 ms)
2026-08-18 10:26:39 | INFO | fastapi_app | GET /products -> 200 (14.91 ms)
2026-08-18 10:26:39 | INFO | fastapi_app | GET /products -> 200 (13.54 ms)
2026-08-18 10:26:55 | INFO | fastapi_app | GET /user/dashboard -> 200 (4.25 ms)
2026-08-18 10:26:55 | INFO | fastapi_app | GET /user/dashboard -> 200 (4.19 ms)
2026-08-18 10:27:20 | INFO | fastapi_app | GET /products -> 200 (16.62 ms)
2026-08-18 10:27:20 | INFO | fastapi_app | GET /products -> 200 (16.67 ms)
2026-08-18 10:27:20 | INFO | fastapi_app | GET /user/dashboard -> 200 (8.75 ms)
2026-08-18 10:27:21 | INFO | fastapi_app | GET /user/dashboard -> 200 (6.46 ms)
2026-08-18 10:27:21 | INFO | fastapi_app | GET /products -> 200 (15.87 ms)
2026-08-18 10:27:21 | INFO | fastapi_app | GET /products -> 200 (15.56 ms)
2026-08-18 10:27:22 | INFO | fastapi_app | GET /products -> 200 (13.07 ms)
2026-08-18 10:27:22 | INFO | fastapi_app | GET /products -> 200 (19.61 ms)
2026-08-18 10:27:23 | INFO | fastapi_app | GET /user/dashboard -> 200 (8.85 ms)
2026-08-18 10:27:23 | INFO | fastapi_app | GET /user/dashboard -> 200 (5.83 ms)
2026-08-18 10:27:23 | INFO | fastapi_app | GET /products -> 200 (13.53 ms)
2026-08-18 10:27:23 | INFO | fastapi_app | GET /products -> 200 (12.80 ms)
2026-08-18 10:28:44 | INFO | fastapi_app | GET /docs -> 200 (0.69 ms)
2026-08-18 10:28:45 | INFO | fastapi_app | GET / -> 200 (26.93 ms)
2026-08-18 10:34:00 | INFO | fastapi_app | GET /user/dashboard -> 200 (6.79 ms)
2026-08-18 10:34:00 | INFO | fastapi_app | GET /user/dashboard -> 200 (5.13 ms)
2026-08-18 10:34:01 | INFO | fastapi_app | GET /products -> 200 (15.93 ms)
2026-08-18 10:34:01 | INFO | fastapi_app | GET /products -> 200 (15.28 ms)
2026-08-18 10:34:06 | INFO | fastapi_app | GET /admin/users -> 200 (21.94 ms)
2026-08-18 10:34:06 | INFO | fastapi_app | GET /admin/users -> 200 (15.73 ms)
2026-08-18 10:34:09 | INFO | fastapi_app | GET /admin/users/2 -> 200 (12.58 ms)
2026-08-18 10:34:10 | INFO | fastapi_app | GET /admin/users/1 -> 200 (9.33 ms)
2026-08-18 10:34:11 | INFO | fastapi_app | GET /admin/users/4 -> 200 (11.34 ms)
2026-08-18 10:34:13 | INFO | fastapi_app | GET /admin/users/5 -> 200 (7.77 ms)
2026-08-18 10:37:16 | INFO | fastapi_app | POST /auth/register -> 201 (670.91 ms)
2026-08-18 10:37:17 | INFO | fastapi_app | POST /auth/login -> 200 (623.51 ms)
2026-08-18 10:37:47 | INFO | fastapi_app | POST /auth/register -> 201 (591.23 ms)
2026-08-18 10:37:48 | INFO | fastapi_app | POST /auth/login -> 200 (586.99 ms)
2026-08-18 10:39:35 | INFO | fastapi_app | POST /auth/register -> 201 (628.96 ms)
2026-08-18 10:39:36 | INFO | fastapi_app | POST /auth/login -> 200 (557.52 ms)
2026-08-18 10:39:40 | INFO | fastapi_app | GET /user/profile -> 200 (26.07 ms)
2026-08-18 10:39:40 | INFO | fastapi_app | GET /user/profile -> 200 (34.84 ms)
2026-08-18 10:39:40 | INFO | fastapi_app | GET /user/dashboard -> 200 (7.98 ms)
2026-08-18 10:39:40 | INFO | fastapi_app | GET /user/dashboard -> 200 (8.60 ms)
2026-08-18 10:39:46 | INFO | fastapi_app | GET /user/profile -> 200 (9.99 ms)
2026-08-18 10:39:46 | INFO | fastapi_app | GET /user/profile -> 200 (10.41 ms)
2026-08-18 10:39:46 | INFO | fastapi_app | GET /products -> 200 (12.55 ms)
2026-08-18 10:39:46 | INFO | fastapi_app | GET /products -> 200 (15.68 ms)
2026-08-18 10:40:21 | INFO | fastapi_app | POST /auth/register -> 201 (613.75 ms)
2026-08-18 10:40:21 | INFO | fastapi_app | POST /auth/login -> 200 (574.45 ms)
2026-08-18 10:40:26 | INFO | fastapi_app | GET /user/profile -> 200 (11.94 ms)
2026-08-18 10:40:26 | INFO | fastapi_app | GET /user/profile -> 200 (13.17 ms)
2026-08-18 10:40:26 | INFO | fastapi_app | GET /user/dashboard -> 200 (13.68 ms)
2026-08-18 10:40:26 | INFO | fastapi_app | GET /user/dashboard -> 200 (6.12 ms)
2026-08-18 10:41:13 | INFO | fastapi_app | POST /auth/register -> 201 (599.07 ms)
2026-08-18 10:41:13 | INFO | fastapi_app | POST /auth/login -> 200 (511.60 ms)
2026-08-18 10:41:18 | INFO | fastapi_app | GET /user/profile -> 200 (15.20 ms)
2026-08-18 10:41:18 | INFO | fastapi_app | GET /user/profile -> 200 (11.76 ms)
2026-08-18 10:41:18 | INFO | fastapi_app | GET /user/dashboard -> 200 (10.76 ms)
2026-08-18 10:41:18 | INFO | fastapi_app | GET /user/dashboard -> 200 (7.36 ms)
2026-08-18 10:41:55 | INFO | fastapi_app | POST /auth/register -> 201 (604.56 ms)
2026-08-18 10:41:56 | INFO | fastapi_app | POST /auth/login -> 200 (524.78 ms)
2026-08-18 10:42:00 | INFO | fastapi_app | GET /user/profile -> 200 (19.05 ms)
2026-08-18 10:42:00 | INFO | fastapi_app | GET /user/profile -> 200 (19.44 ms)
2026-08-18 10:42:00 | INFO | fastapi_app | GET /user/dashboard -> 200 (10.43 ms)
2026-08-18 10:42:00 | INFO | fastapi_app | GET /user/dashboard -> 200 (11.75 ms)
2026-08-18 10:42:51 | INFO | fastapi_app | POST /auth/register -> 201 (742.06 ms)
2026-08-18 10:42:51 | INFO | fastapi_app | POST /auth/login -> 200 (582.55 ms)
2026-08-18 10:42:54 | INFO | fastapi_app | GET /user/profile -> 200 (12.60 ms)
2026-08-18 10:42:54 | INFO | fastapi_app | GET /user/profile -> 200 (8.93 ms)
2026-08-18 10:42:56 | INFO | fastapi_app | GET /user/profile -> 200 (15.85 ms)
2026-08-18 10:42:56 | INFO | fastapi_app | GET /user/profile -> 200 (23.27 ms)
2026-08-18 10:42:56 | INFO | fastapi_app | GET /user/dashboard -> 200 (8.28 ms)
2026-08-18 10:42:56 | INFO | fastapi_app | GET /user/dashboard -> 200 (6.90 ms)
2026-08-18 10:43:01 | INFO | fastapi_app | GET /user/profile -> 200 (16.10 ms)
2026-08-18 10:43:01 | INFO | fastapi_app | GET /user/profile -> 200 (11.71 ms)
2026-08-18 10:43:01 | INFO | fastapi_app | GET /products -> 200 (17.60 ms)
2026-08-18 10:43:01 | INFO | fastapi_app | GET /products -> 200 (20.54 ms)
2026-08-18 10:44:08 | INFO | fastapi_app | POST /auth/register -> 201 (576.89 ms)
2026-08-18 10:44:09 | INFO | fastapi_app | POST /auth/login -> 200 (552.44 ms)
2026-08-18 10:44:31 | INFO | fastapi_app | POST /auth/register -> 201 (648.07 ms)
2026-08-18 10:44:32 | INFO | fastapi_app | POST /auth/login -> 200 (683.20 ms)
2026-08-18 10:44:38 | INFO | fastapi_app | GET /user/profile -> 200 (16.08 ms)
2026-08-18 10:44:38 | INFO | fastapi_app | GET /user/profile -> 200 (28.99 ms)
2026-08-18 10:44:38 | INFO | fastapi_app | GET /user/dashboard -> 200 (7.16 ms)
2026-08-18 10:44:38 | INFO | fastapi_app | GET /user/dashboard -> 200 (7.13 ms)
2026-08-18 10:44:42 | INFO | fastapi_app | GET /user/profile -> 200 (13.17 ms)
2026-08-18 10:44:42 | INFO | fastapi_app | GET /user/profile -> 200 (11.83 ms)
2026-08-18 10:44:42 | INFO | fastapi_app | GET /products -> 200 (50.11 ms)
2026-08-18 10:44:42 | INFO | fastapi_app | GET /products -> 200 (17.88 ms)
2026-08-18 10:44:47 | INFO | fastapi_app | GET /user/profile -> 200 (13.54 ms)
2026-08-18 10:44:47 | INFO | fastapi_app | GET /user/profile -> 200 (12.76 ms)
2026-08-18 10:44:47 | INFO | fastapi_app | GET /admin/users -> 200 (84.59 ms)
2026-08-18 10:44:47 | INFO | fastapi_app | GET /admin/users -> 200 (62.66 ms)
2026-08-18 10:44:51 | INFO | fastapi_app | GET /user/profile -> 200 (11.80 ms)
2026-08-18 10:44:51 | INFO | fastapi_app | GET /user/profile -> 200 (16.76 ms)
2026-08-18 10:44:55 | INFO | fastapi_app | GET /user/profile -> 200 (25.18 ms)
2026-08-18 10:44:55 | INFO | fastapi_app | GET /user/profile -> 200 (20.89 ms)
2026-08-18 10:44:59 | INFO | fastapi_app | GET /user/profile -> 200 (13.82 ms)
2026-08-18 10:45:00 | INFO | fastapi_app | GET /user/profile -> 200 (16.39 ms)
2026-08-18 10:46:13 | INFO | fastapi_app | POST /auth/register -> 201 (652.02 ms)
2026-08-18 10:46:14 | INFO | fastapi_app | POST /auth/login -> 200 (674.43 ms)
2026-08-18 10:46:18 | INFO | fastapi_app | GET /user/profile -> 200 (10.88 ms)
2026-08-18 10:46:18 | INFO | fastapi_app | GET /user/profile -> 200 (6.62 ms)
2026-08-18 10:46:19 | INFO | fastapi_app | GET /user/profile -> 200 (8.72 ms)
2026-08-18 10:46:19 | INFO | fastapi_app | GET /user/profile -> 200 (8.47 ms)
2026-08-18 10:46:19 | INFO | fastapi_app | GET /user/dashboard -> 200 (7.34 ms)
2026-08-18 10:46:19 | INFO | fastapi_app | GET /user/dashboard -> 200 (7.60 ms)
2026-08-18 10:46:24 | INFO | fastapi_app | GET /user/profile -> 200 (36.38 ms)
2026-08-18 10:46:24 | INFO | fastapi_app | GET /user/profile -> 200 (8.90 ms)
2026-08-18 10:46:24 | INFO | fastapi_app | GET /products -> 200 (16.64 ms)
2026-08-18 10:46:24 | INFO | fastapi_app | GET /products -> 200 (19.15 ms)
2026-08-18 10:46:28 | INFO | fastapi_app | GET /user/profile -> 200 (9.69 ms)
2026-08-18 10:46:28 | INFO | fastapi_app | GET /user/profile -> 200 (16.92 ms)
2026-08-18 10:46:28 | INFO | fastapi_app | GET /admin/users -> 200 (37.01 ms)
2026-08-18 10:46:28 | INFO | fastapi_app | GET /admin/users -> 200 (44.60 ms)
2026-08-18 10:46:32 | INFO | fastapi_app | GET /user/profile -> 200 (47.01 ms)
2026-08-18 10:46:32 | INFO | fastapi_app | GET /user/profile -> 200 (47.01 ms)
2026-08-18 10:46:36 | INFO | fastapi_app | GET /user/profile -> 200 (16.34 ms)
2026-08-18 10:46:36 | INFO | fastapi_app | GET /user/profile -> 200 (11.10 ms)
2026-08-18 10:46:41 | INFO | fastapi_app | GET /user/profile -> 200 (29.68 ms)
2026-08-18 10:46:41 | INFO | fastapi_app | GET /user/profile -> 200 (11.27 ms)
2026-08-18 10:46:50 | INFO | fastapi_app | GET /user/profile -> 200 (11.24 ms)
2026-08-18 10:46:50 | INFO | fastapi_app | GET /user/profile -> 200 (13.12 ms)
2026-08-18 10:46:50 | INFO | fastapi_app | GET /user/dashboard -> 200 (9.25 ms)
2026-08-18 10:46:50 | INFO | fastapi_app | GET /user/dashboard -> 200 (6.32 ms)
2026-08-18 10:47:57 | INFO | fastapi_app | POST /auth/login -> 200 (639.81 ms)
2026-08-18 10:48:02 | INFO | fastapi_app | GET /user/profile -> 200 (13.40 ms)
2026-08-18 10:48:02 | INFO | fastapi_app | GET /user/profile -> 200 (17.74 ms)
2026-08-18 10:48:02 | INFO | fastapi_app | GET /user/dashboard -> 200 (17.30 ms)
2026-08-18 10:48:02 | INFO | fastapi_app | GET /user/dashboard -> 200 (10.59 ms)
2026-08-18 10:51:40 | INFO | fastapi_app | GET /admin/users -> 401 (10.13 ms)
2026-08-18 10:51:51 | INFO | fastapi_app | POST /auth/register -> 201 (732.38 ms)
2026-08-18 10:51:52 | INFO | fastapi_app | POST /auth/login -> 200 (802.05 ms)
2026-08-18 10:51:57 | INFO | fastapi_app | GET /user/profile -> 200 (9.10 ms)
2026-08-18 10:51:57 | INFO | fastapi_app | GET /user/profile -> 200 (12.79 ms)
2026-08-18 10:51:58 | INFO | fastapi_app | GET /user/profile -> 200 (11.70 ms)
2026-08-18 10:51:58 | INFO | fastapi_app | GET /user/profile -> 200 (14.05 ms)
2026-08-18 10:51:58 | INFO | fastapi_app | GET /user/dashboard -> 200 (9.39 ms)
2026-08-18 10:51:58 | INFO | fastapi_app | GET /user/dashboard -> 200 (6.97 ms)
2026-08-18 10:52:03 | INFO | fastapi_app | GET /user/profile -> 200 (19.39 ms)
2026-08-18 10:52:03 | INFO | fastapi_app | GET /user/profile -> 200 (14.27 ms)
2026-08-18 10:52:03 | INFO | fastapi_app | GET /products -> 200 (21.84 ms)
2026-08-18 10:52:03 | INFO | fastapi_app | GET /products -> 200 (62.30 ms)
2026-08-18 10:52:07 | INFO | fastapi_app | GET /user/profile -> 200 (27.27 ms)
2026-08-18 10:52:07 | INFO | fastapi_app | GET /user/profile -> 200 (8.57 ms)
2026-08-18 10:52:07 | INFO | fastapi_app | GET /admin/users -> 200 (59.43 ms)
2026-08-18 10:52:07 | INFO | fastapi_app | GET /admin/users -> 200 (67.73 ms)
2026-08-18 10:52:11 | INFO | fastapi_app | GET /user/profile -> 200 (10.37 ms)
2026-08-18 10:52:11 | INFO | fastapi_app | GET /user/profile -> 200 (14.91 ms)
2026-08-18 10:52:16 | INFO | fastapi_app | GET /user/profile -> 200 (11.13 ms)
2026-08-18 10:52:16 | INFO | fastapi_app | GET /user/profile -> 200 (9.34 ms)
2026-08-18 10:52:20 | INFO | fastapi_app | GET /user/profile -> 200 (62.55 ms)
2026-08-18 10:52:20 | INFO | fastapi_app | GET /user/profile -> 200 (14.34 ms)
2026-08-18 10:52:29 | INFO | fastapi_app | GET /user/profile -> 200 (19.46 ms)
2026-08-18 10:52:29 | INFO | fastapi_app | GET /user/profile -> 200 (18.74 ms)
2026-08-18 10:52:29 | INFO | fastapi_app | GET /user/dashboard -> 200 (41.92 ms)
2026-08-18 10:52:29 | INFO | fastapi_app | GET /user/dashboard -> 200 (21.09 ms)
2026-08-18 10:52:54 | INFO | fastapi_app | POST /auth/login -> 200 (631.60 ms)
2026-08-18 10:52:54 | INFO | fastapi_app | POST /products -> 201 (38.69 ms)
2026-08-18 10:52:59 | INFO | fastapi_app | GET /user/profile -> 200 (11.19 ms)
2026-08-18 10:52:59 | INFO | fastapi_app | GET /user/profile -> 200 (20.71 ms)
2026-08-18 10:52:59 | INFO | fastapi_app | GET /user/dashboard -> 200 (16.70 ms)
2026-08-18 10:52:59 | INFO | fastapi_app | GET /user/dashboard -> 200 (7.08 ms)
2026-08-18 10:53:02 | INFO | fastapi_app | GET /user/profile -> 200 (12.75 ms)
2026-08-18 10:53:02 | INFO | fastapi_app | GET /user/profile -> 200 (18.66 ms)
2026-08-18 10:53:02 | INFO | fastapi_app | GET /products -> 200 (39.00 ms)
2026-08-18 10:53:02 | INFO | fastapi_app | GET /products -> 200 (24.59 ms)
2026-08-18 10:53:05 | INFO | fastapi_app | GET /user/profile -> 200 (18.97 ms)
2026-08-18 10:53:05 | INFO | fastapi_app | GET /user/profile -> 200 (22.41 ms)
2026-08-18 10:53:05 | INFO | fastapi_app | GET /products -> 200 (45.69 ms)
2026-08-18 10:53:05 | INFO | fastapi_app | GET /products -> 200 (20.70 ms)
2026-08-18 10:53:08 | INFO | fastapi_app | GET /user/profile -> 200 (9.29 ms)
2026-08-18 10:53:08 | INFO | fastapi_app | GET /user/profile -> 200 (11.38 ms)
2026-08-18 10:53:08 | INFO | fastapi_app | GET /admin/users -> 200 (89.63 ms)
2026-08-18 10:53:08 | INFO | fastapi_app | GET /admin/users -> 200 (126.03 ms)
2026-08-18 10:53:10 | INFO | fastapi_app | GET /user/profile -> 200 (17.99 ms)
2026-08-18 10:53:10 | INFO | fastapi_app | GET /user/profile -> 200 (17.77 ms)
2026-08-18 10:53:10 | INFO | fastapi_app | GET /admin/users -> 200 (64.13 ms)
2026-08-18 10:53:10 | INFO | fastapi_app | GET /admin/users -> 200 (78.82 ms)
2026-08-18 10:53:34 | INFO | fastapi_app | GET /user/profile -> 401 (9.04 ms)
2026-08-18 10:53:34 | INFO | fastapi_app | GET /user/profile -> 401 (8.43 ms)
2026-08-18 10:54:06 | INFO | fastapi_app | POST /auth/login -> 200 (607.35 ms)
2026-08-18 10:54:07 | INFO | fastapi_app | POST /auth/register -> 201 (621.60 ms)
2026-08-18 10:54:07 | INFO | fastapi_app | POST /auth/login -> 200 (671.72 ms)
2026-08-18 10:55:57 | INFO | fastapi_app | POST /auth/login -> 200 (781.79 ms)
2026-08-18 10:55:58 | INFO | fastapi_app | POST /auth/register -> 201 (855.51 ms)
2026-08-18 10:55:59 | INFO | fastapi_app | POST /auth/login -> 200 (580.34 ms)
2026-08-18 10:56:40 | INFO | fastapi_app | POST /auth/login -> 200 (631.59 ms)
2026-08-18 10:56:41 | INFO | fastapi_app | POST /auth/register -> 201 (645.46 ms)
2026-08-18 10:56:42 | INFO | fastapi_app | POST /auth/login -> 200 (844.12 ms)
2026-08-18 10:57:17 | INFO | fastapi_app | POST /auth/login -> 200 (454.94 ms)
2026-08-18 10:57:18 | INFO | fastapi_app | POST /products -> 201 (19.08 ms)
2026-08-18 10:57:21 | INFO | fastapi_app | GET /user/profile -> 200 (7.70 ms)
2026-08-18 10:57:21 | INFO | fastapi_app | GET /user/profile -> 200 (8.35 ms)
2026-08-18 10:57:22 | INFO | fastapi_app | GET /user/profile -> 200 (10.03 ms)
2026-08-18 10:57:22 | INFO | fastapi_app | GET /user/profile -> 200 (9.40 ms)
2026-08-18 10:57:22 | INFO | fastapi_app | GET /user/dashboard -> 200 (6.07 ms)
2026-08-18 10:57:22 | INFO | fastapi_app | GET /user/dashboard -> 200 (5.13 ms)
2026-08-18 10:57:25 | INFO | fastapi_app | GET /user/profile -> 200 (8.19 ms)
2026-08-18 10:57:25 | INFO | fastapi_app | GET /user/profile -> 200 (8.05 ms)
2026-08-18 10:57:25 | INFO | fastapi_app | GET /products -> 200 (12.48 ms)
2026-08-18 10:57:25 | INFO | fastapi_app | GET /products -> 200 (12.83 ms)
2026-08-18 10:57:28 | INFO | fastapi_app | GET /user/profile -> 200 (8.64 ms)
2026-08-18 10:57:28 | INFO | fastapi_app | GET /user/profile -> 200 (9.39 ms)
2026-08-18 10:57:28 | INFO | fastapi_app | GET /products -> 200 (22.70 ms)
2026-08-18 10:57:28 | INFO | fastapi_app | GET /products -> 200 (12.54 ms)
2026-08-18 10:57:31 | INFO | fastapi_app | GET /user/profile -> 200 (9.80 ms)
2026-08-18 10:57:31 | INFO | fastapi_app | GET /user/profile -> 200 (8.42 ms)
2026-08-18 10:57:31 | INFO | fastapi_app | GET /admin/users -> 200 (40.75 ms)
2026-08-18 10:57:31 | INFO | fastapi_app | GET /admin/users -> 200 (49.89 ms)
2026-08-18 10:57:34 | INFO | fastapi_app | GET /user/profile -> 200 (8.99 ms)
2026-08-18 10:57:34 | INFO | fastapi_app | GET /user/profile -> 200 (9.18 ms)
2026-08-18 10:57:34 | INFO | fastapi_app | GET /admin/users -> 200 (53.49 ms)
2026-08-18 10:57:34 | INFO | fastapi_app | GET /admin/users -> 200 (48.24 ms)
2026-08-18 10:57:54 | INFO | fastapi_app | POST /auth/login -> 200 (449.15 ms)
2026-08-18 10:57:54 | INFO | fastapi_app | POST /auth/register -> 201 (444.89 ms)
2026-08-18 10:57:55 | INFO | fastapi_app | POST /auth/login -> 200 (411.00 ms)
2026-08-18 10:58:28 | INFO | fastapi_app | POST /auth/login -> 200 (441.44 ms)
2026-08-18 10:58:29 | INFO | fastapi_app | POST /auth/register -> 201 (430.83 ms)
2026-08-18 10:58:29 | INFO | fastapi_app | POST /auth/login -> 200 (446.84 ms)
2026-08-18 10:58:34 | INFO | fastapi_app | GET /user/profile -> 200 (8.28 ms)
2026-08-18 10:58:34 | INFO | fastapi_app | GET /user/profile -> 200 (8.36 ms)
2026-08-18 10:58:34 | INFO | fastapi_app | GET /user/dashboard -> 200 (6.05 ms)
2026-08-18 10:58:34 | INFO | fastapi_app | GET /user/dashboard -> 200 (5.15 ms)
2026-08-18 10:58:37 | INFO | fastapi_app | GET /user/profile -> 200 (7.90 ms)
2026-08-18 10:58:37 | INFO | fastapi_app | GET /user/profile -> 200 (7.72 ms)
2026-08-18 10:58:37 | INFO | fastapi_app | GET /products -> 200 (13.78 ms)
2026-08-18 10:58:37 | INFO | fastapi_app | GET /products -> 200 (13.70 ms)
2026-08-18 10:59:14 | INFO | fastapi_app | POST /auth/login -> 200 (685.41 ms)
2026-08-18 10:59:14 | INFO | fastapi_app | GET /admin/users -> 200 (43.37 ms)
2026-08-18 10:59:17 | INFO | fastapi_app | POST /auth/login -> 200 (545.58 ms)
2026-08-18 10:59:18 | INFO | fastapi_app | GET /user/profile -> 200 (5.04 ms)
2026-08-18 10:59:18 | INFO | fastapi_app | GET /admin/users -> 200 (38.59 ms)
2026-08-18 10:59:18 | INFO | fastapi_app | GET /admin/users -> 200 (45.16 ms)
2026-08-18 10:59:21 | INFO | fastapi_app | GET /products -> 200 (10.88 ms)
2026-08-18 10:59:21 | INFO | fastapi_app | GET /products -> 200 (12.57 ms)
2026-08-18 10:59:22 | INFO | fastapi_app | GET /user/dashboard -> 200 (5.43 ms)
2026-08-18 10:59:22 | INFO | fastapi_app | GET /user/dashboard -> 200 (4.97 ms)
2026-08-18 10:59:23 | INFO | fastapi_app | GET /products -> 200 (12.52 ms)
2026-08-18 10:59:23 | INFO | fastapi_app | GET /products -> 200 (13.54 ms)
2026-08-18 10:59:25 | INFO | fastapi_app | POST /auth/login -> 200 (614.46 ms)
2026-08-18 10:59:25 | INFO | fastapi_app | DELETE /admin/users/6 -> 200 (71.27 ms)
2026-08-18 10:59:33 | INFO | fastapi_app | POST /auth/login -> 200 (659.92 ms)
2026-08-18 10:59:34 | INFO | fastapi_app | GET /products/favorites -> 200 (24.29 ms)
2026-08-18 10:59:34 | INFO | fastapi_app | GET /admin/users -> 200 (40.79 ms)
2026-08-18 10:59:34 | INFO | fastapi_app | GET /products -> 200 (16.46 ms)
2026-08-18 10:59:36 | INFO | fastapi_app | GET /cart -> 200 (13.66 ms)
2026-08-18 10:59:43 | INFO | fastapi_app | GET /docs -> 200 (0.35 ms)
2026-08-18 10:59:43 | INFO | fastapi_app | GET /orders -> 200 (13.55 ms)
2026-08-18 10:59:49 | INFO | fastapi_app | POST /auth/login -> 200 (644.51 ms)
2026-08-18 10:59:50 | INFO | fastapi_app | DELETE /admin/users/7 -> 200 (23.98 ms)
2026-08-18 10:59:50 | INFO | fastapi_app | DELETE /admin/users/8 -> 200 (21.72 ms)
2026-08-18 10:59:52 | INFO | fastapi_app | POST /products/1/favorite -> 200 (21.00 ms)
2026-08-18 10:59:52 | INFO | fastapi_app | GET /products -> 200 (15.03 ms)
2026-08-18 10:59:57 | INFO | fastapi_app | DELETE /products/1/favorite -> 200 (13.77 ms)
2026-08-18 10:59:57 | INFO | fastapi_app | GET /products -> 200 (21.25 ms)
2026-08-18 11:00:35 | INFO | fastapi_app | GET /user/dashboard -> 200 (15.42 ms)
2026-08-18 11:00:35 | INFO | fastapi_app | GET /user/dashboard -> 200 (4.80 ms)
2026-08-18 11:00:38 | INFO | fastapi_app | GET /products -> 200 (15.35 ms)
2026-08-18 11:00:38 | INFO | fastapi_app | GET /products -> 200 (11.32 ms)
2026-08-18 11:00:38 | INFO | fastapi_app | GET /user/dashboard -> 200 (5.81 ms)
2026-08-18 11:00:38 | INFO | fastapi_app | GET /user/dashboard -> 200 (5.99 ms)
2026-08-18 11:00:39 | INFO | fastapi_app | GET /products -> 200 (12.55 ms)
2026-08-18 11:00:39 | INFO | fastapi_app | GET /products -> 200 (21.29 ms)
2026-08-18 11:00:40 | INFO | fastapi_app | GET /admin/users -> 200 (17.15 ms)
2026-08-18 11:00:40 | INFO | fastapi_app | GET /admin/users -> 200 (16.04 ms)
2026-08-18 11:00:41 | INFO | fastapi_app | GET /products -> 200 (14.70 ms)
2026-08-18 11:00:41 | INFO | fastapi_app | GET /products -> 200 (14.31 ms)
2026-08-18 11:00:42 | INFO | fastapi_app | GET /user/dashboard -> 200 (4.86 ms)
2026-08-18 11:00:42 | INFO | fastapi_app | GET /user/dashboard -> 200 (6.29 ms)
2026-08-18 11:00:42 | INFO | fastapi_app | GET /products -> 200 (20.38 ms)
2026-08-18 11:00:42 | INFO | fastapi_app | GET /products -> 200 (15.02 ms)
2026-08-18 11:00:43 | INFO | fastapi_app | GET /admin/users -> 200 (17.94 ms)
2026-08-18 11:00:43 | INFO | fastapi_app | GET /admin/users -> 200 (22.93 ms)
2026-08-18 11:00:44 | INFO | fastapi_app | GET /products -> 200 (16.99 ms)
2026-08-18 11:00:44 | INFO | fastapi_app | GET /products -> 200 (12.59 ms)
2026-08-18 11:00:46 | INFO | fastapi_app | GET /user/dashboard -> 200 (8.72 ms)
2026-08-18 11:00:46 | INFO | fastapi_app | GET /user/dashboard -> 200 (4.45 ms)
2026-08-18 11:00:46 | INFO | fastapi_app | GET /products -> 200 (15.22 ms)
2026-08-18 11:00:46 | INFO | fastapi_app | GET /products -> 200 (13.71 ms)
2026-08-18 11:04:12 | INFO | fastapi_app | GET /user/profile -> 200 (11.62 ms)
2026-08-18 11:04:12 | INFO | fastapi_app | GET /user/profile -> 200 (9.62 ms)
2026-08-18 11:04:13 | INFO | fastapi_app | GET /user/profile -> 200 (8.81 ms)
2026-08-18 11:04:13 | INFO | fastapi_app | GET /user/profile -> 200 (9.78 ms)
2026-08-18 11:04:44 | INFO | fastapi_app | POST /auth/register -> 201 (625.14 ms)
2026-08-18 11:04:59 | INFO | fastapi_app | POST /auth/register -> 201 (646.65 ms)
2026-08-18 11:05:00 | INFO | fastapi_app | POST /auth/login -> 200 (675.97 ms)
2026-08-18 11:05:00 | INFO | fastapi_app | POST /products -> 201 (13.71 ms)
2026-08-18 11:05:05 | INFO | fastapi_app | GET /user/profile -> 200 (13.69 ms)
2026-08-18 11:05:05 | INFO | fastapi_app | GET /user/profile -> 200 (15.36 ms)
2026-08-18 11:05:05 | INFO | fastapi_app | GET /products -> 200 (35.36 ms)
2026-08-18 11:05:05 | INFO | fastapi_app | GET /products -> 200 (26.12 ms)
2026-08-18 11:05:08 | INFO | fastapi_app | DELETE /products/1 -> 200 (46.71 ms)
2026-08-18 11:05:08 | INFO | fastapi_app | GET /products -> 200 (49.69 ms)
2026-08-18 11:05:09 | INFO | fastapi_app | GET /user/profile -> 200 (12.27 ms)
2026-08-18 11:05:09 | INFO | fastapi_app | GET /user/profile -> 200 (17.66 ms)
2026-08-18 11:05:09 | INFO | fastapi_app | GET /admin/users -> 200 (33.95 ms)
2026-08-18 11:05:09 | INFO | fastapi_app | GET /admin/users -> 200 (44.34 ms)
2026-08-18 11:05:13 | INFO | fastapi_app | DELETE /admin/users/1 -> 200 (47.14 ms)
2026-08-18 11:07:51 | INFO | fastapi_app | POST /auth/register -> 201 (285.94 ms)
2026-08-18 11:07:52 | INFO | fastapi_app | POST /auth/login -> 200 (343.62 ms)
2026-08-18 11:07:52 | INFO | fastapi_app | POST /products -> 201 (10.05 ms)
2026-08-18 11:08:46 | INFO | fastapi_app | PUT /user/update -> 200 (19.09 ms)
2026-08-18 11:08:49 | INFO | fastapi_app | GET /admin/users -> 200 (14.23 ms)
2026-08-18 11:08:49 | INFO | fastapi_app | GET /admin/users -> 200 (13.82 ms)
2026-08-18 11:09:02 | INFO | fastapi_app | GET /products -> 200 (9.80 ms)
2026-08-18 11:09:02 | INFO | fastapi_app | GET /products -> 200 (10.32 ms)
2026-08-18 11:15:22 | INFO | fastapi_app | POST /cart -> 201 (45.67 ms)
2026-08-18 11:15:22 | INFO | fastapi_app | GET /cart -> 200 (8.64 ms)
2026-08-18 11:15:25 | INFO | fastapi_app | GET /cart -> 200 (7.88 ms)
2026-08-18 11:15:27 | INFO | fastapi_app | DELETE /cart/18 -> 204 (10.86 ms)
2026-08-18 11:15:27 | INFO | fastapi_app | GET /cart -> 200 (6.32 ms)
2026-08-18 11:44:45 | INFO | fastapi_app | GET /user/dashboard -> 401 (7.54 ms)
2026-08-18 11:44:45 | INFO | fastapi_app | GET /user/dashboard -> 401 (7.53 ms)
2026-08-18 11:44:49 | INFO | fastapi_app | GET /products -> 401 (2.48 ms)
2026-08-18 11:44:49 | INFO | fastapi_app | GET /products -> 401 (3.23 ms)
2026-08-18 11:45:33 | INFO | fastapi_app | GET /products -> 401 (5.93 ms)
2026-08-18 11:46:14 | INFO | fastapi_app | GET /user/dashboard -> 401 (2.97 ms)
2026-08-18 11:46:14 | INFO | fastapi_app | GET /user/dashboard -> 401 (2.92 ms)
2026-08-18 11:46:14 | INFO | fastapi_app | GET /products -> 401 (4.78 ms)
2026-08-18 11:46:14 | INFO | fastapi_app | GET /products -> 401 (6.15 ms)
2026-08-18 11:46:17 | INFO | fastapi_app | GET /admin/users -> 401 (4.52 ms)
2026-08-18 11:46:17 | INFO | fastapi_app | GET /admin/users -> 401 (3.16 ms)
2026-08-18 11:46:20 | INFO | fastapi_app | GET /products -> 401 (4.58 ms)
2026-08-18 11:46:20 | INFO | fastapi_app | GET /products -> 401 (3.70 ms)
2026-08-18 11:46:22 | INFO | fastapi_app | GET /user/dashboard -> 401 (5.80 ms)
2026-08-18 11:46:22 | INFO | fastapi_app | GET /user/dashboard -> 401 (4.66 ms)
2026-08-18 11:52:29 | INFO | fastapi_app | GET /products -> 401 (7.02 ms)
2026-08-18 11:52:29 | INFO | fastapi_app | GET /products -> 401 (3.88 ms)
2026-08-18 11:56:43 | INFO | fastapi_app | GET /user/profile -> 401 (6.41 ms)
2026-08-18 11:56:43 | INFO | fastapi_app | GET /user/profile -> 401 (3.27 ms)
2026-08-18 11:58:41 | INFO | fastapi_app | POST /auth/login -> 200 (711.09 ms)
2026-08-18 11:58:41 | INFO | fastapi_app | GET /user/profile -> 200 (21.44 ms)
2026-08-18 11:58:41 | INFO | fastapi_app | GET /user/dashboard -> 200 (6.79 ms)
2026-08-18 11:58:41 | INFO | fastapi_app | GET /user/dashboard -> 200 (6.06 ms)
2026-08-18 12:46:08 | INFO | fastapi_app | GET /products -> 401 (3.72 ms)
2026-08-18 12:46:08 | INFO | fastapi_app | GET /products -> 401 (11.59 ms)
2026-08-18 12:46:09 | INFO | fastapi_app | GET /user/profile -> 401 (3.08 ms)
2026-08-18 12:46:09 | INFO | fastapi_app | GET /user/profile -> 401 (25.96 ms)
2026-08-18 12:49:47 | INFO | fastapi_app | POST /auth/login -> 401 (514.10 ms)
2026-08-18 12:50:02 | INFO | fastapi_app | POST /auth/login -> 401 (444.50 ms)
2026-08-18 12:50:16 | INFO | fastapi_app | POST /auth/login -> 401 (654.61 ms)
2026-08-18 12:50:40 | INFO | fastapi_app | POST /auth/login -> 200 (599.21 ms)
2026-08-18 12:50:40 | INFO | fastapi_app | GET /user/profile -> 200 (8.87 ms)
2026-08-18 12:50:40 | INFO | fastapi_app | GET /user/dashboard -> 200 (6.83 ms)
2026-08-18 12:50:40 | INFO | fastapi_app | GET /user/dashboard -> 200 (6.16 ms)
2026-08-18 12:50:53 | INFO | fastapi_app | POST /auth/login -> 200 (608.20 ms)
2026-08-18 12:50:53 | INFO | fastapi_app | GET /user/profile -> 200 (5.23 ms)
2026-08-18 12:50:53 | INFO | fastapi_app | GET /user/dashboard -> 200 (12.34 ms)
2026-08-18 12:50:53 | INFO | fastapi_app | GET /user/dashboard -> 200 (8.17 ms)
2026-08-18 12:51:07 | INFO | fastapi_app | GET /products -> 200 (79.41 ms)
2026-08-18 12:51:07 | INFO | fastapi_app | GET /products -> 200 (36.60 ms)
2026-08-18 12:58:01 | INFO | fastapi_app | PUT /user/update -> 200 (79.34 ms)
2026-08-18 12:58:18 | INFO | fastapi_app | GET /admin/users -> 200 (15.78 ms)
2026-08-18 12:58:18 | INFO | fastapi_app | GET /admin/users -> 200 (13.22 ms)
2026-08-18 12:58:19 | INFO | fastapi_app | GET /admin/users/4 -> 200 (19.72 ms)
2026-08-18 12:58:21 | INFO | fastapi_app | GET /admin/users/5 -> 200 (12.54 ms)
2026-08-18 12:58:22 | INFO | fastapi_app | GET /admin/users/24 -> 200 (15.50 ms)
2026-08-18 12:58:24 | INFO | fastapi_app | GET /admin/users/2 -> 200 (10.89 ms)
2026-08-18 12:58:28 | INFO | fastapi_app | DELETE /admin/users/24 -> 200 (37.30 ms)
2026-08-18 12:58:33 | INFO | fastapi_app | GET /admin/users -> 200 (11.12 ms)
2026-08-18 12:58:33 | INFO | fastapi_app | GET /admin/users -> 200 (9.38 ms)
2026-08-18 12:58:38 | INFO | fastapi_app | GET /products -> 200 (9.43 ms)
2026-08-18 12:58:38 | INFO | fastapi_app | GET /products -> 200 (6.17 ms)
2026-08-18 12:58:38 | INFO | fastapi_app | GET /user/dashboard -> 200 (4.11 ms)
2026-08-18 12:58:38 | INFO | fastapi_app | GET /user/dashboard -> 200 (3.16 ms)
2026-08-18 12:58:39 | INFO | fastapi_app | GET /products -> 200 (8.69 ms)
2026-08-18 12:58:39 | INFO | fastapi_app | GET /products -> 200 (8.55 ms)
2026-08-18 12:58:42 | INFO | fastapi_app | GET /admin/users -> 200 (9.76 ms)
2026-08-18 12:58:42 | INFO | fastapi_app | GET /admin/users -> 200 (11.40 ms)
2026-08-18 12:58:43 | INFO | fastapi_app | GET /products -> 200 (9.92 ms)
2026-08-18 12:58:43 | INFO | fastapi_app | GET /products -> 200 (7.68 ms)
2026-08-18 12:58:44 | INFO | fastapi_app | GET /user/dashboard -> 200 (3.82 ms)
2026-08-18 12:58:44 | INFO | fastapi_app | GET /user/dashboard -> 200 (3.26 ms)
2026-08-18 12:58:44 | INFO | fastapi_app | GET /products -> 200 (8.68 ms)
2026-08-18 12:58:44 | INFO | fastapi_app | GET /products -> 200 (9.66 ms)
2026-08-18 12:58:46 | INFO | fastapi_app | GET /products -> 200 (11.69 ms)
2026-08-18 12:58:46 | INFO | fastapi_app | GET /products -> 200 (11.48 ms)
2026-08-18 12:58:49 | INFO | fastapi_app | GET /user/dashboard -> 200 (3.78 ms)
2026-08-18 12:58:49 | INFO | fastapi_app | GET /user/dashboard -> 200 (3.79 ms)
2026-08-18 12:59:32 | INFO | fastapi_app | GET /products -> 200 (16.41 ms)
2026-08-18 12:59:32 | INFO | fastapi_app | GET /products -> 200 (16.49 ms)
2026-08-18 12:59:43 | INFO | fastapi_app | GET /products/favorites -> 200 (30.40 ms)
2026-08-18 12:59:46 | INFO | fastapi_app | GET /products -> 200 (11.23 ms)
2026-08-18 12:59:48 | INFO | fastapi_app | GET /cart -> 200 (25.70 ms)
2026-08-18 12:59:51 | INFO | fastapi_app | GET /orders -> 200 (15.07 ms)
2026-08-18 12:59:59 | INFO | fastapi_app | GET /user/dashboard -> 200 (5.89 ms)
2026-08-18 12:59:59 | INFO | fastapi_app | GET /user/dashboard -> 200 (6.61 ms)
2026-08-18 13:01:40 | INFO | fastapi_app | GET /products -> 200 (8.27 ms)
2026-08-18 13:01:40 | INFO | fastapi_app | GET /products -> 200 (24.19 ms)
2026-08-18 13:01:48 | INFO | fastapi_app | GET /orders -> 200 (7.82 ms)
2026-08-18 13:01:49 | INFO | fastapi_app | GET /orders -> 200 (5.72 ms)
2026-08-18 13:01:49 | INFO | fastapi_app | GET /orders -> 200 (5.24 ms)
2026-08-18 13:01:50 | INFO | fastapi_app | GET /orders -> 200 (5.78 ms)
2026-08-18 13:02:11 | INFO | fastapi_app | Application Started
2026-08-18 13:02:13 | INFO | fastapi_app | GET /orders -> 200 (112.65 ms)
2026-08-18 13:02:14 | INFO | fastapi_app | GET /orders -> 200 (9.37 ms)
2026-08-18 13:02:14 | INFO | fastapi_app | GET /orders -> 200 (6.85 ms)
2026-08-18 13:02:14 | INFO | fastapi_app | GET /orders -> 200 (6.28 ms)
2026-08-18 13:02:15 | INFO | fastapi_app | GET /orders -> 200 (6.86 ms)
2026-08-18 13:02:15 | INFO | fastapi_app | GET /orders -> 429 (4.46 ms)
2026-08-18 13:02:16 | INFO | fastapi_app | GET /user/profile -> 200 (78.07 ms)
2026-08-18 13:02:16 | INFO | fastapi_app | GET /user/profile -> 200 (14.86 ms)
2026-08-18 13:02:21 | INFO | fastapi_app | GET /products -> 200 (37.07 ms)
2026-08-18 13:02:21 | INFO | fastapi_app | GET /products -> 200 (11.67 ms)
2026-08-18 13:02:22 | INFO | fastapi_app | GET /orders -> 429 (5.76 ms)
2026-08-18 13:02:22 | INFO | fastapi_app | GET /user/profile -> 200 (9.68 ms)
2026-08-18 13:02:22 | INFO | fastapi_app | GET /user/profile -> 200 (8.06 ms)
2026-08-18 13:02:26 | INFO | fastapi_app | GET /products -> 200 (11.21 ms)
2026-08-18 13:02:26 | INFO | fastapi_app | GET /products -> 200 (10.72 ms)
2026-08-18 13:02:27 | INFO | fastapi_app | GET /orders -> 429 (4.62 ms)
2026-08-18 13:02:27 | INFO | fastapi_app | GET /user/profile -> 200 (9.98 ms)
2026-08-18 13:02:27 | INFO | fastapi_app | GET /user/profile -> 200 (12.17 ms)
2026-08-18 13:02:50 | INFO | fastapi_app | GET /products -> 200 (11.26 ms)
2026-08-18 13:02:50 | INFO | fastapi_app | GET /products -> 200 (13.30 ms)
2026-08-18 13:02:51 | INFO | fastapi_app | GET /orders -> 429 (8.47 ms)
2026-08-18 13:02:51 | INFO | fastapi_app | GET /user/profile -> 200 (10.18 ms)
2026-08-18 13:02:51 | INFO | fastapi_app | GET /user/profile -> 200 (15.84 ms)
2026-08-18 13:03:14 | INFO | fastapi_app | GET /user/profile -> 200 (16.80 ms)
2026-08-18 13:03:14 | INFO | fastapi_app | GET /user/profile -> 200 (12.75 ms)
2026-08-18 13:03:15 | INFO | fastapi_app | GET /products -> 200 (11.44 ms)
2026-08-18 13:03:15 | INFO | fastapi_app | GET /products -> 200 (12.55 ms)
2026-08-18 13:03:16 | INFO | fastapi_app | GET /orders -> 200 (8.56 ms)
2026-08-18 13:03:18 | INFO | fastapi_app | GET /orders -> 200 (8.11 ms)
2026-08-18 13:03:20 | INFO | fastapi_app | GET /orders -> 200 (4.45 ms)
2026-08-18 13:03:21 | INFO | fastapi_app | GET /orders -> 200 (7.48 ms)
2026-08-18 13:03:22 | INFO | fastapi_app | GET /orders -> 200 (6.06 ms)
2026-08-18 13:03:24 | INFO | fastapi_app | GET /orders -> 429 (6.05 ms)
2026-08-18 13:03:24 | INFO | fastapi_app | GET /user/profile -> 200 (8.54 ms)
2026-08-18 13:03:24 | INFO | fastapi_app | GET /user/profile -> 200 (8.88 ms)
2026-08-18 13:03:30 | INFO | fastapi_app | GET /products -> 200 (8.85 ms)
2026-08-18 13:03:30 | INFO | fastapi_app | GET /products -> 200 (8.85 ms)
2026-08-18 13:03:32 | INFO | fastapi_app | GET /orders -> 429 (6.42 ms)
2026-08-18 13:03:32 | INFO | fastapi_app | GET /user/profile -> 200 (10.47 ms)
2026-08-18 13:03:32 | INFO | fastapi_app | GET /user/profile -> 200 (14.62 ms)
2026-08-18 13:37:06 | INFO | fastapi_app | GET /user/profile -> 401 (35.82 ms)
2026-08-18 13:37:06 | INFO | fastapi_app | GET /user/profile -> 401 (3.62 ms)
2026-08-18 13:45:21 | INFO | fastapi_app | GET /user/profile -> 401 (10.38 ms)
2026-08-18 13:45:21 | INFO | fastapi_app | GET /user/profile -> 401 (21.43 ms)
2026-08-18 13:45:25 | INFO | fastapi_app | POST /auth/login -> 200 (810.05 ms)
2026-08-18 13:45:25 | INFO | fastapi_app | GET /user/profile -> 200 (17.11 ms)
2026-08-18 13:45:25 | INFO | fastapi_app | GET /user/dashboard -> 200 (7.64 ms)
2026-08-18 13:45:25 | INFO | fastapi_app | GET /user/dashboard -> 200 (6.41 ms)
2026-08-18 13:45:27 | INFO | fastapi_app | GET /products -> 200 (17.43 ms)
2026-08-18 13:45:27 | INFO | fastapi_app | GET /products -> 200 (10.86 ms)
2026-08-18 13:45:34 | INFO | fastapi_app | GET /admin/users -> 200 (26.87 ms)
2026-08-18 13:45:34 | INFO | fastapi_app | GET /admin/users -> 200 (15.18 ms)
2026-08-18 13:45:45 | INFO | fastapi_app | GET /admin/users/4 -> 200 (30.98 ms)
2026-08-18 13:45:46 | INFO | fastapi_app | GET /admin/users/5 -> 200 (14.71 ms)
2026-08-18 13:45:47 | INFO | fastapi_app | GET /admin/users/2 -> 200 (14.30 ms)
2026-08-18 13:45:49 | INFO | fastapi_app | GET /admin/users/4 -> 200 (11.58 ms)
2026-08-18 13:45:51 | INFO | fastapi_app | GET /admin/users/2 -> 200 (13.57 ms)
2026-08-18 14:30:10 | INFO | fastapi_app | GET /products -> 401 (83.87 ms)
2026-08-18 14:30:10 | INFO | fastapi_app | GET /products -> 401 (4.14 ms)
2026-08-18 14:30:11 | INFO | fastapi_app | GET /user/profile -> 401 (4.80 ms)
2026-08-18 14:30:11 | INFO | fastapi_app | GET /user/profile -> 401 (67.27 ms)
2026-08-18 14:30:15 | INFO | fastapi_app | POST /auth/login -> 200 (698.87 ms)
2026-08-18 14:30:15 | INFO | fastapi_app | GET /user/profile -> 200 (18.09 ms)
2026-08-18 14:30:15 | INFO | fastapi_app | GET /user/dashboard -> 200 (8.06 ms)
2026-08-18 14:30:15 | INFO | fastapi_app | GET /user/dashboard -> 200 (14.93 ms)
2026-08-18 14:35:21 | INFO | fastapi_app | Application Started
2026-08-18 14:35:38 | INFO | fastapi_app | GET /products -> 200 (214.32 ms)
2026-08-18 14:35:38 | INFO | fastapi_app | GET /products -> 200 (15.86 ms)
2026-08-18 14:35:39 | INFO | fastapi_app | GET /products -> 200 (14.48 ms)
2026-08-18 14:35:39 | INFO | fastapi_app | GET /products -> 200 (21.97 ms)
2026-08-18 14:35:46 | INFO | fastapi_app | POST /user/forgot -> 200 (775.28 ms)
2026-08-18 14:35:48 | INFO | fastapi_app | GET /user/dashboard -> 200 (6.24 ms)
2026-08-18 14:35:48 | INFO | fastapi_app | GET /user/dashboard -> 200 (11.18 ms)
2026-08-18 15:21:56 | INFO | fastapi_app | GET /user/profile -> 401 (162.67 ms)
2026-08-18 15:21:56 | INFO | fastapi_app | GET /user/profile -> 401 (6.57 ms)
2026-08-18 16:02:19 | INFO | fastapi_app | Application Started
2026-08-18 16:02:28 | INFO | fastapi_app | Application Started
2026-08-18 16:02:33 | INFO | fastapi_app | Application Started
2026-08-18 16:02:39 | INFO | fastapi_app | Application Started
2026-08-18 16:10:34 | INFO | fastapi_app | POST /auth/login -> 200 (772.44 ms)
2026-08-18 16:10:35 | INFO | fastapi_app | GET /user/profile -> 200 (35.57 ms)
2026-08-18 16:10:35 | INFO | fastapi_app | GET /user/dashboard -> 200 (6.40 ms)
2026-08-18 16:10:35 | INFO | fastapi_app | GET /user/dashboard -> 200 (11.25 ms)
2026-08-18 16:10:36 | INFO | fastapi_app | GET /products -> 200 (69.66 ms)
2026-08-18 16:10:36 | INFO | fastapi_app | GET /products -> 200 (12.05 ms)
2026-08-18 16:10:50 | INFO | fastapi_app | POST /products -> 201 (29.63 ms)
2026-08-18 16:10:50 | INFO | fastapi_app | GET /products -> 200 (12.43 ms)
2026-08-18 16:10:54 | INFO | fastapi_app | POST /cart -> 201 (42.05 ms)
2026-08-18 16:10:54 | INFO | fastapi_app | GET /cart -> 200 (12.43 ms)
2026-08-18 16:10:56 | INFO | fastapi_app | GET /cart -> 200 (10.76 ms)
2026-08-18 16:10:59 | INFO | fastapi_app | POST /cart/checkout -> 200 (18.27 ms)
2026-08-18 16:10:59 | INFO | fastapi_app | GET /cart -> 200 (8.60 ms)
2026-08-18 16:10:59 | INFO | fastapi_app | GET /orders -> 200 (10.73 ms)
2026-08-18 16:11:24 | INFO | fastapi_app | POST /cart -> 201 (24.36 ms)
2026-08-18 16:11:24 | INFO | fastapi_app | GET /cart -> 200 (9.37 ms)
2026-08-18 16:20:17 | INFO | fastapi_app | Application Started
2026-08-18 16:20:23 | INFO | fastapi_app | Application Started
2026-08-18 16:20:29 | INFO | fastapi_app | Application Started
2026-08-18 16:22:05 | INFO | fastapi_app | Application Started
2026-08-18 16:22:10 | INFO | fastapi_app | Application Started
2026-08-18 16:23:46 | INFO | fastapi_app | Application Started
2026-08-18 16:23:52 | INFO | fastapi_app | Application Started
2026-08-18 16:23:57 | INFO | fastapi_app | Application Started
2026-08-18 16:44:57 | INFO | fastapi_app | POST /auth/login -> 200 (747.81 ms)
2026-08-18 16:44:57 | INFO | fastapi_app | GET /user/profile -> 200 (30.09 ms)
2026-08-18 16:44:57 | INFO | fastapi_app | GET /user/dashboard -> 200 (5.03 ms)
2026-08-18 16:44:57 | INFO | fastapi_app | GET /user/dashboard -> 200 (6.56 ms)
2026-08-18 17:31:18 | INFO | fastapi_app | GET /user/profile -> 401 (127.61 ms)
2026-08-18 17:31:18 | INFO | fastapi_app | GET /user/profile -> 401 (5.41 ms)
2026-08-19 11:54:25 | INFO | fastapi_app | Application Started
2026-08-19 11:55:06 | INFO | fastapi_app | GET /user/profile -> 401 (121.70 ms)
2026-08-19 11:55:06 | INFO | fastapi_app | GET /user/profile -> 401 (17.60 ms)
2026-08-19 11:55:40 | INFO | fastapi_app | POST /auth/login -> 200 (677.82 ms)
2026-08-19 11:55:40 | INFO | fastapi_app | GET /user/profile -> 200 (27.19 ms)
2026-08-19 11:55:40 | INFO | fastapi_app | GET /user/dashboard -> 200 (8.14 ms)
2026-08-19 11:55:40 | INFO | fastapi_app | GET /user/dashboard -> 200 (6.67 ms)
2026-08-19 11:55:42 | INFO | fastapi_app | GET /products -> 200 (55.37 ms)
2026-08-19 11:55:42 | INFO | fastapi_app | GET /products -> 200 (16.39 ms)
2026-08-19 11:55:52 | INFO | fastapi_app | DELETE /products/12 -> 200 (52.36 ms)
2026-08-19 11:55:52 | INFO | fastapi_app | GET /products -> 200 (10.39 ms)
2026-08-19 11:56:30 | INFO | fastapi_app | POST /products -> 201 (25.57 ms)
2026-08-19 11:56:30 | INFO | fastapi_app | GET /products -> 200 (10.08 ms)
2026-08-19 11:56:40 | INFO | fastapi_app | POST /cart -> 201 (40.19 ms)
2026-08-19 11:56:40 | INFO | fastapi_app | GET /cart -> 200 (16.74 ms)
2026-08-19 11:56:43 | INFO | fastapi_app | POST /cart -> 201 (18.06 ms)
2026-08-19 11:56:43 | INFO | fastapi_app | GET /cart -> 200 (6.72 ms)
2026-08-19 11:56:44 | INFO | fastapi_app | GET /cart -> 200 (5.55 ms)
2026-08-19 11:56:47 | INFO | fastapi_app | DELETE /cart/21 -> 204 (9.29 ms)
2026-08-19 11:56:47 | INFO | fastapi_app | GET /cart -> 200 (7.04 ms)
2026-08-19 11:56:49 | INFO | fastapi_app | GET /user/dashboard -> 200 (5.91 ms)
2026-08-19 11:56:49 | INFO | fastapi_app | GET /user/dashboard -> 200 (4.84 ms)
2026-08-19 13:39:09 | INFO | fastapi_app | Application Started
2026-08-19 13:40:32 | INFO | fastapi_app | Application Started
2026-08-19 13:41:11 | INFO | fastapi_app | Application Started
2026-08-19 13:43:50 | INFO | fastapi_app | Application Started
2026-08-19 13:46:40 | INFO | fastapi_app | Application Started
2026-08-19 13:51:38 | INFO | fastapi_app | POST /auth/login -> 200 (502.66 ms)
2026-08-19 14:01:39 | INFO | fastapi_app | POST /auth/login -> 200 (383.10 ms)
2026-08-19 14:01:39 | INFO | fastapi_app | GET /user/profile -> 200 (30.66 ms)
2026-08-19 14:01:39 | INFO | fastapi_app | GET /user/dashboard -> 200 (4.63 ms)
2026-08-19 14:01:39 | INFO | fastapi_app | GET /user/dashboard -> 200 (4.55 ms)
2026-08-19 14:01:41 | INFO | fastapi_app | GET /products -> 200 (44.82 ms)
2026-08-19 14:01:41 | INFO | fastapi_app | GET /products -> 200 (10.45 ms)
2026-08-19 14:01:42 | INFO | fastapi_app | GET /admin/users -> 200 (10.55 ms)
2026-08-19 14:01:42 | INFO | fastapi_app | GET /admin/users -> 200 (8.24 ms)
2026-08-19 14:01:43 | INFO | fastapi_app | GET /admin/users/2 -> 200 (14.46 ms)
2026-08-19 14:01:45 | INFO | fastapi_app | GET /admin/users/4 -> 200 (8.36 ms)
2026-08-19 14:01:46 | INFO | fastapi_app | GET /admin/users/5 -> 200 (13.31 ms)
2026-08-19 14:06:47 | INFO | fastapi_app | Application Started
2026-08-19 14:06:52 | INFO | fastapi_app | Application Started
2026-08-19 14:07:16 | INFO | fastapi_app | Application Started
2026-08-19 14:07:27 | INFO | fastapi_app | Application Started
2026-08-19 14:11:57 | INFO | fastapi_app | Application Started
2026-08-19 14:12:04 | INFO | fastapi_app | Application Started
2026-08-19 14:14:25 | INFO | fastapi_app | Application Started
2026-08-19 14:21:38 | INFO | fastapi_app | Application Started
2026-08-19 14:21:43 | INFO | fastapi_app | Application Started
2026-08-19 14:21:46 | INFO | fastapi_app | Application Started
2026-08-19 14:21:57 | INFO | fastapi_app | Application Started
2026-08-19 14:22:26 | INFO | fastapi_app | Application Started
2026-08-19 14:22:32 | INFO | fastapi_app | Application Started
2026-08-19 14:22:36 | INFO | fastapi_app | Application Started
2026-08-19 14:22:41 | INFO | fastapi_app | Application Started
2026-08-19 14:22:48 | INFO | fastapi_app | Application Started
2026-08-19 14:22:54 | INFO | fastapi_app | Application Started
2026-08-19 14:22:57 | INFO | fastapi_app | Application Started
2026-08-19 14:23:01 | INFO | fastapi_app | Application Started
2026-08-19 14:23:07 | INFO | fastapi_app | Application Started
2026-08-19 14:23:11 | INFO | fastapi_app | Application Started
2026-08-19 14:23:16 | INFO | fastapi_app | Application Started
2026-08-19 14:23:24 | INFO | fastapi_app | Application Started
2026-08-19 14:23:37 | INFO | fastapi_app | Application Started
2026-08-19 14:23:42 | INFO | fastapi_app | Application Started
2026-08-19 14:23:49 | INFO | fastapi_app | Application Started
2026-08-19 14:24:03 | INFO | fastapi_app | Application Started
2026-08-19 14:24:06 | INFO | fastapi_app | POST /auth/login -> 200 (549.75 ms)
2026-08-19 14:25:50 | INFO | fastapi_app | Application Started
2026-08-19 14:37:32 | INFO | fastapi_app | POST /auth/login -> 200 (765.11 ms)
2026-08-19 14:37:34 | INFO | fastapi_app | POST /auth/login -> 200 (574.16 ms)
2026-08-19 14:37:35 | INFO | fastapi_app | POST /auth/login -> 200 (530.94 ms)
2026-08-19 14:39:23 | INFO | fastapi_app | Application Started
2026-08-19 14:41:28 | INFO | fastapi_app | GET /user/profile -> 401 (36.04 ms)
2026-08-19 14:41:28 | INFO | fastapi_app | GET /user/profile -> 401 (2.71 ms)
2026-08-19 14:44:04 | INFO | fastapi_app | Application Started
2026-08-19 14:44:07 | INFO | fastapi_app | Application Started
2026-08-19 14:44:16 | INFO | fastapi_app | Application Started
2026-08-19 14:44:22 | INFO | fastapi_app | Application Started
2026-08-19 14:44:28 | INFO | fastapi_app | Application Started
2026-08-19 14:44:34 | INFO | fastapi_app | Application Started
2026-08-19 14:44:45 | INFO | fastapi_app | Application Started
2026-08-19 14:45:05 | INFO | fastapi_app | Application Started
2026-08-19 14:45:15 | INFO | fastapi_app | Application Started
2026-08-19 14:45:23 | INFO | fastapi_app | Application Started
2026-08-19 14:45:28 | INFO | fastapi_app | Application Started
2026-08-19 14:49:46 | INFO | fastapi_app | Application Started
2026-08-19 14:50:05 | INFO | fastapi_app | Application Started
2026-08-19 14:53:40 | INFO | fastapi_app | POST /auth/login -> 200 (456.08 ms)
2026-08-19 14:53:50 | INFO | fastapi_app | GET /products/3 -> 404 (32.57 ms)
2026-08-19 14:53:54 | INFO | fastapi_app | GET /products -> 200 (19.86 ms)
2026-08-19 14:55:41 | INFO | fastapi_app | GET /products -> 200 (14.06 ms)
2026-08-19 14:55:43 | INFO | fastapi_app | GET /products -> 200 (8.37 ms)
2026-08-19 14:56:10 | INFO | fastapi_app | GET /products -> 200 (8.57 ms)
2026-08-19 14:56:29 | INFO | fastapi_app | GET /products -> 200 (7.76 ms)
2026-08-19 14:56:30 | INFO | fastapi_app | GET /products -> 200 (8.95 ms)
2026-08-19 14:56:31 | INFO | fastapi_app | GET /products -> 200 (9.96 ms)
2026-08-19 14:56:31 | INFO | fastapi_app | GET /products -> 200 (8.93 ms)
2026-08-19 14:56:32 | INFO | fastapi_app | GET /products -> 200 (8.78 ms)
2026-08-19 14:56:33 | INFO | fastapi_app | GET /products -> 200 (7.96 ms)
2026-08-19 14:56:33 | INFO | fastapi_app | GET /products -> 200 (7.75 ms)
2026-08-19 14:56:34 | INFO | fastapi_app | GET /products -> 200 (9.26 ms)
2026-08-19 14:56:34 | INFO | fastapi_app | GET /products -> 200 (9.29 ms)
2026-08-19 14:56:35 | INFO | fastapi_app | GET /products -> 200 (12.92 ms)
2026-08-19 14:56:36 | INFO | fastapi_app | GET /products -> 200 (12.12 ms)
2026-08-19 14:56:36 | INFO | fastapi_app | GET /products -> 200 (10.28 ms)
2026-08-19 14:56:37 | INFO | fastapi_app | GET /products -> 200 (8.26 ms)
2026-08-19 14:56:37 | INFO | fastapi_app | GET /products -> 200 (7.61 ms)
2026-08-19 14:56:38 | INFO | fastapi_app | GET /products -> 200 (10.01 ms)
2026-08-19 14:56:49 | INFO | fastapi_app | GET /auth/refresh -> 405 (5.79 ms)
2026-08-19 14:56:54 | INFO | fastapi_app | POST /auth/refresh -> 422 (8.31 ms)
2026-08-19 14:57:48 | INFO | fastapi_app | GET /user/profile -> 200 (18.62 ms)
2026-08-19 14:57:51 | INFO | fastapi_app | GET /user/profile -> 200 (6.32 ms)
2026-08-19 14:57:51 | INFO | fastapi_app | GET /user/profile -> 200 (6.15 ms)
2026-08-19 14:59:48 | INFO | fastapi_app | POST /auth/refresh -> 200 (7.61 ms)
2026-08-19 14:59:52 | INFO | fastapi_app | GET /user/profile -> 200 (6.94 ms)
2026-08-19 15:00:06 | INFO | fastapi_app | GET /user/profile -> 200 (8.39 ms)
2026-08-19 15:00:07 | INFO | fastapi_app | GET /user/profile -> 200 (7.62 ms)
2026-08-19 15:00:07 | INFO | fastapi_app | GET /user/profile -> 200 (5.85 ms)
2026-08-19 15:00:57 | INFO | fastapi_app | Application Started
2026-08-19 15:01:03 | INFO | fastapi_app | POST /auth/login -> 200 (642.61 ms)
2026-08-19 15:01:36 | INFO | fastapi_app | Application Started
2026-08-19 15:01:56 | INFO | fastapi_app | POST /auth/login -> 200 (643.09 ms)
2026-08-19 15:02:27 | INFO | fastapi_app | Application Started
2026-08-19 15:53:15 | INFO | fastapi_app | POST /auth/login -> 200 (750.32 ms)
2026-08-19 15:53:15 | INFO | fastapi_app | GET /user/profile -> 200 (23.05 ms)
2026-08-19 15:53:15 | INFO | fastapi_app | GET /user/dashboard -> 200 (3.38 ms)
2026-08-19 15:53:15 | INFO | fastapi_app | GET /user/dashboard -> 200 (3.43 ms)
2026-08-19 15:53:20 | INFO | fastapi_app | GET /user/profile -> 200 (5.58 ms)
2026-08-19 15:53:20 | INFO | fastapi_app | GET /user/profile -> 200 (5.09 ms)
2026-08-19 15:53:20 | INFO | fastapi_app | GET /user/dashboard -> 200 (4.51 ms)
2026-08-19 15:53:20 | INFO | fastapi_app | GET /user/dashboard -> 200 (3.65 ms)
2026-08-19 15:56:30 | INFO | fastapi_app | GET /user/profile -> 200 (22.68 ms)
2026-08-19 15:56:30 | INFO | fastapi_app | GET /user/profile -> 200 (24.81 ms)
2026-08-19 15:56:30 | INFO | fastapi_app | GET /user/dashboard -> 200 (12.58 ms)
2026-08-19 15:56:30 | INFO | fastapi_app | GET /user/dashboard -> 200 (12.48 ms)
2026-08-19 15:56:37 | INFO | fastapi_app | Application Started
2026-08-19 15:56:43 | INFO | fastapi_app | POST /auth/login -> 200 (729.17 ms)
2026-08-19 15:56:43 | INFO | fastapi_app | GET /user/profile -> 200 (22.43 ms)
2026-08-19 15:56:43 | INFO | fastapi_app | GET /user/dashboard -> 200 (7.07 ms)
2026-08-19 15:56:43 | INFO | fastapi_app | GET /user/dashboard -> 200 (7.20 ms)
2026-08-19 15:56:48 | INFO | fastapi_app | GET /user/profile -> 200 (10.31 ms)
2026-08-19 15:56:48 | INFO | fastapi_app | GET /user/profile -> 200 (7.84 ms)
2026-08-19 15:56:48 | INFO | fastapi_app | GET /user/dashboard -> 200 (6.78 ms)
2026-08-19 15:56:48 | INFO | fastapi_app | GET /user/dashboard -> 200 (6.09 ms)
2026-08-19 15:57:19 | INFO | fastapi_app | Application Started
2026-08-19 15:57:29 | INFO | fastapi_app | GET /user/profile -> 200 (123.40 ms)
2026-08-19 15:57:29 | INFO | fastapi_app | GET /user/profile -> 200 (8.86 ms)
2026-08-19 15:57:29 | INFO | fastapi_app | GET /user/dashboard -> 200 (5.79 ms)
2026-08-19 15:57:29 | INFO | fastapi_app | GET /user/dashboard -> 200 (5.01 ms)
2026-08-19 16:24:46 | INFO | fastapi_app | POST /auth/login -> 401 (11.68 ms)
2026-08-19 16:24:59 | INFO | fastapi_app | POST /auth/login -> 200 (334.17 ms)
2026-08-19 16:24:59 | INFO | fastapi_app | GET /user/profile -> 200 (4.88 ms)
2026-08-19 16:24:59 | INFO | fastapi_app | GET /user/dashboard -> 200 (3.38 ms)
2026-08-19 16:24:59 | INFO | fastapi_app | GET /user/dashboard -> 200 (4.50 ms)
2026-08-19 16:25:10 | INFO | fastapi_app | GET /user/profile -> 200 (10.52 ms)
2026-08-19 16:25:10 | INFO | fastapi_app | GET /user/profile -> 200 (9.36 ms)
2026-08-19 16:25:10 | INFO | fastapi_app | GET /user/dashboard -> 200 (8.70 ms)
2026-08-19 16:25:10 | INFO | fastapi_app | GET /user/dashboard -> 200 (7.85 ms)
2026-08-19 16:25:32 | INFO | fastapi_app | Application Started
2026-08-19 16:25:36 | INFO | fastapi_app | Application Started
2026-08-19 16:25:58 | INFO | fastapi_app | POST /auth/login -> 200 (480.66 ms)
2026-08-19 16:25:58 | INFO | fastapi_app | GET /user/profile -> 200 (17.35 ms)
2026-08-19 16:25:59 | INFO | fastapi_app | GET /user/dashboard -> 200 (2.63 ms)
2026-08-19 16:25:59 | INFO | fastapi_app | GET /user/dashboard -> 200 (3.19 ms)
2026-08-19 16:26:05 | INFO | fastapi_app | GET /user/profile -> 200 (7.56 ms)
2026-08-19 16:26:05 | INFO | fastapi_app | GET /user/profile -> 200 (4.32 ms)
2026-08-19 16:26:05 | INFO | fastapi_app | GET /user/dashboard -> 200 (4.59 ms)
2026-08-19 16:26:05 | INFO | fastapi_app | GET /user/dashboard -> 200 (3.18 ms)
2026-08-19 16:27:31 | INFO | fastapi_app | GET /products -> 401 (24.94 ms)
2026-08-19 16:27:31 | INFO | fastapi_app | GET /products -> 401 (1.87 ms)
2026-08-19 16:27:34 | INFO | fastapi_app | POST /auth/login -> 200 (358.54 ms)
2026-08-19 16:27:34 | INFO | fastapi_app | GET /user/profile -> 200 (5.52 ms)
2026-08-19 16:27:34 | INFO | fastapi_app | GET /user/dashboard -> 200 (4.60 ms)
2026-08-19 16:27:34 | INFO | fastapi_app | GET /user/dashboard -> 200 (4.31 ms)
2026-08-19 16:27:39 | INFO | fastapi_app | GET /user/profile -> 200 (5.10 ms)
2026-08-19 16:27:39 | INFO | fastapi_app | GET /user/profile -> 200 (6.63 ms)
2026-08-19 16:27:39 | INFO | fastapi_app | GET /user/dashboard -> 200 (4.63 ms)
2026-08-19 16:27:39 | INFO | fastapi_app | GET /user/dashboard -> 200 (3.24 ms)
2026-08-19 16:27:56 | INFO | fastapi_app | Application Started
2026-08-19 16:28:09 | INFO | fastapi_app | GET /products -> 401 (37.75 ms)
2026-08-19 16:28:09 | INFO | fastapi_app | GET /products -> 401 (1.43 ms)
2026-08-19 16:28:13 | INFO | fastapi_app | POST /auth/login -> 200 (526.78 ms)
2026-08-19 16:28:13 | INFO | fastapi_app | GET /user/profile -> 200 (13.56 ms)
2026-08-19 16:28:13 | INFO | fastapi_app | GET /user/dashboard -> 200 (6.65 ms)
2026-08-19 16:28:13 | INFO | fastapi_app | GET /user/dashboard -> 200 (3.27 ms)
2026-08-19 16:28:19 | INFO | fastapi_app | POST /auth/login -> 200 (362.36 ms)
2026-08-19 16:28:19 | INFO | fastapi_app | GET /user/profile -> 200 (5.83 ms)
2026-08-19 16:28:19 | INFO | fastapi_app | GET /user/dashboard -> 200 (3.64 ms)
2026-08-19 16:28:19 | INFO | fastapi_app | GET /user/dashboard -> 200 (3.35 ms)
2026-08-19 16:28:37 | INFO | fastapi_app | GET /user/profile -> 200 (5.55 ms)
2026-08-19 16:28:37 | INFO | fastapi_app | GET /user/profile -> 200 (6.67 ms)
2026-08-19 16:28:37 | INFO | fastapi_app | GET /user/dashboard -> 200 (3.70 ms)
2026-08-19 16:28:37 | INFO | fastapi_app | GET /user/dashboard -> 200 (3.07 ms)
2026-08-19 16:32:57 | INFO | fastapi_app | GET /user/profile -> 200 (8.14 ms)
2026-08-19 16:32:57 | INFO | fastapi_app | GET /user/profile -> 200 (8.45 ms)
2026-08-19 16:32:57 | INFO | fastapi_app | GET /user/dashboard -> 200 (4.71 ms)
2026-08-19 16:32:57 | INFO | fastapi_app | GET /user/dashboard -> 200 (5.01 ms)
2026-08-19 16:33:06 | INFO | fastapi_app | GET /user/profile -> 200 (11.15 ms)
2026-08-19 16:33:06 | INFO | fastapi_app | GET /user/profile -> 200 (12.61 ms)
2026-08-19 16:33:06 | INFO | fastapi_app | GET /user/dashboard -> 200 (5.62 ms)
2026-08-19 16:33:06 | INFO | fastapi_app | GET /user/dashboard -> 200 (8.24 ms)
2026-08-19 16:33:07 | INFO | fastapi_app | GET /user/profile -> 200 (8.48 ms)
2026-08-19 16:33:07 | INFO | fastapi_app | GET /user/profile -> 200 (12.22 ms)
2026-08-19 16:33:07 | INFO | fastapi_app | GET /user/dashboard -> 200 (6.28 ms)
2026-08-19 16:33:07 | INFO | fastapi_app | GET /user/dashboard -> 200 (4.56 ms)
2026-08-19 16:45:51 | INFO | fastapi_app | POST /auth/login -> 200 (443.41 ms)
2026-08-19 16:45:51 | INFO | fastapi_app | GET /user/profile -> 200 (5.04 ms)
2026-08-19 16:45:51 | INFO | fastapi_app | GET /user/dashboard -> 200 (5.13 ms)
2026-08-19 16:45:51 | INFO | fastapi_app | GET /user/dashboard -> 200 (3.07 ms)
2026-08-19 16:46:40 | INFO | fastapi_app | POST /auth/login -> 200 (597.18 ms)
2026-08-19 16:46:40 | INFO | fastapi_app | GET /user/profile -> 200 (8.77 ms)
2026-08-19 16:46:40 | INFO | fastapi_app | GET /user/dashboard -> 200 (7.91 ms)
2026-08-19 16:46:40 | INFO | fastapi_app | GET /user/dashboard -> 200 (5.32 ms)
2026-08-19 16:50:29 | INFO | fastapi_app | POST /auth/login -> 200 (464.14 ms)
2026-08-19 16:50:29 | INFO | fastapi_app | GET /user/profile -> 200 (5.72 ms)
2026-08-19 16:50:29 | INFO | fastapi_app | GET /user/dashboard -> 200 (4.40 ms)
2026-08-19 16:50:29 | INFO | fastapi_app | GET /user/dashboard -> 200 (4.05 ms)
2026-08-19 16:51:51 | INFO | fastapi_app | GET /products -> 200 (37.66 ms)
2026-08-19 16:51:51 | INFO | fastapi_app | GET /products -> 200 (12.00 ms)
2026-08-19 16:53:26 | INFO | fastapi_app | GET /admin/users -> 200 (14.28 ms)
2026-08-19 16:53:26 | INFO | fastapi_app | GET /admin/users -> 200 (7.95 ms)
2026-08-19 16:53:34 | INFO | fastapi_app | GET /products -> 200 (11.90 ms)
2026-08-19 16:53:34 | INFO | fastapi_app | GET /products -> 200 (11.08 ms)
2026-08-19 16:53:45 | INFO | fastapi_app | GET /user/dashboard -> 200 (3.99 ms)
2026-08-19 16:53:45 | INFO | fastapi_app | GET /user/dashboard -> 200 (3.99 ms)
2026-08-19 16:53:46 | INFO | fastapi_app | GET /products -> 200 (8.10 ms)
2026-08-19 16:53:46 | INFO | fastapi_app | GET /products -> 200 (8.00 ms)
2026-08-19 16:53:48 | INFO | fastapi_app | GET /user/dashboard -> 200 (4.59 ms)
2026-08-19 16:53:48 | INFO | fastapi_app | GET /user/dashboard -> 200 (3.43 ms)
2026-08-19 16:53:48 | INFO | fastapi_app | GET /products -> 200 (10.37 ms)
2026-08-19 16:53:48 | INFO | fastapi_app | GET /products -> 200 (9.26 ms)
2026-08-19 16:53:49 | INFO | fastapi_app | GET /user/dashboard -> 200 (3.77 ms)
2026-08-19 16:53:49 | INFO | fastapi_app | GET /user/dashboard -> 200 (2.97 ms)
2026-08-19 16:53:50 | INFO | fastapi_app | GET /products -> 200 (9.95 ms)
2026-08-19 16:53:50 | INFO | fastapi_app | GET /products -> 200 (11.04 ms)
2026-08-19 16:53:50 | INFO | fastapi_app | GET /user/dashboard -> 200 (3.56 ms)
2026-08-19 16:53:50 | INFO | fastapi_app | GET /user/dashboard -> 200 (3.42 ms)
2026-08-19 16:53:51 | INFO | fastapi_app | GET /products -> 200 (10.00 ms)
2026-08-19 16:53:51 | INFO | fastapi_app | GET /products -> 200 (7.61 ms)
2026-08-19 16:54:43 | INFO | fastapi_app | POST /cart -> 201 (54.35 ms)
2026-08-19 16:54:43 | INFO | fastapi_app | GET /cart -> 200 (9.14 ms)
2026-08-19 16:54:45 | INFO | fastapi_app | GET /cart -> 200 (6.81 ms)
2026-08-19 16:54:48 | INFO | fastapi_app | DELETE /cart/22 -> 204 (17.79 ms)
2026-08-19 16:54:48 | INFO | fastapi_app | GET /cart -> 200 (20.97 ms)
2026-08-19 16:55:20 | INFO | fastapi_app | GET /user/dashboard -> 200 (5.12 ms)
2026-08-19 16:55:20 | INFO | fastapi_app | GET /user/dashboard -> 200 (8.42 ms)
2026-08-19 16:57:33 | INFO | fastapi_app | Application Started
2026-08-19 16:58:08 | INFO | fastapi_app | POST /auth/login -> 200 (420.59 ms)
2026-08-19 16:58:40 | INFO | fastapi_app | GET /user/profile -> 200 (21.22 ms)
2026-08-19 16:58:41 | INFO | fastapi_app | GET /user/profile -> 200 (5.63 ms)
2026-08-19 16:58:42 | INFO | fastapi_app | GET /user/profile -> 200 (5.24 ms)
2026-08-19 16:58:42 | INFO | fastapi_app | GET /user/profile -> 200 (5.63 ms)
2026-08-19 16:58:43 | INFO | fastapi_app | GET /user/profile -> 200 (4.59 ms)
2026-08-19 16:58:43 | INFO | fastapi_app | GET /user/profile -> 200 (4.88 ms)
2026-08-19 16:58:43 | INFO | fastapi_app | GET /user/profile -> 200 (6.31 ms)
2026-08-19 16:58:44 | INFO | fastapi_app | GET /user/profile -> 200 (6.29 ms)
2026-08-19 16:58:44 | INFO | fastapi_app | GET /user/profile -> 200 (7.49 ms)
2026-08-19 16:58:44 | INFO | fastapi_app | GET /user/profile -> 200 (6.97 ms)
2026-08-19 16:58:44 | INFO | fastapi_app | GET /user/profile -> 200 (5.78 ms)
2026-08-19 16:58:44 | INFO | fastapi_app | GET /user/profile -> 200 (5.78 ms)
2026-08-19 16:58:45 | INFO | fastapi_app | GET /user/profile -> 200 (5.56 ms)
2026-08-19 16:58:45 | INFO | fastapi_app | GET /user/profile -> 200 (5.77 ms)
2026-08-19 16:58:45 | INFO | fastapi_app | GET /user/profile -> 200 (6.35 ms)
2026-08-19 16:58:45 | INFO | fastapi_app | GET /user/profile -> 200 (5.35 ms)
2026-08-19 16:58:45 | INFO | fastapi_app | GET /user/profile -> 200 (4.60 ms)
2026-08-19 16:58:46 | INFO | fastapi_app | GET /user/profile -> 200 (5.41 ms)
2026-08-19 16:58:46 | INFO | fastapi_app | GET /user/profile -> 200 (5.27 ms)
2026-08-19 16:58:46 | INFO | fastapi_app | GET /user/profile -> 200 (4.87 ms)
2026-08-19 16:58:46 | INFO | fastapi_app | GET /user/profile -> 200 (5.02 ms)
2026-08-19 16:58:46 | INFO | fastapi_app | GET /user/profile -> 200 (4.31 ms)
2026-08-19 16:58:47 | INFO | fastapi_app | GET /user/profile -> 200 (5.54 ms)
2026-08-19 16:58:47 | INFO | fastapi_app | GET /user/profile -> 200 (5.64 ms)
2026-08-19 16:58:47 | INFO | fastapi_app | GET /user/profile -> 200 (5.62 ms)
2026-08-19 16:58:47 | INFO | fastapi_app | GET /user/profile -> 200 (5.50 ms)
2026-08-19 16:58:47 | INFO | fastapi_app | GET /user/profile -> 200 (5.86 ms)
2026-08-19 16:58:48 | INFO | fastapi_app | GET /user/profile -> 200 (5.61 ms)
2026-08-19 16:58:48 | INFO | fastapi_app | GET /user/profile -> 200 (4.39 ms)
2026-08-19 16:58:48 | INFO | fastapi_app | GET /user/profile -> 200 (5.81 ms)
2026-08-19 16:58:48 | INFO | fastapi_app | GET /user/profile -> 200 (4.11 ms)
2026-08-19 16:58:48 | INFO | fastapi_app | GET /user/profile -> 200 (5.61 ms)
2026-08-19 16:58:48 | INFO | fastapi_app | GET /user/profile -> 200 (5.90 ms)
2026-08-19 16:58:49 | INFO | fastapi_app | GET /user/profile -> 200 (5.61 ms)
2026-08-19 16:58:49 | INFO | fastapi_app | GET /user/profile -> 200 (4.48 ms)
2026-08-19 16:58:49 | INFO | fastapi_app | GET /user/profile -> 200 (4.65 ms)
2026-08-19 16:58:49 | INFO | fastapi_app | GET /user/profile -> 200 (6.26 ms)
2026-08-19 16:58:49 | INFO | fastapi_app | GET /user/profile -> 200 (5.74 ms)
2026-08-19 16:58:50 | INFO | fastapi_app | GET /user/profile -> 200 (6.05 ms)
2026-08-19 16:58:50 | INFO | fastapi_app | GET /user/profile -> 200 (5.29 ms)
2026-08-19 16:58:50 | INFO | fastapi_app | GET /user/profile -> 200 (5.15 ms)
2026-08-19 16:58:50 | INFO | fastapi_app | GET /user/profile -> 200 (6.85 ms)
2026-08-19 16:58:51 | INFO | fastapi_app | GET /user/profile -> 200 (6.12 ms)
2026-08-19 16:58:51 | INFO | fastapi_app | GET /user/profile -> 200 (9.88 ms)
2026-08-19 16:58:51 | INFO | fastapi_app | GET /user/profile -> 200 (6.54 ms)
2026-08-19 16:58:51 | INFO | fastapi_app | GET /user/profile -> 200 (6.88 ms)
2026-08-19 16:58:52 | INFO | fastapi_app | GET /user/profile -> 200 (5.70 ms)
2026-08-19 16:58:52 | INFO | fastapi_app | GET /user/profile -> 200 (9.14 ms)
2026-08-19 16:58:52 | INFO | fastapi_app | GET /user/profile -> 200 (7.15 ms)
2026-08-19 16:58:52 | INFO | fastapi_app | GET /user/profile -> 200 (6.70 ms)
2026-08-19 16:58:53 | INFO | fastapi_app | GET /user/profile -> 200 (6.79 ms)
2026-08-19 16:58:53 | INFO | fastapi_app | GET /user/profile -> 200 (7.83 ms)
2026-08-19 16:58:53 | INFO | fastapi_app | GET /user/profile -> 200 (6.29 ms)
2026-08-19 16:58:53 | INFO | fastapi_app | GET /user/profile -> 200 (6.80 ms)
2026-08-19 16:58:53 | INFO | fastapi_app | GET /user/profile -> 200 (7.39 ms)
2026-08-19 16:58:54 | INFO | fastapi_app | GET /user/profile -> 200 (7.93 ms)
2026-08-19 16:58:54 | INFO | fastapi_app | GET /user/profile -> 200 (7.67 ms)
2026-08-19 16:58:54 | INFO | fastapi_app | GET /user/profile -> 200 (7.77 ms)
2026-08-19 16:58:55 | INFO | fastapi_app | GET /user/profile -> 200 (7.67 ms)
2026-08-19 16:58:55 | INFO | fastapi_app | GET /user/profile -> 200 (8.56 ms)
2026-08-19 16:58:55 | INFO | fastapi_app | GET /user/profile -> 200 (9.49 ms)
2026-08-19 16:58:55 | INFO | fastapi_app | GET /user/profile -> 200 (8.07 ms)
2026-08-19 16:58:56 | INFO | fastapi_app | GET /user/profile -> 200 (7.12 ms)
2026-08-19 16:58:56 | INFO | fastapi_app | GET /user/profile -> 200 (8.16 ms)
2026-08-19 16:58:57 | INFO | fastapi_app | GET /user/profile -> 200 (8.40 ms)
2026-08-19 16:58:57 | INFO | fastapi_app | GET /user/profile -> 200 (6.65 ms)
2026-08-19 16:58:57 | INFO | fastapi_app | GET /user/profile -> 200 (8.14 ms)
2026-08-19 16:58:58 | INFO | fastapi_app | GET /user/profile -> 200 (6.06 ms)
2026-08-19 16:58:58 | INFO | fastapi_app | GET /user/profile -> 200 (5.24 ms)
2026-08-19 16:58:59 | INFO | fastapi_app | GET /user/profile -> 200 (8.69 ms)
2026-08-19 16:58:59 | INFO | fastapi_app | GET /user/profile -> 200 (7.11 ms)
2026-08-19 16:59:00 | INFO | fastapi_app | GET /user/profile -> 200 (7.38 ms)
2026-08-19 16:59:00 | INFO | fastapi_app | GET /user/profile -> 200 (7.07 ms)
2026-08-19 16:59:00 | INFO | fastapi_app | GET /user/profile -> 200 (7.36 ms)
2026-08-19 16:59:01 | INFO | fastapi_app | GET /user/profile -> 200 (7.09 ms)
2026-08-19 16:59:01 | INFO | fastapi_app | GET /user/profile -> 200 (7.20 ms)
2026-08-19 16:59:01 | INFO | fastapi_app | GET /user/profile -> 200 (8.31 ms)
2026-08-19 16:59:02 | INFO | fastapi_app | GET /user/profile -> 200 (8.54 ms)
2026-08-19 16:59:02 | INFO | fastapi_app | GET /user/profile -> 200 (6.82 ms)
2026-08-19 16:59:02 | INFO | fastapi_app | GET /user/profile -> 200 (6.13 ms)
2026-08-19 16:59:11 | INFO | fastapi_app | GET /user/profile -> 200 (6.36 ms)
2026-08-19 17:00:58 | INFO | fastapi_app | GET /user/profile -> 200 (12.99 ms)
2026-08-19 17:00:59 | INFO | fastapi_app | GET /user/profile -> 200 (6.27 ms)
2026-08-19 17:01:00 | INFO | fastapi_app | GET /user/profile -> 200 (5.59 ms)
2026-08-19 17:01:00 | INFO | fastapi_app | GET /user/profile -> 200 (27.46 ms)
2026-08-19 17:01:01 | INFO | fastapi_app | GET /user/profile -> 200 (3.86 ms)
2026-08-19 17:02:09 | INFO | fastapi_app | GET /user/profile -> 200 (6.58 ms)
2026-08-19 17:02:10 | INFO | fastapi_app | GET /user/profile -> 200 (5.56 ms)
2026-08-19 17:02:10 | INFO | fastapi_app | GET /user/profile -> 200 (10.06 ms)
2026-08-19 17:02:11 | INFO | fastapi_app | GET /user/profile -> 200 (7.11 ms)
2026-08-19 17:02:11 | INFO | fastapi_app | GET /user/profile -> 200 (5.59 ms)
2026-08-19 17:04:01 | INFO | fastapi_app | Application Started
2026-08-19 17:04:10 | INFO | fastapi_app | POST /auth/login -> 200 (453.41 ms)
2026-08-19 17:04:20 | INFO | fastapi_app | GET /user/profile -> 200 (30.09 ms)
2026-08-19 17:06:03 | INFO | fastapi_app | GET /user/profile -> 401 (2.74 ms)
2026-08-19 17:06:08 | INFO | fastapi_app | POST /auth/refresh -> 200 (5.10 ms)
2026-08-19 17:06:11 | INFO | fastapi_app | POST /auth/refresh -> 200 (7.89 ms)
2026-08-19 17:06:21 | INFO | fastapi_app | GET /user/profile -> 200 (6.88 ms)
2026-08-19 17:06:30 | INFO | fastapi_app | GET /user/profile -> 200 (7.72 ms)
2026-08-19 17:06:30 | INFO | fastapi_app | GET /user/profile -> 200 (7.69 ms)
2026-08-19 17:06:30 | INFO | fastapi_app | GET /user/dashboard -> 200 (3.86 ms)
2026-08-19 17:06:30 | INFO | fastapi_app | GET /user/dashboard -> 200 (5.01 ms)
2026-08-19 17:06:37 | INFO | fastapi_app | POST /auth/login -> 200 (316.56 ms)
2026-08-19 17:06:37 | INFO | fastapi_app | GET /user/profile -> 200 (3.65 ms)
2026-08-19 17:06:37 | INFO | fastapi_app | GET /user/dashboard -> 200 (5.19 ms)
2026-08-19 17:06:37 | INFO | fastapi_app | GET /user/dashboard -> 200 (4.13 ms)
2026-08-19 17:07:56 | INFO | fastapi_app | POST /auth/refresh -> 200 (6.21 ms)
2026-08-19 17:07:57 | INFO | fastapi_app | GET /products -> 200 (71.82 ms)
2026-08-19 17:07:57 | INFO | fastapi_app | POST /auth/refresh -> 200 (119.59 ms)
2026-08-19 17:07:57 | INFO | fastapi_app | GET /products -> 200 (9.22 ms)
2026-08-19 17:12:14 | INFO | fastapi_app | POST /auth/refresh -> 200 (6.30 ms)
2026-08-19 17:12:14 | INFO | fastapi_app | POST /auth/refresh -> 200 (6.98 ms)
2026-08-19 17:12:14 | INFO | fastapi_app | GET /user/dashboard -> 200 (4.15 ms)
2026-08-19 17:12:14 | INFO | fastapi_app | GET /user/dashboard -> 200 (3.69 ms)
2026-08-19 17:48:43 | INFO | fastapi_app | POST /auth/refresh -> 200 (7.49 ms)
2026-08-19 17:48:43 | INFO | fastapi_app | POST /auth/refresh -> 200 (7.49 ms)
2026-08-19 17:48:44 | INFO | fastapi_app | GET /user/profile -> 200 (6.72 ms)
2026-08-19 17:48:44 | INFO | fastapi_app | GET /user/profile -> 200 (4.86 ms)
2026-08-19 17:48:45 | INFO | fastapi_app | GET /user/dashboard -> 200 (3.59 ms)
2026-08-19 17:48:45 | INFO | fastapi_app | GET /user/dashboard -> 200 (3.92 ms)
2026-08-20 11:01:55 | INFO | fastapi_app | Application Started
2026-08-20 11:02:30 | INFO | fastapi_app | Application Started
2026-08-20 11:27:01 | INFO | fastapi_app | POST /auth/login -> 200 (897.99 ms)
2026-08-20 11:27:01 | INFO | fastapi_app | GET /user/profile -> 200 (38.41 ms)
2026-08-20 11:27:01 | INFO | fastapi_app | GET /user/dashboard -> 200 (5.55 ms)
2026-08-20 11:27:01 | INFO | fastapi_app | GET /user/dashboard -> 200 (5.61 ms)
2026-08-20 11:27:21 | INFO | fastapi_app | GET /products -> 200 (43.40 ms)
2026-08-20 11:27:21 | INFO | fastapi_app | GET /products -> 200 (9.08 ms)
2026-08-20 11:27:25 | INFO | fastapi_app | POST /products/13/favorite -> 200 (18.04 ms)
2026-08-20 11:27:25 | INFO | fastapi_app | GET /products -> 200 (7.40 ms)
2026-08-20 11:27:33 | INFO | fastapi_app | GET /products/favorites -> 200 (16.13 ms)
2026-08-20 11:27:37 | INFO | fastapi_app | DELETE /products/13/favorite -> 200 (16.74 ms)
2026-08-20 11:27:37 | INFO | fastapi_app | GET /products/favorites -> 200 (8.32 ms)
2026-08-20 11:27:40 | INFO | fastapi_app | GET /products -> 200 (11.46 ms)
2026-08-20 11:27:42 | INFO | fastapi_app | GET /products/favorites -> 200 (11.20 ms)
2026-08-20 11:27:43 | INFO | fastapi_app | GET /products -> 200 (10.83 ms)
2026-08-20 11:27:54 | INFO | fastapi_app | GET /user/dashboard -> 200 (4.29 ms)
2026-08-20 11:27:54 | INFO | fastapi_app | GET /user/dashboard -> 200 (4.67 ms)
2026-08-20 12:05:54 | INFO | fastapi_app | Application Started
2026-08-20 12:09:09 | INFO | fastapi_app | Application Started
2026-08-20 12:10:44 | INFO | fastapi_app | Application Started
2026-08-20 12:10:56 | INFO | fastapi_app | Application Started
2026-08-20 12:12:24 | INFO | fastapi_app | GET /redis/test-redis -> 200 (192.13 ms)
2026-08-20 12:15:35 | INFO | fastapi_app | POST /auth/refresh -> 200 (471.31 ms)
2026-08-20 12:15:35 | INFO | fastapi_app | POST /auth/refresh -> 200 (461.76 ms)
2026-08-20 12:15:35 | INFO | fastapi_app | GET /user/profile -> 200 (68.20 ms)
2026-08-20 12:15:35 | INFO | fastapi_app | GET /user/profile -> 200 (31.10 ms)
2026-08-20 12:15:35 | INFO | fastapi_app | GET /user/dashboard -> 200 (21.67 ms)
2026-08-20 12:15:36 | INFO | fastapi_app | GET /user/dashboard -> 200 (15.56 ms)
2026-08-20 12:17:40 | INFO | fastapi_app | Application Started
2026-08-20 12:18:03 | INFO | fastapi_app | GET /products -> 401 (118.94 ms)
2026-08-20 12:18:13 | INFO | fastapi_app | POST /auth/refresh -> 200 (278.73 ms)
2026-08-20 12:18:27 | INFO | fastapi_app | GET /products -> 200 (53.66 ms)
2026-08-20 12:18:28 | INFO | fastapi_app | GET /products -> 200 (16.01 ms)
2026-08-20 12:18:36 | INFO | fastapi_app | GET /products/13 -> 200 (51.99 ms)
2026-08-20 12:18:38 | INFO | fastapi_app | GET /products/13 -> 200 (23.10 ms)
2026-08-20 12:18:39 | INFO | fastapi_app | GET /products/13 -> 200 (16.55 ms)
2026-08-20 12:18:40 | INFO | fastapi_app | GET /products/13 -> 200 (15.40 ms)
2026-08-20 12:18:40 | INFO | fastapi_app | GET /products/13 -> 200 (13.45 ms)
2026-08-20 12:18:41 | INFO | fastapi_app | GET /products/13 -> 429 (8.80 ms)
2026-08-20 13:13:41 | INFO | fastapi_app | Application Started
2026-08-20 13:16:43 | INFO | fastapi_app | Application Started
2026-08-20 13:17:15 | INFO | fastapi_app | Application Started
2026-08-20 13:17:22 | INFO | fastapi_app | GET /products/13 -> 401 (99.48 ms)
2026-08-20 13:17:26 | INFO | fastapi_app | POST /auth/refresh -> 200 (226.58 ms)
2026-08-20 13:17:41 | ERROR | fastapi_app | Unhandled error: Connection closed by server.
Traceback (most recent call last):
  File "C:\Users\swaraj.gujar\Documents\FastAPI All\venv\Lib\site-packages\starlette\middleware\errors.py", line 164, in __call__
    await self.app(scope, receive, _send)
  File "C:\Users\swaraj.gujar\Documents\FastAPI All\venv\Lib\site-packages\starlette\middleware\cors.py", line 88, in __call__
    await self.app(scope, receive, send)
  File "C:\Users\swaraj.gujar\Documents\FastAPI All\venv\Lib\site-packages\starlette\middleware\base.py", line 193, in __call__
    response = await self.dispatch_func(request, call_next)
               ^^^^^^^^^^^^^^^^^^^^^^^^^^^^^^^^^^^^^^^^^^^^
  File "C:\Users\swaraj.gujar\Documents\FastAPI All\app\middleware\request_logging.py", line 13, in dispatch
    response = await call_next(request)
               ^^^^^^^^^^^^^^^^^^^^^^^^
  File "C:\Users\swaraj.gujar\Documents\FastAPI All\venv\Lib\site-packages\starlette\middleware\base.py", line 168, in call_next
    raise app_exc from app_exc.__cause__ or app_exc.__context__
  File "C:\Users\swaraj.gujar\Documents\FastAPI All\venv\Lib\site-packages\starlette\middleware\base.py", line 144, in coro
    await self.app(scope, receive_or_disconnect, send_no_error)
  File "C:\Users\swaraj.gujar\Documents\FastAPI All\venv\Lib\site-packages\starlette\middleware\exceptions.py", line 63, in __call__
    await wrap_app_handling_exceptions(self.app, conn)(scope, receive, send)
  File "C:\Users\swaraj.gujar\Documents\FastAPI All\venv\Lib\site-packages\starlette\_exception_handler.py", line 53, in wrapped_app
    raise exc
  File "C:\Users\swaraj.gujar\Documents\FastAPI All\venv\Lib\site-packages\starlette\_exception_handler.py", line 42, in wrapped_app
    await app(scope, receive, sender)
  File "C:\Users\swaraj.gujar\Documents\FastAPI All\venv\Lib\site-packages\fastapi\middleware\asyncexitstack.py", line 18, in __call__
    await self.app(scope, receive, send)
  File "C:\Users\swaraj.gujar\Documents\FastAPI All\venv\Lib\site-packages\starlette\routing.py", line 660, in __call__
    await self.middleware_stack(scope, receive, send)
  File "C:\Users\swaraj.gujar\Documents\FastAPI All\venv\Lib\site-packages\fastapi\routing.py", line 2734, in app
    await route.handle(scope, receive, send)
  File "C:\Users\swaraj.gujar\Documents\FastAPI All\venv\Lib\site-packages\fastapi\routing.py", line 1780, in handle
    await self.original_router.handle(scope, receive, send)
  File "C:\Users\swaraj.gujar\Documents\FastAPI All\venv\Lib\site-packages\fastapi\routing.py", line 2789, in handle
    await included_router._handle_selected(scope, receive, send)
  File "C:\Users\swaraj.gujar\Documents\FastAPI All\venv\Lib\site-packages\fastapi\routing.py", line 1791, in _handle_selected
    await route.handle(scope, receive, send)
  File "C:\Users\swaraj.gujar\Documents\FastAPI All\venv\Lib\site-packages\fastapi\routing.py", line 1780, in handle
    await self.original_router.handle(scope, receive, send)
  File "C:\Users\swaraj.gujar\Documents\FastAPI All\venv\Lib\site-packages\fastapi\routing.py", line 2789, in handle
    await included_router._handle_selected(scope, receive, send)
  File "C:\Users\swaraj.gujar\Documents\FastAPI All\venv\Lib\site-packages\fastapi\routing.py", line 1800, in _handle_selected
    await original_route.handle(scope, receive, send)
  File "C:\Users\swaraj.gujar\Documents\FastAPI All\venv\Lib\site-packages\fastapi\routing.py", line 1279, in handle
    await app(scope, receive, send)
  File "C:\Users\swaraj.gujar\Documents\FastAPI All\venv\Lib\site-packages\fastapi\routing.py", line 158, in app
    await wrap_app_handling_exceptions(app, request)(scope, receive, send)
  File "C:\Users\swaraj.gujar\Documents\FastAPI All\venv\Lib\site-packages\starlette\_exception_handler.py", line 53, in wrapped_app
    raise exc
  File "C:\Users\swaraj.gujar\Documents\FastAPI All\venv\Lib\site-packages\starlette\_exception_handler.py", line 42, in wrapped_app
    await app(scope, receive, sender)
  File "C:\Users\swaraj.gujar\Documents\FastAPI All\venv\Lib\site-packages\fastapi\routing.py", line 144, in app
    response = await f(request)
               ^^^^^^^^^^^^^^^^
  File "C:\Users\swaraj.gujar\Documents\FastAPI All\venv\Lib\site-packages\fastapi\routing.py", line 481, in app
    solved_result = await solve_dependencies(
                    ^^^^^^^^^^^^^^^^^^^^^^^^^
    ...<6 lines>...
    )
    ^
  File "C:\Users\swaraj.gujar\Documents\FastAPI All\venv\Lib\site-packages\fastapi\dependencies\utils.py", line 674, in solve_dependencies
    solved = await call(**solved_result.values)
             ^^^^^^^^^^^^^^^^^^^^^^^^^^^^^^^^^^
  File "C:\Users\swaraj.gujar\Documents\FastAPI All\app\core\rate_limiting.py", line 40, in check_rate_limit
    count = await redis_client.incr(key)
            ^^^^^^^^^^^^^^^^^^^^^^^^^^^^
  File "C:\Users\swaraj.gujar\Documents\FastAPI All\venv\Lib\site-packages\redis\asyncio\client.py", line 929, in execute_command
    conn = self.connection or await pool.get_connection()
                              ^^^^^^^^^^^^^^^^^^^^^^^^^^^
  File "C:\Users\swaraj.gujar\Documents\FastAPI All\venv\Lib\site-packages\redis\utils.py", line 249, in async_wrapper
    return await func(*args, **kwargs)
           ^^^^^^^^^^^^^^^^^^^^^^^^^^^
  File "C:\Users\swaraj.gujar\Documents\FastAPI All\venv\Lib\site-packages\redis\asyncio\connection.py", line 2824, in get_connection
    await self.ensure_connection(connection)
  File "C:\Users\swaraj.gujar\Documents\FastAPI All\venv\Lib\site-packages\redis\asyncio\connection.py", line 2865, in ensure_connection
    await connection.connect()
  File "C:\Users\swaraj.gujar\Documents\FastAPI All\venv\Lib\site-packages\redis\asyncio\connection.py", line 819, in connect
    await self.retry.call_with_retry(
    ...<7 lines>...
    )
  File "C:\Users\swaraj.gujar\Documents\FastAPI All\venv\Lib\site-packages\redis\asyncio\retry.py", line 81, in call_with_retry
    raise error
  File "C:\Users\swaraj.gujar\Documents\FastAPI All\venv\Lib\site-packages\redis\asyncio\retry.py", line 69, in call_with_retry
    return await do()
           ^^^^^^^^^^
  File "C:\Users\swaraj.gujar\Documents\FastAPI All\venv\Lib\site-packages\redis\asyncio\connection.py", line 883, in connect_check_health
    await self.on_connect_check_health(check_health=check_health)
  File "C:\Users\swaraj.gujar\Documents\FastAPI All\venv\Lib\site-packages\redis\asyncio\connection.py", line 1003, in on_connect_check_health
    response = await self.read_response()
               ^^^^^^^^^^^^^^^^^^^^^^^^^^
  File "C:\Users\swaraj.gujar\Documents\FastAPI All\venv\Lib\site-packages\redis\asyncio\connection.py", line 1286, in read_response
    response = await self._read_response_from_parser(
               ^^^^^^^^^^^^^^^^^^^^^^^^^^^^^^^^^^^^^^
    ...<2 lines>...
    )
    ^
  File "C:\Users\swaraj.gujar\Documents\FastAPI All\venv\Lib\site-packages\redis\asyncio\connection.py", line 1335, in _read_response_from_parser
    return await self._parser.read_response(
           ^^^^^^^^^^^^^^^^^^^^^^^^^^^^^^^^^
        disable_decoding=disable_decoding, push_request=push_request
        ^^^^^^^^^^^^^^^^^^^^^^^^^^^^^^^^^^^^^^^^^^^^^^^^^^^^^^^^^^^^
    )
    ^
  File "C:\Users\swaraj.gujar\Documents\FastAPI All\venv\Lib\site-packages\redis\_parsers\resp3.py", line 185, in read_response
    response = await self._read_response(
               ^^^^^^^^^^^^^^^^^^^^^^^^^^
        disable_decoding=disable_decoding, push_request=push_request
        ^^^^^^^^^^^^^^^^^^^^^^^^^^^^^^^^^^^^^^^^^^^^^^^^^^^^^^^^^^^^
    )
    ^
  File "C:\Users\swaraj.gujar\Documents\FastAPI All\venv\Lib\site-packages\redis\_parsers\resp3.py", line 197, in _read_response
    raw = await self._readline()
          ^^^^^^^^^^^^^^^^^^^^^^
  File "C:\Users\swaraj.gujar\Documents\FastAPI All\venv\Lib\site-packages\redis\_parsers\base.py", line 589, in _readline
    raise ConnectionError(SERVER_CLOSED_CONNECTION_ERROR)
redis.exceptions.ConnectionError: Connection closed by server.
2026-08-20 13:18:02 | ERROR | fastapi_app | Unhandled error: Connection closed by server.
Traceback (most recent call last):
  File "C:\Users\swaraj.gujar\Documents\FastAPI All\venv\Lib\site-packages\starlette\middleware\errors.py", line 164, in __call__
    await self.app(scope, receive, _send)
  File "C:\Users\swaraj.gujar\Documents\FastAPI All\venv\Lib\site-packages\starlette\middleware\cors.py", line 88, in __call__
    await self.app(scope, receive, send)
  File "C:\Users\swaraj.gujar\Documents\FastAPI All\venv\Lib\site-packages\starlette\middleware\base.py", line 193, in __call__
    response = await self.dispatch_func(request, call_next)
               ^^^^^^^^^^^^^^^^^^^^^^^^^^^^^^^^^^^^^^^^^^^^
  File "C:\Users\swaraj.gujar\Documents\FastAPI All\app\middleware\request_logging.py", line 13, in dispatch
    response = await call_next(request)
               ^^^^^^^^^^^^^^^^^^^^^^^^
  File "C:\Users\swaraj.gujar\Documents\FastAPI All\venv\Lib\site-packages\starlette\middleware\base.py", line 168, in call_next
    raise app_exc from app_exc.__cause__ or app_exc.__context__
  File "C:\Users\swaraj.gujar\Documents\FastAPI All\venv\Lib\site-packages\starlette\middleware\base.py", line 144, in coro
    await self.app(scope, receive_or_disconnect, send_no_error)
  File "C:\Users\swaraj.gujar\Documents\FastAPI All\venv\Lib\site-packages\starlette\middleware\exceptions.py", line 63, in __call__
    await wrap_app_handling_exceptions(self.app, conn)(scope, receive, send)
  File "C:\Users\swaraj.gujar\Documents\FastAPI All\venv\Lib\site-packages\starlette\_exception_handler.py", line 53, in wrapped_app
    raise exc
  File "C:\Users\swaraj.gujar\Documents\FastAPI All\venv\Lib\site-packages\starlette\_exception_handler.py", line 42, in wrapped_app
    await app(scope, receive, sender)
  File "C:\Users\swaraj.gujar\Documents\FastAPI All\venv\Lib\site-packages\fastapi\middleware\asyncexitstack.py", line 18, in __call__
    await self.app(scope, receive, send)
  File "C:\Users\swaraj.gujar\Documents\FastAPI All\venv\Lib\site-packages\starlette\routing.py", line 660, in __call__
    await self.middleware_stack(scope, receive, send)
  File "C:\Users\swaraj.gujar\Documents\FastAPI All\venv\Lib\site-packages\fastapi\routing.py", line 2734, in app
    await route.handle(scope, receive, send)
  File "C:\Users\swaraj.gujar\Documents\FastAPI All\venv\Lib\site-packages\fastapi\routing.py", line 1780, in handle
    await self.original_router.handle(scope, receive, send)
  File "C:\Users\swaraj.gujar\Documents\FastAPI All\venv\Lib\site-packages\fastapi\routing.py", line 2789, in handle
    await included_router._handle_selected(scope, receive, send)
  File "C:\Users\swaraj.gujar\Documents\FastAPI All\venv\Lib\site-packages\fastapi\routing.py", line 1791, in _handle_selected
    await route.handle(scope, receive, send)
  File "C:\Users\swaraj.gujar\Documents\FastAPI All\venv\Lib\site-packages\fastapi\routing.py", line 1780, in handle
    await self.original_router.handle(scope, receive, send)
  File "C:\Users\swaraj.gujar\Documents\FastAPI All\venv\Lib\site-packages\fastapi\routing.py", line 2789, in handle
    await included_router._handle_selected(scope, receive, send)
  File "C:\Users\swaraj.gujar\Documents\FastAPI All\venv\Lib\site-packages\fastapi\routing.py", line 1800, in _handle_selected
    await original_route.handle(scope, receive, send)
  File "C:\Users\swaraj.gujar\Documents\FastAPI All\venv\Lib\site-packages\fastapi\routing.py", line 1279, in handle
    await app(scope, receive, send)
  File "C:\Users\swaraj.gujar\Documents\FastAPI All\venv\Lib\site-packages\fastapi\routing.py", line 158, in app
    await wrap_app_handling_exceptions(app, request)(scope, receive, send)
  File "C:\Users\swaraj.gujar\Documents\FastAPI All\venv\Lib\site-packages\starlette\_exception_handler.py", line 53, in wrapped_app
    raise exc
  File "C:\Users\swaraj.gujar\Documents\FastAPI All\venv\Lib\site-packages\starlette\_exception_handler.py", line 42, in wrapped_app
    await app(scope, receive, sender)
  File "C:\Users\swaraj.gujar\Documents\FastAPI All\venv\Lib\site-packages\fastapi\routing.py", line 144, in app
    response = await f(request)
               ^^^^^^^^^^^^^^^^
  File "C:\Users\swaraj.gujar\Documents\FastAPI All\venv\Lib\site-packages\fastapi\routing.py", line 481, in app
    solved_result = await solve_dependencies(
                    ^^^^^^^^^^^^^^^^^^^^^^^^^
    ...<6 lines>...
    )
    ^
  File "C:\Users\swaraj.gujar\Documents\FastAPI All\venv\Lib\site-packages\fastapi\dependencies\utils.py", line 674, in solve_dependencies
    solved = await call(**solved_result.values)
             ^^^^^^^^^^^^^^^^^^^^^^^^^^^^^^^^^^
  File "C:\Users\swaraj.gujar\Documents\FastAPI All\app\core\rate_limiting.py", line 40, in check_rate_limit
    count = await redis_client.incr(key)
            ^^^^^^^^^^^^^^^^^^^^^^^^^^^^
  File "C:\Users\swaraj.gujar\Documents\FastAPI All\venv\Lib\site-packages\redis\asyncio\client.py", line 929, in execute_command
    conn = self.connection or await pool.get_connection()
                              ^^^^^^^^^^^^^^^^^^^^^^^^^^^
  File "C:\Users\swaraj.gujar\Documents\FastAPI All\venv\Lib\site-packages\redis\utils.py", line 249, in async_wrapper
    return await func(*args, **kwargs)
           ^^^^^^^^^^^^^^^^^^^^^^^^^^^
  File "C:\Users\swaraj.gujar\Documents\FastAPI All\venv\Lib\site-packages\redis\asyncio\connection.py", line 2824, in get_connection
    await self.ensure_connection(connection)
  File "C:\Users\swaraj.gujar\Documents\FastAPI All\venv\Lib\site-packages\redis\asyncio\connection.py", line 2865, in ensure_connection
    await connection.connect()
  File "C:\Users\swaraj.gujar\Documents\FastAPI All\venv\Lib\site-packages\redis\asyncio\connection.py", line 819, in connect
    await self.retry.call_with_retry(
    ...<7 lines>...
    )
  File "C:\Users\swaraj.gujar\Documents\FastAPI All\venv\Lib\site-packages\redis\asyncio\retry.py", line 81, in call_with_retry
    raise error
  File "C:\Users\swaraj.gujar\Documents\FastAPI All\venv\Lib\site-packages\redis\asyncio\retry.py", line 69, in call_with_retry
    return await do()
           ^^^^^^^^^^
  File "C:\Users\swaraj.gujar\Documents\FastAPI All\venv\Lib\site-packages\redis\asyncio\connection.py", line 883, in connect_check_health
    await self.on_connect_check_health(check_health=check_health)
  File "C:\Users\swaraj.gujar\Documents\FastAPI All\venv\Lib\site-packages\redis\asyncio\connection.py", line 1003, in on_connect_check_health
    response = await self.read_response()
               ^^^^^^^^^^^^^^^^^^^^^^^^^^
  File "C:\Users\swaraj.gujar\Documents\FastAPI All\venv\Lib\site-packages\redis\asyncio\connection.py", line 1286, in read_response
    response = await self._read_response_from_parser(
               ^^^^^^^^^^^^^^^^^^^^^^^^^^^^^^^^^^^^^^
    ...<2 lines>...
    )
    ^
  File "C:\Users\swaraj.gujar\Documents\FastAPI All\venv\Lib\site-packages\redis\asyncio\connection.py", line 1335, in _read_response_from_parser
    return await self._parser.read_response(
           ^^^^^^^^^^^^^^^^^^^^^^^^^^^^^^^^^
        disable_decoding=disable_decoding, push_request=push_request
        ^^^^^^^^^^^^^^^^^^^^^^^^^^^^^^^^^^^^^^^^^^^^^^^^^^^^^^^^^^^^
    )
    ^
  File "C:\Users\swaraj.gujar\Documents\FastAPI All\venv\Lib\site-packages\redis\_parsers\resp3.py", line 185, in read_response
    response = await self._read_response(
               ^^^^^^^^^^^^^^^^^^^^^^^^^^
        disable_decoding=disable_decoding, push_request=push_request
        ^^^^^^^^^^^^^^^^^^^^^^^^^^^^^^^^^^^^^^^^^^^^^^^^^^^^^^^^^^^^
    )
    ^
  File "C:\Users\swaraj.gujar\Documents\FastAPI All\venv\Lib\site-packages\redis\_parsers\resp3.py", line 197, in _read_response
    raw = await self._readline()
          ^^^^^^^^^^^^^^^^^^^^^^
  File "C:\Users\swaraj.gujar\Documents\FastAPI All\venv\Lib\site-packages\redis\_parsers\base.py", line 589, in _readline
    raise ConnectionError(SERVER_CLOSED_CONNECTION_ERROR)
redis.exceptions.ConnectionError: Connection closed by server.
2026-08-20 13:18:06 | INFO | fastapi_app | Application Started
2026-08-20 13:18:10 | ERROR | fastapi_app | Unhandled error: Error Multiple exceptions: [Errno 10061] Connect call failed ('::1', 6378, 0, 0), [Errno 10061] Connect call failed ('127.0.0.1', 6378) connecting to localhost:6378.
Traceback (most recent call last):
  File "C:\Users\swaraj.gujar\Documents\FastAPI All\venv\Lib\site-packages\redis\asyncio\connection.py", line 850, in connect_check_health
    await self._connect()
  File "C:\Users\swaraj.gujar\Documents\FastAPI All\venv\Lib\site-packages\redis\asyncio\connection.py", line 1487, in _connect
    reader, writer = await asyncio.open_connection(
                     ^^^^^^^^^^^^^^^^^^^^^^^^^^^^^^
        **self._connection_arguments()
        ^^^^^^^^^^^^^^^^^^^^^^^^^^^^^^
    )
    ^
  File "C:\Program Files\WindowsApps\PythonSoftwareFoundation.Python.3.13_3.13.3824.0_x64__qbz5n2kfra8p0\Lib\asyncio\streams.py", line 48, in open_connection
    transport, _ = await loop.create_connection(
                   ^^^^^^^^^^^^^^^^^^^^^^^^^^^^^
        lambda: protocol, host, port, **kwds)
        ^^^^^^^^^^^^^^^^^^^^^^^^^^^^^^^^^^^^^
  File "C:\Program Files\WindowsApps\PythonSoftwareFoundation.Python.3.13_3.13.3824.0_x64__qbz5n2kfra8p0\Lib\asyncio\base_events.py", line 1179, in create_connection
    raise OSError('Multiple exceptions: {}'.format(
        ', '.join(str(exc) for exc in exceptions)))
OSError: Multiple exceptions: [Errno 10061] Connect call failed ('::1', 6378, 0, 0), [Errno 10061] Connect call failed ('127.0.0.1', 6378)

The above exception was the direct cause of the following exception:

Traceback (most recent call last):
  File "C:\Users\swaraj.gujar\Documents\FastAPI All\venv\Lib\site-packages\starlette\middleware\errors.py", line 164, in __call__
    await self.app(scope, receive, _send)
  File "C:\Users\swaraj.gujar\Documents\FastAPI All\venv\Lib\site-packages\starlette\middleware\cors.py", line 88, in __call__
    await self.app(scope, receive, send)
  File "C:\Users\swaraj.gujar\Documents\FastAPI All\venv\Lib\site-packages\starlette\middleware\base.py", line 193, in __call__
    response = await self.dispatch_func(request, call_next)
               ^^^^^^^^^^^^^^^^^^^^^^^^^^^^^^^^^^^^^^^^^^^^
  File "C:\Users\swaraj.gujar\Documents\FastAPI All\app\middleware\request_logging.py", line 13, in dispatch
    response = await call_next(request)
               ^^^^^^^^^^^^^^^^^^^^^^^^
  File "C:\Users\swaraj.gujar\Documents\FastAPI All\venv\Lib\site-packages\starlette\middleware\base.py", line 168, in call_next
    raise app_exc from app_exc.__cause__ or app_exc.__context__
  File "C:\Users\swaraj.gujar\Documents\FastAPI All\venv\Lib\site-packages\starlette\middleware\base.py", line 144, in coro
    await self.app(scope, receive_or_disconnect, send_no_error)
  File "C:\Users\swaraj.gujar\Documents\FastAPI All\venv\Lib\site-packages\starlette\middleware\exceptions.py", line 63, in __call__
    await wrap_app_handling_exceptions(self.app, conn)(scope, receive, send)
  File "C:\Users\swaraj.gujar\Documents\FastAPI All\venv\Lib\site-packages\starlette\_exception_handler.py", line 53, in wrapped_app
    raise exc
  File "C:\Users\swaraj.gujar\Documents\FastAPI All\venv\Lib\site-packages\starlette\_exception_handler.py", line 42, in wrapped_app
    await app(scope, receive, sender)
  File "C:\Users\swaraj.gujar\Documents\FastAPI All\venv\Lib\site-packages\fastapi\middleware\asyncexitstack.py", line 18, in __call__
    await self.app(scope, receive, send)
  File "C:\Users\swaraj.gujar\Documents\FastAPI All\venv\Lib\site-packages\starlette\routing.py", line 660, in __call__
    await self.middleware_stack(scope, receive, send)
  File "C:\Users\swaraj.gujar\Documents\FastAPI All\venv\Lib\site-packages\fastapi\routing.py", line 2734, in app
    await route.handle(scope, receive, send)
  File "C:\Users\swaraj.gujar\Documents\FastAPI All\venv\Lib\site-packages\fastapi\routing.py", line 1780, in handle
    await self.original_router.handle(scope, receive, send)
  File "C:\Users\swaraj.gujar\Documents\FastAPI All\venv\Lib\site-packages\fastapi\routing.py", line 2789, in handle
    await included_router._handle_selected(scope, receive, send)
  File "C:\Users\swaraj.gujar\Documents\FastAPI All\venv\Lib\site-packages\fastapi\routing.py", line 1791, in _handle_selected
    await route.handle(scope, receive, send)
  File "C:\Users\swaraj.gujar\Documents\FastAPI All\venv\Lib\site-packages\fastapi\routing.py", line 1780, in handle
    await self.original_router.handle(scope, receive, send)
  File "C:\Users\swaraj.gujar\Documents\FastAPI All\venv\Lib\site-packages\fastapi\routing.py", line 2789, in handle
    await included_router._handle_selected(scope, receive, send)
  File "C:\Users\swaraj.gujar\Documents\FastAPI All\venv\Lib\site-packages\fastapi\routing.py", line 1800, in _handle_selected
    await original_route.handle(scope, receive, send)
  File "C:\Users\swaraj.gujar\Documents\FastAPI All\venv\Lib\site-packages\fastapi\routing.py", line 1279, in handle
    await app(scope, receive, send)
  File "C:\Users\swaraj.gujar\Documents\FastAPI All\venv\Lib\site-packages\fastapi\routing.py", line 158, in app
    await wrap_app_handling_exceptions(app, request)(scope, receive, send)
  File "C:\Users\swaraj.gujar\Documents\FastAPI All\venv\Lib\site-packages\starlette\_exception_handler.py", line 53, in wrapped_app
    raise exc
  File "C:\Users\swaraj.gujar\Documents\FastAPI All\venv\Lib\site-packages\starlette\_exception_handler.py", line 42, in wrapped_app
    await app(scope, receive, sender)
  File "C:\Users\swaraj.gujar\Documents\FastAPI All\venv\Lib\site-packages\fastapi\routing.py", line 144, in app
    response = await f(request)
               ^^^^^^^^^^^^^^^^
  File "C:\Users\swaraj.gujar\Documents\FastAPI All\venv\Lib\site-packages\fastapi\routing.py", line 481, in app
    solved_result = await solve_dependencies(
                    ^^^^^^^^^^^^^^^^^^^^^^^^^
    ...<6 lines>...
    )
    ^
  File "C:\Users\swaraj.gujar\Documents\FastAPI All\venv\Lib\site-packages\fastapi\dependencies\utils.py", line 674, in solve_dependencies
    solved = await call(**solved_result.values)
             ^^^^^^^^^^^^^^^^^^^^^^^^^^^^^^^^^^
  File "C:\Users\swaraj.gujar\Documents\FastAPI All\app\core\rate_limiting.py", line 40, in check_rate_limit
    count = await redis_client.incr(key)
            ^^^^^^^^^^^^^^^^^^^^^^^^^^^^
  File "C:\Users\swaraj.gujar\Documents\FastAPI All\venv\Lib\site-packages\redis\asyncio\client.py", line 929, in execute_command
    conn = self.connection or await pool.get_connection()
                              ^^^^^^^^^^^^^^^^^^^^^^^^^^^
  File "C:\Users\swaraj.gujar\Documents\FastAPI All\venv\Lib\site-packages\redis\utils.py", line 249, in async_wrapper
    return await func(*args, **kwargs)
           ^^^^^^^^^^^^^^^^^^^^^^^^^^^
  File "C:\Users\swaraj.gujar\Documents\FastAPI All\venv\Lib\site-packages\redis\asyncio\connection.py", line 2824, in get_connection
    await self.ensure_connection(connection)
  File "C:\Users\swaraj.gujar\Documents\FastAPI All\venv\Lib\site-packages\redis\asyncio\connection.py", line 2865, in ensure_connection
    await connection.connect()
  File "C:\Users\swaraj.gujar\Documents\FastAPI All\venv\Lib\site-packages\redis\asyncio\connection.py", line 819, in connect
    await self.retry.call_with_retry(
    ...<7 lines>...
    )
  File "C:\Users\swaraj.gujar\Documents\FastAPI All\venv\Lib\site-packages\redis\asyncio\retry.py", line 81, in call_with_retry
    raise error
  File "C:\Users\swaraj.gujar\Documents\FastAPI All\venv\Lib\site-packages\redis\asyncio\retry.py", line 69, in call_with_retry
    return await do()
           ^^^^^^^^^^
  File "C:\Users\swaraj.gujar\Documents\FastAPI All\venv\Lib\site-packages\redis\asyncio\connection.py", line 876, in connect_check_health
    raise e
redis.exceptions.ConnectionError: Error Multiple exceptions: [Errno 10061] Connect call failed ('::1', 6378, 0, 0), [Errno 10061] Connect call failed ('127.0.0.1', 6378) connecting to localhost:6378.
2026-08-20 13:18:37 | INFO | fastapi_app | Application Started
2026-08-20 13:18:41 | ERROR | fastapi_app | Unhandled error: Error Multiple exceptions: [Errno 10061] Connect call failed ('::1', 6378, 0, 0), [Errno 10061] Connect call failed ('127.0.0.1', 6378) connecting to localhost:6378.
Traceback (most recent call last):
  File "C:\Users\swaraj.gujar\Documents\FastAPI All\venv\Lib\site-packages\redis\asyncio\connection.py", line 850, in connect_check_health
    await self._connect()
  File "C:\Users\swaraj.gujar\Documents\FastAPI All\venv\Lib\site-packages\redis\asyncio\connection.py", line 1487, in _connect
    reader, writer = await asyncio.open_connection(
                     ^^^^^^^^^^^^^^^^^^^^^^^^^^^^^^
        **self._connection_arguments()
        ^^^^^^^^^^^^^^^^^^^^^^^^^^^^^^
    )
    ^
  File "C:\Program Files\WindowsApps\PythonSoftwareFoundation.Python.3.13_3.13.3824.0_x64__qbz5n2kfra8p0\Lib\asyncio\streams.py", line 48, in open_connection
    transport, _ = await loop.create_connection(
                   ^^^^^^^^^^^^^^^^^^^^^^^^^^^^^
        lambda: protocol, host, port, **kwds)
        ^^^^^^^^^^^^^^^^^^^^^^^^^^^^^^^^^^^^^
  File "C:\Program Files\WindowsApps\PythonSoftwareFoundation.Python.3.13_3.13.3824.0_x64__qbz5n2kfra8p0\Lib\asyncio\base_events.py", line 1179, in create_connection
    raise OSError('Multiple exceptions: {}'.format(
        ', '.join(str(exc) for exc in exceptions)))
OSError: Multiple exceptions: [Errno 10061] Connect call failed ('::1', 6378, 0, 0), [Errno 10061] Connect call failed ('127.0.0.1', 6378)

The above exception was the direct cause of the following exception:

Traceback (most recent call last):
  File "C:\Users\swaraj.gujar\Documents\FastAPI All\venv\Lib\site-packages\starlette\middleware\errors.py", line 164, in __call__
    await self.app(scope, receive, _send)
  File "C:\Users\swaraj.gujar\Documents\FastAPI All\venv\Lib\site-packages\starlette\middleware\cors.py", line 88, in __call__
    await self.app(scope, receive, send)
  File "C:\Users\swaraj.gujar\Documents\FastAPI All\venv\Lib\site-packages\starlette\middleware\base.py", line 193, in __call__
    response = await self.dispatch_func(request, call_next)
               ^^^^^^^^^^^^^^^^^^^^^^^^^^^^^^^^^^^^^^^^^^^^
  File "C:\Users\swaraj.gujar\Documents\FastAPI All\app\middleware\request_logging.py", line 13, in dispatch
    response = await call_next(request)
               ^^^^^^^^^^^^^^^^^^^^^^^^
  File "C:\Users\swaraj.gujar\Documents\FastAPI All\venv\Lib\site-packages\starlette\middleware\base.py", line 168, in call_next
    raise app_exc from app_exc.__cause__ or app_exc.__context__
  File "C:\Users\swaraj.gujar\Documents\FastAPI All\venv\Lib\site-packages\starlette\middleware\base.py", line 144, in coro
    await self.app(scope, receive_or_disconnect, send_no_error)
  File "C:\Users\swaraj.gujar\Documents\FastAPI All\venv\Lib\site-packages\starlette\middleware\exceptions.py", line 63, in __call__
    await wrap_app_handling_exceptions(self.app, conn)(scope, receive, send)
  File "C:\Users\swaraj.gujar\Documents\FastAPI All\venv\Lib\site-packages\starlette\_exception_handler.py", line 53, in wrapped_app
    raise exc
  File "C:\Users\swaraj.gujar\Documents\FastAPI All\venv\Lib\site-packages\starlette\_exception_handler.py", line 42, in wrapped_app
    await app(scope, receive, sender)
  File "C:\Users\swaraj.gujar\Documents\FastAPI All\venv\Lib\site-packages\fastapi\middleware\asyncexitstack.py", line 18, in __call__
    await self.app(scope, receive, send)
  File "C:\Users\swaraj.gujar\Documents\FastAPI All\venv\Lib\site-packages\starlette\routing.py", line 660, in __call__
    await self.middleware_stack(scope, receive, send)
  File "C:\Users\swaraj.gujar\Documents\FastAPI All\venv\Lib\site-packages\fastapi\routing.py", line 2734, in app
    await route.handle(scope, receive, send)
  File "C:\Users\swaraj.gujar\Documents\FastAPI All\venv\Lib\site-packages\fastapi\routing.py", line 1780, in handle
    await self.original_router.handle(scope, receive, send)
  File "C:\Users\swaraj.gujar\Documents\FastAPI All\venv\Lib\site-packages\fastapi\routing.py", line 2789, in handle
    await included_router._handle_selected(scope, receive, send)
  File "C:\Users\swaraj.gujar\Documents\FastAPI All\venv\Lib\site-packages\fastapi\routing.py", line 1791, in _handle_selected
    await route.handle(scope, receive, send)
  File "C:\Users\swaraj.gujar\Documents\FastAPI All\venv\Lib\site-packages\fastapi\routing.py", line 1780, in handle
    await self.original_router.handle(scope, receive, send)
  File "C:\Users\swaraj.gujar\Documents\FastAPI All\venv\Lib\site-packages\fastapi\routing.py", line 2789, in handle
    await included_router._handle_selected(scope, receive, send)
  File "C:\Users\swaraj.gujar\Documents\FastAPI All\venv\Lib\site-packages\fastapi\routing.py", line 1800, in _handle_selected
    await original_route.handle(scope, receive, send)
  File "C:\Users\swaraj.gujar\Documents\FastAPI All\venv\Lib\site-packages\fastapi\routing.py", line 1279, in handle
    await app(scope, receive, send)
  File "C:\Users\swaraj.gujar\Documents\FastAPI All\venv\Lib\site-packages\fastapi\routing.py", line 158, in app
    await wrap_app_handling_exceptions(app, request)(scope, receive, send)
  File "C:\Users\swaraj.gujar\Documents\FastAPI All\venv\Lib\site-packages\starlette\_exception_handler.py", line 53, in wrapped_app
    raise exc
  File "C:\Users\swaraj.gujar\Documents\FastAPI All\venv\Lib\site-packages\starlette\_exception_handler.py", line 42, in wrapped_app
    await app(scope, receive, sender)
  File "C:\Users\swaraj.gujar\Documents\FastAPI All\venv\Lib\site-packages\fastapi\routing.py", line 144, in app
    response = await f(request)
               ^^^^^^^^^^^^^^^^
  File "C:\Users\swaraj.gujar\Documents\FastAPI All\venv\Lib\site-packages\fastapi\routing.py", line 481, in app
    solved_result = await solve_dependencies(
                    ^^^^^^^^^^^^^^^^^^^^^^^^^
    ...<6 lines>...
    )
    ^
  File "C:\Users\swaraj.gujar\Documents\FastAPI All\venv\Lib\site-packages\fastapi\dependencies\utils.py", line 674, in solve_dependencies
    solved = await call(**solved_result.values)
             ^^^^^^^^^^^^^^^^^^^^^^^^^^^^^^^^^^
  File "C:\Users\swaraj.gujar\Documents\FastAPI All\app\core\rate_limiting.py", line 40, in check_rate_limit
    count = await redis_client.incr(key)
            ^^^^^^^^^^^^^^^^^^^^^^^^^^^^
  File "C:\Users\swaraj.gujar\Documents\FastAPI All\venv\Lib\site-packages\redis\asyncio\client.py", line 929, in execute_command
    conn = self.connection or await pool.get_connection()
                              ^^^^^^^^^^^^^^^^^^^^^^^^^^^
  File "C:\Users\swaraj.gujar\Documents\FastAPI All\venv\Lib\site-packages\redis\utils.py", line 249, in async_wrapper
    return await func(*args, **kwargs)
           ^^^^^^^^^^^^^^^^^^^^^^^^^^^
  File "C:\Users\swaraj.gujar\Documents\FastAPI All\venv\Lib\site-packages\redis\asyncio\connection.py", line 2824, in get_connection
    await self.ensure_connection(connection)
  File "C:\Users\swaraj.gujar\Documents\FastAPI All\venv\Lib\site-packages\redis\asyncio\connection.py", line 2865, in ensure_connection
    await connection.connect()
  File "C:\Users\swaraj.gujar\Documents\FastAPI All\venv\Lib\site-packages\redis\asyncio\connection.py", line 819, in connect
    await self.retry.call_with_retry(
    ...<7 lines>...
    )
  File "C:\Users\swaraj.gujar\Documents\FastAPI All\venv\Lib\site-packages\redis\asyncio\retry.py", line 81, in call_with_retry
    raise error
  File "C:\Users\swaraj.gujar\Documents\FastAPI All\venv\Lib\site-packages\redis\asyncio\retry.py", line 69, in call_with_retry
    return await do()
           ^^^^^^^^^^
  File "C:\Users\swaraj.gujar\Documents\FastAPI All\venv\Lib\site-packages\redis\asyncio\connection.py", line 876, in connect_check_health
    raise e
redis.exceptions.ConnectionError: Error Multiple exceptions: [Errno 10061] Connect call failed ('::1', 6378, 0, 0), [Errno 10061] Connect call failed ('127.0.0.1', 6378) connecting to localhost:6378.
2026-08-20 13:18:56 | INFO | fastapi_app | Application Started
2026-08-20 13:18:56 | ERROR | fastapi_app | Unhandled error: Connection closed by server.
Traceback (most recent call last):
  File "C:\Users\swaraj.gujar\Documents\FastAPI All\venv\Lib\site-packages\starlette\middleware\errors.py", line 164, in __call__
    await self.app(scope, receive, _send)
  File "C:\Users\swaraj.gujar\Documents\FastAPI All\venv\Lib\site-packages\starlette\middleware\cors.py", line 88, in __call__
    await self.app(scope, receive, send)
  File "C:\Users\swaraj.gujar\Documents\FastAPI All\venv\Lib\site-packages\starlette\middleware\base.py", line 193, in __call__
    response = await self.dispatch_func(request, call_next)
               ^^^^^^^^^^^^^^^^^^^^^^^^^^^^^^^^^^^^^^^^^^^^
  File "C:\Users\swaraj.gujar\Documents\FastAPI All\app\middleware\request_logging.py", line 13, in dispatch
    response = await call_next(request)
               ^^^^^^^^^^^^^^^^^^^^^^^^
  File "C:\Users\swaraj.gujar\Documents\FastAPI All\venv\Lib\site-packages\starlette\middleware\base.py", line 168, in call_next
    raise app_exc from app_exc.__cause__ or app_exc.__context__
  File "C:\Users\swaraj.gujar\Documents\FastAPI All\venv\Lib\site-packages\starlette\middleware\base.py", line 144, in coro
    await self.app(scope, receive_or_disconnect, send_no_error)
  File "C:\Users\swaraj.gujar\Documents\FastAPI All\venv\Lib\site-packages\starlette\middleware\exceptions.py", line 63, in __call__
    await wrap_app_handling_exceptions(self.app, conn)(scope, receive, send)
  File "C:\Users\swaraj.gujar\Documents\FastAPI All\venv\Lib\site-packages\starlette\_exception_handler.py", line 53, in wrapped_app
    raise exc
  File "C:\Users\swaraj.gujar\Documents\FastAPI All\venv\Lib\site-packages\starlette\_exception_handler.py", line 42, in wrapped_app
    await app(scope, receive, sender)
  File "C:\Users\swaraj.gujar\Documents\FastAPI All\venv\Lib\site-packages\fastapi\middleware\asyncexitstack.py", line 18, in __call__
    await self.app(scope, receive, send)
  File "C:\Users\swaraj.gujar\Documents\FastAPI All\venv\Lib\site-packages\starlette\routing.py", line 660, in __call__
    await self.middleware_stack(scope, receive, send)
  File "C:\Users\swaraj.gujar\Documents\FastAPI All\venv\Lib\site-packages\fastapi\routing.py", line 2734, in app
    await route.handle(scope, receive, send)
  File "C:\Users\swaraj.gujar\Documents\FastAPI All\venv\Lib\site-packages\fastapi\routing.py", line 1780, in handle
    await self.original_router.handle(scope, receive, send)
  File "C:\Users\swaraj.gujar\Documents\FastAPI All\venv\Lib\site-packages\fastapi\routing.py", line 2789, in handle
    await included_router._handle_selected(scope, receive, send)
  File "C:\Users\swaraj.gujar\Documents\FastAPI All\venv\Lib\site-packages\fastapi\routing.py", line 1791, in _handle_selected
    await route.handle(scope, receive, send)
  File "C:\Users\swaraj.gujar\Documents\FastAPI All\venv\Lib\site-packages\fastapi\routing.py", line 1780, in handle
    await self.original_router.handle(scope, receive, send)
  File "C:\Users\swaraj.gujar\Documents\FastAPI All\venv\Lib\site-packages\fastapi\routing.py", line 2789, in handle
    await included_router._handle_selected(scope, receive, send)
  File "C:\Users\swaraj.gujar\Documents\FastAPI All\venv\Lib\site-packages\fastapi\routing.py", line 1800, in _handle_selected
    await original_route.handle(scope, receive, send)
  File "C:\Users\swaraj.gujar\Documents\FastAPI All\venv\Lib\site-packages\fastapi\routing.py", line 1279, in handle
    await app(scope, receive, send)
  File "C:\Users\swaraj.gujar\Documents\FastAPI All\venv\Lib\site-packages\fastapi\routing.py", line 158, in app
    await wrap_app_handling_exceptions(app, request)(scope, receive, send)
  File "C:\Users\swaraj.gujar\Documents\FastAPI All\venv\Lib\site-packages\starlette\_exception_handler.py", line 53, in wrapped_app
    raise exc
  File "C:\Users\swaraj.gujar\Documents\FastAPI All\venv\Lib\site-packages\starlette\_exception_handler.py", line 42, in wrapped_app
    await app(scope, receive, sender)
  File "C:\Users\swaraj.gujar\Documents\FastAPI All\venv\Lib\site-packages\fastapi\routing.py", line 144, in app
    response = await f(request)
               ^^^^^^^^^^^^^^^^
  File "C:\Users\swaraj.gujar\Documents\FastAPI All\venv\Lib\site-packages\fastapi\routing.py", line 481, in app
    solved_result = await solve_dependencies(
                    ^^^^^^^^^^^^^^^^^^^^^^^^^
    ...<6 lines>...
    )
    ^
  File "C:\Users\swaraj.gujar\Documents\FastAPI All\venv\Lib\site-packages\fastapi\dependencies\utils.py", line 674, in solve_dependencies
    solved = await call(**solved_result.values)
             ^^^^^^^^^^^^^^^^^^^^^^^^^^^^^^^^^^
  File "C:\Users\swaraj.gujar\Documents\FastAPI All\app\core\rate_limiting.py", line 40, in check_rate_limit
    count = await redis_client.incr(key)
            ^^^^^^^^^^^^^^^^^^^^^^^^^^^^
  File "C:\Users\swaraj.gujar\Documents\FastAPI All\venv\Lib\site-packages\redis\asyncio\client.py", line 929, in execute_command
    conn = self.connection or await pool.get_connection()
                              ^^^^^^^^^^^^^^^^^^^^^^^^^^^
  File "C:\Users\swaraj.gujar\Documents\FastAPI All\venv\Lib\site-packages\redis\utils.py", line 249, in async_wrapper
    return await func(*args, **kwargs)
           ^^^^^^^^^^^^^^^^^^^^^^^^^^^
  File "C:\Users\swaraj.gujar\Documents\FastAPI All\venv\Lib\site-packages\redis\asyncio\connection.py", line 2824, in get_connection
    await self.ensure_connection(connection)
  File "C:\Users\swaraj.gujar\Documents\FastAPI All\venv\Lib\site-packages\redis\asyncio\connection.py", line 2865, in ensure_connection
    await connection.connect()
  File "C:\Users\swaraj.gujar\Documents\FastAPI All\venv\Lib\site-packages\redis\asyncio\connection.py", line 819, in connect
    await self.retry.call_with_retry(
    ...<7 lines>...
    )
  File "C:\Users\swaraj.gujar\Documents\FastAPI All\venv\Lib\site-packages\redis\asyncio\retry.py", line 81, in call_with_retry
    raise error
  File "C:\Users\swaraj.gujar\Documents\FastAPI All\venv\Lib\site-packages\redis\asyncio\retry.py", line 69, in call_with_retry
    return await do()
           ^^^^^^^^^^
  File "C:\Users\swaraj.gujar\Documents\FastAPI All\venv\Lib\site-packages\redis\asyncio\connection.py", line 883, in connect_check_health
    await self.on_connect_check_health(check_health=check_health)
  File "C:\Users\swaraj.gujar\Documents\FastAPI All\venv\Lib\site-packages\redis\asyncio\connection.py", line 1003, in on_connect_check_health
    response = await self.read_response()
               ^^^^^^^^^^^^^^^^^^^^^^^^^^
  File "C:\Users\swaraj.gujar\Documents\FastAPI All\venv\Lib\site-packages\redis\asyncio\connection.py", line 1286, in read_response
    response = await self._read_response_from_parser(
               ^^^^^^^^^^^^^^^^^^^^^^^^^^^^^^^^^^^^^^
    ...<2 lines>...
    )
    ^
  File "C:\Users\swaraj.gujar\Documents\FastAPI All\venv\Lib\site-packages\redis\asyncio\connection.py", line 1335, in _read_response_from_parser
    return await self._parser.read_response(
           ^^^^^^^^^^^^^^^^^^^^^^^^^^^^^^^^^
        disable_decoding=disable_decoding, push_request=push_request
        ^^^^^^^^^^^^^^^^^^^^^^^^^^^^^^^^^^^^^^^^^^^^^^^^^^^^^^^^^^^^
    )
    ^
  File "C:\Users\swaraj.gujar\Documents\FastAPI All\venv\Lib\site-packages\redis\_parsers\resp3.py", line 185, in read_response
    response = await self._read_response(
               ^^^^^^^^^^^^^^^^^^^^^^^^^^
        disable_decoding=disable_decoding, push_request=push_request
        ^^^^^^^^^^^^^^^^^^^^^^^^^^^^^^^^^^^^^^^^^^^^^^^^^^^^^^^^^^^^
    )
    ^
  File "C:\Users\swaraj.gujar\Documents\FastAPI All\venv\Lib\site-packages\redis\_parsers\resp3.py", line 197, in _read_response
    raw = await self._readline()
          ^^^^^^^^^^^^^^^^^^^^^^
  File "C:\Users\swaraj.gujar\Documents\FastAPI All\venv\Lib\site-packages\redis\_parsers\base.py", line 589, in _readline
    raise ConnectionError(SERVER_CLOSED_CONNECTION_ERROR)
redis.exceptions.ConnectionError: Connection closed by server.
2026-08-20 13:18:57 | ERROR | fastapi_app | Unhandled error: Connection closed by server.
Traceback (most recent call last):
  File "C:\Users\swaraj.gujar\Documents\FastAPI All\venv\Lib\site-packages\starlette\middleware\errors.py", line 164, in __call__
    await self.app(scope, receive, _send)
  File "C:\Users\swaraj.gujar\Documents\FastAPI All\venv\Lib\site-packages\starlette\middleware\cors.py", line 88, in __call__
    await self.app(scope, receive, send)
  File "C:\Users\swaraj.gujar\Documents\FastAPI All\venv\Lib\site-packages\starlette\middleware\base.py", line 193, in __call__
    response = await self.dispatch_func(request, call_next)
               ^^^^^^^^^^^^^^^^^^^^^^^^^^^^^^^^^^^^^^^^^^^^
  File "C:\Users\swaraj.gujar\Documents\FastAPI All\app\middleware\request_logging.py", line 13, in dispatch
    response = await call_next(request)
               ^^^^^^^^^^^^^^^^^^^^^^^^
  File "C:\Users\swaraj.gujar\Documents\FastAPI All\venv\Lib\site-packages\starlette\middleware\base.py", line 168, in call_next
    raise app_exc from app_exc.__cause__ or app_exc.__context__
  File "C:\Users\swaraj.gujar\Documents\FastAPI All\venv\Lib\site-packages\starlette\middleware\base.py", line 144, in coro
    await self.app(scope, receive_or_disconnect, send_no_error)
  File "C:\Users\swaraj.gujar\Documents\FastAPI All\venv\Lib\site-packages\starlette\middleware\exceptions.py", line 63, in __call__
    await wrap_app_handling_exceptions(self.app, conn)(scope, receive, send)
  File "C:\Users\swaraj.gujar\Documents\FastAPI All\venv\Lib\site-packages\starlette\_exception_handler.py", line 53, in wrapped_app
    raise exc
  File "C:\Users\swaraj.gujar\Documents\FastAPI All\venv\Lib\site-packages\starlette\_exception_handler.py", line 42, in wrapped_app
    await app(scope, receive, sender)
  File "C:\Users\swaraj.gujar\Documents\FastAPI All\venv\Lib\site-packages\fastapi\middleware\asyncexitstack.py", line 18, in __call__
    await self.app(scope, receive, send)
  File "C:\Users\swaraj.gujar\Documents\FastAPI All\venv\Lib\site-packages\starlette\routing.py", line 660, in __call__
    await self.middleware_stack(scope, receive, send)
  File "C:\Users\swaraj.gujar\Documents\FastAPI All\venv\Lib\site-packages\fastapi\routing.py", line 2734, in app
    await route.handle(scope, receive, send)
  File "C:\Users\swaraj.gujar\Documents\FastAPI All\venv\Lib\site-packages\fastapi\routing.py", line 1780, in handle
    await self.original_router.handle(scope, receive, send)
  File "C:\Users\swaraj.gujar\Documents\FastAPI All\venv\Lib\site-packages\fastapi\routing.py", line 2789, in handle
    await included_router._handle_selected(scope, receive, send)
  File "C:\Users\swaraj.gujar\Documents\FastAPI All\venv\Lib\site-packages\fastapi\routing.py", line 1791, in _handle_selected
    await route.handle(scope, receive, send)
  File "C:\Users\swaraj.gujar\Documents\FastAPI All\venv\Lib\site-packages\fastapi\routing.py", line 1780, in handle
    await self.original_router.handle(scope, receive, send)
  File "C:\Users\swaraj.gujar\Documents\FastAPI All\venv\Lib\site-packages\fastapi\routing.py", line 2789, in handle
    await included_router._handle_selected(scope, receive, send)
  File "C:\Users\swaraj.gujar\Documents\FastAPI All\venv\Lib\site-packages\fastapi\routing.py", line 1800, in _handle_selected
    await original_route.handle(scope, receive, send)
  File "C:\Users\swaraj.gujar\Documents\FastAPI All\venv\Lib\site-packages\fastapi\routing.py", line 1279, in handle
    await app(scope, receive, send)
  File "C:\Users\swaraj.gujar\Documents\FastAPI All\venv\Lib\site-packages\fastapi\routing.py", line 158, in app
    await wrap_app_handling_exceptions(app, request)(scope, receive, send)
  File "C:\Users\swaraj.gujar\Documents\FastAPI All\venv\Lib\site-packages\starlette\_exception_handler.py", line 53, in wrapped_app
    raise exc
  File "C:\Users\swaraj.gujar\Documents\FastAPI All\venv\Lib\site-packages\starlette\_exception_handler.py", line 42, in wrapped_app
    await app(scope, receive, sender)
  File "C:\Users\swaraj.gujar\Documents\FastAPI All\venv\Lib\site-packages\fastapi\routing.py", line 144, in app
    response = await f(request)
               ^^^^^^^^^^^^^^^^
  File "C:\Users\swaraj.gujar\Documents\FastAPI All\venv\Lib\site-packages\fastapi\routing.py", line 481, in app
    solved_result = await solve_dependencies(
                    ^^^^^^^^^^^^^^^^^^^^^^^^^
    ...<6 lines>...
    )
    ^
  File "C:\Users\swaraj.gujar\Documents\FastAPI All\venv\Lib\site-packages\fastapi\dependencies\utils.py", line 674, in solve_dependencies
    solved = await call(**solved_result.values)
             ^^^^^^^^^^^^^^^^^^^^^^^^^^^^^^^^^^
  File "C:\Users\swaraj.gujar\Documents\FastAPI All\app\core\rate_limiting.py", line 40, in check_rate_limit
    count = await redis_client.incr(key)
            ^^^^^^^^^^^^^^^^^^^^^^^^^^^^
  File "C:\Users\swaraj.gujar\Documents\FastAPI All\venv\Lib\site-packages\redis\asyncio\client.py", line 929, in execute_command
    conn = self.connection or await pool.get_connection()
                              ^^^^^^^^^^^^^^^^^^^^^^^^^^^
  File "C:\Users\swaraj.gujar\Documents\FastAPI All\venv\Lib\site-packages\redis\utils.py", line 249, in async_wrapper
    return await func(*args, **kwargs)
           ^^^^^^^^^^^^^^^^^^^^^^^^^^^
  File "C:\Users\swaraj.gujar\Documents\FastAPI All\venv\Lib\site-packages\redis\asyncio\connection.py", line 2824, in get_connection
    await self.ensure_connection(connection)
  File "C:\Users\swaraj.gujar\Documents\FastAPI All\venv\Lib\site-packages\redis\asyncio\connection.py", line 2865, in ensure_connection
    await connection.connect()
  File "C:\Users\swaraj.gujar\Documents\FastAPI All\venv\Lib\site-packages\redis\asyncio\connection.py", line 819, in connect
    await self.retry.call_with_retry(
    ...<7 lines>...
    )
  File "C:\Users\swaraj.gujar\Documents\FastAPI All\venv\Lib\site-packages\redis\asyncio\retry.py", line 81, in call_with_retry
    raise error
  File "C:\Users\swaraj.gujar\Documents\FastAPI All\venv\Lib\site-packages\redis\asyncio\retry.py", line 69, in call_with_retry
    return await do()
           ^^^^^^^^^^
  File "C:\Users\swaraj.gujar\Documents\FastAPI All\venv\Lib\site-packages\redis\asyncio\connection.py", line 883, in connect_check_health
    await self.on_connect_check_health(check_health=check_health)
  File "C:\Users\swaraj.gujar\Documents\FastAPI All\venv\Lib\site-packages\redis\asyncio\connection.py", line 1003, in on_connect_check_health
    response = await self.read_response()
               ^^^^^^^^^^^^^^^^^^^^^^^^^^
  File "C:\Users\swaraj.gujar\Documents\FastAPI All\venv\Lib\site-packages\redis\asyncio\connection.py", line 1286, in read_response
    response = await self._read_response_from_parser(
               ^^^^^^^^^^^^^^^^^^^^^^^^^^^^^^^^^^^^^^
    ...<2 lines>...
    )
    ^
  File "C:\Users\swaraj.gujar\Documents\FastAPI All\venv\Lib\site-packages\redis\asyncio\connection.py", line 1335, in _read_response_from_parser
    return await self._parser.read_response(
           ^^^^^^^^^^^^^^^^^^^^^^^^^^^^^^^^^
        disable_decoding=disable_decoding, push_request=push_request
        ^^^^^^^^^^^^^^^^^^^^^^^^^^^^^^^^^^^^^^^^^^^^^^^^^^^^^^^^^^^^
    )
    ^
  File "C:\Users\swaraj.gujar\Documents\FastAPI All\venv\Lib\site-packages\redis\_parsers\resp3.py", line 185, in read_response
    response = await self._read_response(
               ^^^^^^^^^^^^^^^^^^^^^^^^^^
        disable_decoding=disable_decoding, push_request=push_request
        ^^^^^^^^^^^^^^^^^^^^^^^^^^^^^^^^^^^^^^^^^^^^^^^^^^^^^^^^^^^^
    )
    ^
  File "C:\Users\swaraj.gujar\Documents\FastAPI All\venv\Lib\site-packages\redis\_parsers\resp3.py", line 197, in _read_response
    raw = await self._readline()
          ^^^^^^^^^^^^^^^^^^^^^^
  File "C:\Users\swaraj.gujar\Documents\FastAPI All\venv\Lib\site-packages\redis\_parsers\base.py", line 589, in _readline
    raise ConnectionError(SERVER_CLOSED_CONNECTION_ERROR)
redis.exceptions.ConnectionError: Connection closed by server.
2026-08-20 13:18:58 | ERROR | fastapi_app | Unhandled error: Connection closed by server.
Traceback (most recent call last):
  File "C:\Users\swaraj.gujar\Documents\FastAPI All\venv\Lib\site-packages\starlette\middleware\errors.py", line 164, in __call__
    await self.app(scope, receive, _send)
  File "C:\Users\swaraj.gujar\Documents\FastAPI All\venv\Lib\site-packages\starlette\middleware\cors.py", line 88, in __call__
    await self.app(scope, receive, send)
  File "C:\Users\swaraj.gujar\Documents\FastAPI All\venv\Lib\site-packages\starlette\middleware\base.py", line 193, in __call__
    response = await self.dispatch_func(request, call_next)
               ^^^^^^^^^^^^^^^^^^^^^^^^^^^^^^^^^^^^^^^^^^^^
  File "C:\Users\swaraj.gujar\Documents\FastAPI All\app\middleware\request_logging.py", line 13, in dispatch
    response = await call_next(request)
               ^^^^^^^^^^^^^^^^^^^^^^^^
  File "C:\Users\swaraj.gujar\Documents\FastAPI All\venv\Lib\site-packages\starlette\middleware\base.py", line 168, in call_next
    raise app_exc from app_exc.__cause__ or app_exc.__context__
  File "C:\Users\swaraj.gujar\Documents\FastAPI All\venv\Lib\site-packages\starlette\middleware\base.py", line 144, in coro
    await self.app(scope, receive_or_disconnect, send_no_error)
  File "C:\Users\swaraj.gujar\Documents\FastAPI All\venv\Lib\site-packages\starlette\middleware\exceptions.py", line 63, in __call__
    await wrap_app_handling_exceptions(self.app, conn)(scope, receive, send)
  File "C:\Users\swaraj.gujar\Documents\FastAPI All\venv\Lib\site-packages\starlette\_exception_handler.py", line 53, in wrapped_app
    raise exc
  File "C:\Users\swaraj.gujar\Documents\FastAPI All\venv\Lib\site-packages\starlette\_exception_handler.py", line 42, in wrapped_app
    await app(scope, receive, sender)
  File "C:\Users\swaraj.gujar\Documents\FastAPI All\venv\Lib\site-packages\fastapi\middleware\asyncexitstack.py", line 18, in __call__
    await self.app(scope, receive, send)
  File "C:\Users\swaraj.gujar\Documents\FastAPI All\venv\Lib\site-packages\starlette\routing.py", line 660, in __call__
    await self.middleware_stack(scope, receive, send)
  File "C:\Users\swaraj.gujar\Documents\FastAPI All\venv\Lib\site-packages\fastapi\routing.py", line 2734, in app
    await route.handle(scope, receive, send)
  File "C:\Users\swaraj.gujar\Documents\FastAPI All\venv\Lib\site-packages\fastapi\routing.py", line 1780, in handle
    await self.original_router.handle(scope, receive, send)
  File "C:\Users\swaraj.gujar\Documents\FastAPI All\venv\Lib\site-packages\fastapi\routing.py", line 2789, in handle
    await included_router._handle_selected(scope, receive, send)
  File "C:\Users\swaraj.gujar\Documents\FastAPI All\venv\Lib\site-packages\fastapi\routing.py", line 1791, in _handle_selected
    await route.handle(scope, receive, send)
  File "C:\Users\swaraj.gujar\Documents\FastAPI All\venv\Lib\site-packages\fastapi\routing.py", line 1780, in handle
    await self.original_router.handle(scope, receive, send)
  File "C:\Users\swaraj.gujar\Documents\FastAPI All\venv\Lib\site-packages\fastapi\routing.py", line 2789, in handle
    await included_router._handle_selected(scope, receive, send)
  File "C:\Users\swaraj.gujar\Documents\FastAPI All\venv\Lib\site-packages\fastapi\routing.py", line 1800, in _handle_selected
    await original_route.handle(scope, receive, send)
  File "C:\Users\swaraj.gujar\Documents\FastAPI All\venv\Lib\site-packages\fastapi\routing.py", line 1279, in handle
    await app(scope, receive, send)
  File "C:\Users\swaraj.gujar\Documents\FastAPI All\venv\Lib\site-packages\fastapi\routing.py", line 158, in app
    await wrap_app_handling_exceptions(app, request)(scope, receive, send)
  File "C:\Users\swaraj.gujar\Documents\FastAPI All\venv\Lib\site-packages\starlette\_exception_handler.py", line 53, in wrapped_app
    raise exc
  File "C:\Users\swaraj.gujar\Documents\FastAPI All\venv\Lib\site-packages\starlette\_exception_handler.py", line 42, in wrapped_app
    await app(scope, receive, sender)
  File "C:\Users\swaraj.gujar\Documents\FastAPI All\venv\Lib\site-packages\fastapi\routing.py", line 144, in app
    response = await f(request)
               ^^^^^^^^^^^^^^^^
  File "C:\Users\swaraj.gujar\Documents\FastAPI All\venv\Lib\site-packages\fastapi\routing.py", line 481, in app
    solved_result = await solve_dependencies(
                    ^^^^^^^^^^^^^^^^^^^^^^^^^
    ...<6 lines>...
    )
    ^
  File "C:\Users\swaraj.gujar\Documents\FastAPI All\venv\Lib\site-packages\fastapi\dependencies\utils.py", line 674, in solve_dependencies
    solved = await call(**solved_result.values)
             ^^^^^^^^^^^^^^^^^^^^^^^^^^^^^^^^^^
  File "C:\Users\swaraj.gujar\Documents\FastAPI All\app\core\rate_limiting.py", line 40, in check_rate_limit
    count = await redis_client.incr(key)
            ^^^^^^^^^^^^^^^^^^^^^^^^^^^^
  File "C:\Users\swaraj.gujar\Documents\FastAPI All\venv\Lib\site-packages\redis\asyncio\client.py", line 929, in execute_command
    conn = self.connection or await pool.get_connection()
                              ^^^^^^^^^^^^^^^^^^^^^^^^^^^
  File "C:\Users\swaraj.gujar\Documents\FastAPI All\venv\Lib\site-packages\redis\utils.py", line 249, in async_wrapper
    return await func(*args, **kwargs)
           ^^^^^^^^^^^^^^^^^^^^^^^^^^^
  File "C:\Users\swaraj.gujar\Documents\FastAPI All\venv\Lib\site-packages\redis\asyncio\connection.py", line 2824, in get_connection
    await self.ensure_connection(connection)
  File "C:\Users\swaraj.gujar\Documents\FastAPI All\venv\Lib\site-packages\redis\asyncio\connection.py", line 2865, in ensure_connection
    await connection.connect()
  File "C:\Users\swaraj.gujar\Documents\FastAPI All\venv\Lib\site-packages\redis\asyncio\connection.py", line 819, in connect
    await self.retry.call_with_retry(
    ...<7 lines>...
    )
  File "C:\Users\swaraj.gujar\Documents\FastAPI All\venv\Lib\site-packages\redis\asyncio\retry.py", line 81, in call_with_retry
    raise error
  File "C:\Users\swaraj.gujar\Documents\FastAPI All\venv\Lib\site-packages\redis\asyncio\retry.py", line 69, in call_with_retry
    return await do()
           ^^^^^^^^^^
  File "C:\Users\swaraj.gujar\Documents\FastAPI All\venv\Lib\site-packages\redis\asyncio\connection.py", line 883, in connect_check_health
    await self.on_connect_check_health(check_health=check_health)
  File "C:\Users\swaraj.gujar\Documents\FastAPI All\venv\Lib\site-packages\redis\asyncio\connection.py", line 1003, in on_connect_check_health
    response = await self.read_response()
               ^^^^^^^^^^^^^^^^^^^^^^^^^^
  File "C:\Users\swaraj.gujar\Documents\FastAPI All\venv\Lib\site-packages\redis\asyncio\connection.py", line 1286, in read_response
    response = await self._read_response_from_parser(
               ^^^^^^^^^^^^^^^^^^^^^^^^^^^^^^^^^^^^^^
    ...<2 lines>...
    )
    ^
  File "C:\Users\swaraj.gujar\Documents\FastAPI All\venv\Lib\site-packages\redis\asyncio\connection.py", line 1335, in _read_response_from_parser
    return await self._parser.read_response(
           ^^^^^^^^^^^^^^^^^^^^^^^^^^^^^^^^^
        disable_decoding=disable_decoding, push_request=push_request
        ^^^^^^^^^^^^^^^^^^^^^^^^^^^^^^^^^^^^^^^^^^^^^^^^^^^^^^^^^^^^
    )
    ^
  File "C:\Users\swaraj.gujar\Documents\FastAPI All\venv\Lib\site-packages\redis\_parsers\resp3.py", line 185, in read_response
    response = await self._read_response(
               ^^^^^^^^^^^^^^^^^^^^^^^^^^
        disable_decoding=disable_decoding, push_request=push_request
        ^^^^^^^^^^^^^^^^^^^^^^^^^^^^^^^^^^^^^^^^^^^^^^^^^^^^^^^^^^^^
    )
    ^
  File "C:\Users\swaraj.gujar\Documents\FastAPI All\venv\Lib\site-packages\redis\_parsers\resp3.py", line 197, in _read_response
    raw = await self._readline()
          ^^^^^^^^^^^^^^^^^^^^^^
  File "C:\Users\swaraj.gujar\Documents\FastAPI All\venv\Lib\site-packages\redis\_parsers\base.py", line 589, in _readline
    raise ConnectionError(SERVER_CLOSED_CONNECTION_ERROR)
redis.exceptions.ConnectionError: Connection closed by server.
2026-08-20 13:20:45 | INFO | fastapi_app | Application Started
2026-08-20 13:20:46 | INFO | fastapi_app | GET /products/13 -> 200 (738.73 ms)
2026-08-20 13:20:49 | INFO | fastapi_app | GET /products/13 -> 200 (17.09 ms)
2026-08-20 13:20:51 | INFO | fastapi_app | GET /products/13 -> 200 (17.11 ms)
2026-08-20 13:20:52 | INFO | fastapi_app | GET /products/13 -> 200 (29.52 ms)
2026-08-20 13:20:52 | INFO | fastapi_app | GET /products/13 -> 200 (14.48 ms)
2026-08-20 13:20:53 | INFO | fastapi_app | GET /products/13 -> 429 (21.57 ms)
2026-08-20 13:37:13 | INFO | fastapi_app | POST /auth/refresh -> 200 (69.65 ms)
2026-08-20 13:37:13 | INFO | fastapi_app | GET /user/profile -> 200 (97.18 ms)
2026-08-20 13:37:13 | INFO | fastapi_app | POST /auth/refresh -> 200 (244.86 ms)
2026-08-20 13:37:13 | INFO | fastapi_app | GET /user/dashboard -> 200 (9.87 ms)
2026-08-20 13:37:13 | INFO | fastapi_app | GET /user/profile -> 200 (14.58 ms)
2026-08-20 13:37:13 | INFO | fastapi_app | GET /user/dashboard -> 200 (6.34 ms)
2026-08-20 13:37:15 | INFO | fastapi_app | GET /products -> 200 (36.38 ms)
2026-08-20 13:37:15 | INFO | fastapi_app | GET /products -> 200 (18.70 ms)
2026-08-20 13:37:17 | INFO | fastapi_app | GET /admin/users -> 200 (18.28 ms)
2026-08-20 13:37:17 | INFO | fastapi_app | GET /admin/users -> 200 (15.38 ms)
2026-08-20 13:37:18 | INFO | fastapi_app | GET /admin/users -> 200 (18.32 ms)
2026-08-20 13:37:18 | INFO | fastapi_app | GET /admin/users -> 200 (13.07 ms)
2026-08-20 13:37:20 | INFO | fastapi_app | GET /admin/users/2 -> 200 (15.98 ms)
2026-08-20 13:37:22 | INFO | fastapi_app | GET /admin/users/4 -> 200 (14.91 ms)
2026-08-20 13:37:48 | INFO | fastapi_app | GET /admin/users/2 -> 200 (11.51 ms)
2026-08-20 13:37:49 | INFO | fastapi_app | GET /admin/users/2 -> 200 (9.96 ms)
2026-08-20 13:37:49 | INFO | fastapi_app | GET /admin/users/2 -> 200 (10.69 ms)
2026-08-20 13:37:50 | INFO | fastapi_app | GET /admin/users/2 -> 200 (10.10 ms)
2026-08-20 13:37:50 | INFO | fastapi_app | GET /admin/users/2 -> 200 (11.40 ms)
2026-08-20 13:37:50 | INFO | fastapi_app | GET /admin/users/2 -> 200 (12.05 ms)
2026-08-20 13:37:50 | INFO | fastapi_app | GET /admin/users/2 -> 200 (11.93 ms)
2026-08-20 13:37:50 | INFO | fastapi_app | GET /admin/users/2 -> 200 (10.11 ms)
2026-08-20 13:37:51 | INFO | fastapi_app | GET /admin/users/2 -> 200 (11.41 ms)
2026-08-20 13:37:51 | INFO | fastapi_app | GET /admin/users/2 -> 200 (10.95 ms)
2026-08-20 13:37:51 | INFO | fastapi_app | GET /admin/users/2 -> 200 (13.90 ms)
2026-08-20 13:37:51 | INFO | fastapi_app | GET /admin/users/2 -> 200 (19.34 ms)
2026-08-20 13:37:51 | INFO | fastapi_app | GET /admin/users/2 -> 200 (12.98 ms)
2026-08-20 13:37:51 | INFO | fastapi_app | GET /admin/users/2 -> 200 (14.06 ms)
2026-08-20 13:37:52 | INFO | fastapi_app | GET /admin/users/2 -> 200 (14.86 ms)
2026-08-20 13:37:52 | INFO | fastapi_app | GET /admin/users/2 -> 200 (12.80 ms)
2026-08-20 13:37:52 | INFO | fastapi_app | GET /admin/users/2 -> 200 (11.45 ms)
2026-08-20 13:37:52 | INFO | fastapi_app | GET /admin/users/2 -> 200 (13.40 ms)
2026-08-20 13:37:52 | INFO | fastapi_app | GET /admin/users/2 -> 200 (12.10 ms)
2026-08-20 13:37:53 | INFO | fastapi_app | GET /admin/users/2 -> 200 (11.11 ms)
2026-08-20 13:37:53 | INFO | fastapi_app | GET /admin/users/2 -> 200 (12.06 ms)
2026-08-20 13:37:53 | INFO | fastapi_app | GET /admin/users/2 -> 200 (12.92 ms)
2026-08-20 13:37:54 | INFO | fastapi_app | GET /admin/users/2 -> 200 (12.02 ms)
2026-08-20 13:37:54 | INFO | fastapi_app | GET /admin/users/2 -> 200 (10.91 ms)
2026-08-20 13:37:54 | INFO | fastapi_app | GET /admin/users/2 -> 200 (11.70 ms)
2026-08-20 13:37:55 | INFO | fastapi_app | GET /admin/users/2 -> 200 (10.13 ms)
2026-08-20 13:37:55 | INFO | fastapi_app | GET /admin/users/2 -> 200 (11.03 ms)
2026-08-20 13:37:55 | INFO | fastapi_app | GET /admin/users/2 -> 200 (10.11 ms)
2026-08-20 13:37:55 | INFO | fastapi_app | GET /admin/users/2 -> 200 (11.37 ms)
2026-08-20 13:37:55 | INFO | fastapi_app | GET /admin/users/2 -> 200 (11.97 ms)
2026-08-20 15:06:33 | INFO | fastapi_app | POST /auth/refresh -> 200 (131.13 ms)
2026-08-20 15:06:33 | INFO | fastapi_app | POST /auth/refresh -> 200 (103.44 ms)
2026-08-20 15:06:33 | INFO | fastapi_app | GET /user/profile -> 200 (16.89 ms)
2026-08-20 15:06:33 | INFO | fastapi_app | GET /user/profile -> 200 (10.03 ms)
2026-08-20 15:06:33 | INFO | fastapi_app | GET /admin/users -> 200 (22.77 ms)
2026-08-20 15:06:33 | INFO | fastapi_app | GET /admin/users -> 200 (26.42 ms)
2026-08-20 15:58:24 | INFO | fastapi_app | POST /auth/refresh -> 200 (47.13 ms)
2026-08-20 15:58:24 | INFO | fastapi_app | POST /auth/refresh -> 200 (49.19 ms)
2026-08-20 15:58:24 | INFO | fastapi_app | GET /products -> 200 (83.81 ms)
2026-08-20 15:58:24 | INFO | fastapi_app | GET /products -> 200 (16.03 ms)
2026-08-20 15:58:25 | INFO | fastapi_app | GET /user/dashboard -> 200 (11.41 ms)
2026-08-20 15:58:25 | INFO | fastapi_app | GET /user/dashboard -> 200 (7.78 ms)
2026-08-20 15:58:37 | INFO | fastapi_app | GET /products -> 200 (15.92 ms)
2026-08-20 15:58:37 | INFO | fastapi_app | GET /products -> 200 (39.82 ms)
2026-08-20 15:58:48 | INFO | fastapi_app | GET /products -> 401 (9.03 ms)
2026-08-20 15:58:48 | INFO | fastapi_app | GET /favicon.ico -> 404 (178.81 ms)
2026-08-20 16:15:24 | INFO | fastapi_app | GET /products -> 401 (3.62 ms)
2026-08-20 16:46:28 | INFO | fastapi_app | Application Started
2026-08-20 16:47:38 | INFO | fastapi_app | Application Started
2026-08-20 16:47:53 | INFO | fastapi_app | POST /auth/refresh -> 200 (285.40 ms)
2026-08-20 16:49:03 | INFO | fastapi_app | GET /files/upload -> 405 (44.31 ms)
2026-08-20 16:49:09 | INFO | fastapi_app | POST /files/upload -> 200 (15.85 ms)
2026-08-20 16:50:06 | INFO | fastapi_app | Application Started
2026-08-20 16:50:12 | INFO | fastapi_app | Application Started
2026-08-20 16:50:13 | INFO | fastapi_app | POST /files/upload -> 200 (71.50 ms)
2026-08-20 16:52:43 | INFO | fastapi_app | Application Started
2026-08-21 16:15:32 | INFO | fastapi_app | Application Started
2026-08-21 16:16:20 | INFO | fastapi_app | Application Started
2026-08-21 16:16:24 | INFO | fastapi_app | Application Started
2026-08-21 16:16:33 | INFO | fastapi_app | Application Started
2026-08-21 16:16:40 | INFO | fastapi_app | POST /auth/refresh -> 200 (319.76 ms)
2026-08-21 16:16:40 | INFO | fastapi_app | POST /auth/refresh -> 200 (303.95 ms)
2026-08-21 16:16:40 | INFO | fastapi_app | GET /user/profile -> 200 (39.80 ms)
2026-08-21 16:16:40 | INFO | fastapi_app | GET /user/profile -> 200 (6.79 ms)
2026-08-21 16:16:40 | INFO | fastapi_app | GET /products -> 200 (47.98 ms)
2026-08-21 16:16:40 | INFO | fastapi_app | GET /products -> 200 (16.46 ms)
2026-08-21 16:24:54 | INFO | fastapi_app | GET /products -> 200 (19.26 ms)
2026-08-21 16:24:54 | INFO | fastapi_app | GET /products -> 200 (14.73 ms)
2026-08-21 16:24:56 | INFO | fastapi_app | GET /products -> 200 (16.76 ms)
2026-08-21 16:24:56 | INFO | fastapi_app | GET /products -> 200 (11.82 ms)
2026-08-21 16:25:39 | INFO | fastapi_app | GET /products -> 200 (15.68 ms)
2026-08-21 16:25:42 | INFO | fastapi_app | GET /products -> 200 (30.29 ms)
2026-08-21 16:25:42 | INFO | fastapi_app | GET /products -> 200 (40.87 ms)
2026-08-21 16:25:50 | INFO | fastapi_app | GET /products -> 200 (21.24 ms)
2026-08-21 16:25:50 | INFO | fastapi_app | GET /products -> 200 (16.46 ms)
2026-08-21 16:25:59 | INFO | fastapi_app | GET /products -> 200 (18.94 ms)
2026-08-21 16:26:01 | INFO | fastapi_app | GET /products -> 200 (611.84 ms)
2026-08-21 16:26:15 | INFO | fastapi_app | GET /products -> 200 (13.82 ms)
2026-08-21 16:26:18 | INFO | fastapi_app | GET /products -> 200 (16.85 ms)
2026-08-21 16:26:23 | INFO | fastapi_app | GET /products -> 200 (82.10 ms)
2026-08-21 16:26:58 | INFO | fastapi_app | GET /products -> 200 (22.46 ms)
2026-08-21 16:27:05 | INFO | fastapi_app | GET /products -> 200 (19.27 ms)
2026-08-21 16:27:06 | INFO | fastapi_app | GET /products -> 200 (14.77 ms)
2026-08-21 16:27:07 | INFO | fastapi_app | GET /products -> 200 (13.88 ms)
2026-08-21 16:27:38 | INFO | fastapi_app | GET /products -> 200 (14.41 ms)
2026-08-21 16:28:23 | INFO | fastapi_app | GET /user/profile -> 200 (15.76 ms)
2026-08-21 16:28:23 | INFO | fastapi_app | GET /user/profile -> 200 (13.95 ms)
2026-08-21 16:28:23 | INFO | fastapi_app | GET /products -> 200 (25.81 ms)
2026-08-21 16:28:23 | INFO | fastapi_app | GET /products -> 200 (22.69 ms)
2026-08-21 16:30:59 | INFO | fastapi_app | Application Started
2026-08-21 16:31:06 | INFO | fastapi_app | Application Started
2026-08-21 16:32:56 | INFO | fastapi_app | Application Started
2026-08-21 16:33:19 | INFO | fastapi_app | Application Started
2026-08-21 16:33:40 | INFO | fastapi_app | Application Started
2026-08-21 16:40:52 | INFO | fastapi_app | Application Started
2026-08-21 16:41:20 | INFO | fastapi_app | Application Started
2026-08-21 16:41:51 | INFO | fastapi_app | POST /products -> 201 (376.03 ms)
2026-08-21 16:41:52 | ERROR | fastapi_app | Unhandled error: 1 validation error:
  {'type': 'int_type', 'loc': ('response', 'items', 0, 'quantity'), 'msg': 'Input should be a valid integer', 'input': None}

  File "C:\Users\swaraj.gujar\Documents\FastAPI All\app\api\v1\products.py", line 39, in list_products
    GET /products
Traceback (most recent call last):
  File "C:\Users\swaraj.gujar\Documents\FastAPI All\venv\Lib\site-packages\starlette\middleware\errors.py", line 164, in __call__
    await self.app(scope, receive, _send)
  File "C:\Users\swaraj.gujar\Documents\FastAPI All\venv\Lib\site-packages\starlette\middleware\cors.py", line 96, in __call__
    await self.simple_response(scope, receive, send, request_headers=headers)
  File "C:\Users\swaraj.gujar\Documents\FastAPI All\venv\Lib\site-packages\starlette\middleware\cors.py", line 154, in simple_response
    await self.app(scope, receive, send)
  File "C:\Users\swaraj.gujar\Documents\FastAPI All\venv\Lib\site-packages\starlette\middleware\base.py", line 193, in __call__
    response = await self.dispatch_func(request, call_next)
               ^^^^^^^^^^^^^^^^^^^^^^^^^^^^^^^^^^^^^^^^^^^^
  File "C:\Users\swaraj.gujar\Documents\FastAPI All\app\middleware\request_logging.py", line 13, in dispatch
    response = await call_next(request)
               ^^^^^^^^^^^^^^^^^^^^^^^^
  File "C:\Users\swaraj.gujar\Documents\FastAPI All\venv\Lib\site-packages\starlette\middleware\base.py", line 168, in call_next
    raise app_exc from app_exc.__cause__ or app_exc.__context__
  File "C:\Users\swaraj.gujar\Documents\FastAPI All\venv\Lib\site-packages\starlette\middleware\base.py", line 144, in coro
    await self.app(scope, receive_or_disconnect, send_no_error)
  File "C:\Users\swaraj.gujar\Documents\FastAPI All\venv\Lib\site-packages\starlette\middleware\exceptions.py", line 63, in __call__
    await wrap_app_handling_exceptions(self.app, conn)(scope, receive, send)
  File "C:\Users\swaraj.gujar\Documents\FastAPI All\venv\Lib\site-packages\starlette\_exception_handler.py", line 53, in wrapped_app
    raise exc
  File "C:\Users\swaraj.gujar\Documents\FastAPI All\venv\Lib\site-packages\starlette\_exception_handler.py", line 42, in wrapped_app
    await app(scope, receive, sender)
  File "C:\Users\swaraj.gujar\Documents\FastAPI All\venv\Lib\site-packages\fastapi\middleware\asyncexitstack.py", line 18, in __call__
    await self.app(scope, receive, send)
  File "C:\Users\swaraj.gujar\Documents\FastAPI All\venv\Lib\site-packages\starlette\routing.py", line 660, in __call__
    await self.middleware_stack(scope, receive, send)
  File "C:\Users\swaraj.gujar\Documents\FastAPI All\venv\Lib\site-packages\fastapi\routing.py", line 2734, in app
    await route.handle(scope, receive, send)
  File "C:\Users\swaraj.gujar\Documents\FastAPI All\venv\Lib\site-packages\fastapi\routing.py", line 1780, in handle
    await self.original_router.handle(scope, receive, send)
  File "C:\Users\swaraj.gujar\Documents\FastAPI All\venv\Lib\site-packages\fastapi\routing.py", line 2789, in handle
    await included_router._handle_selected(scope, receive, send)
  File "C:\Users\swaraj.gujar\Documents\FastAPI All\venv\Lib\site-packages\fastapi\routing.py", line 1791, in _handle_selected
    await route.handle(scope, receive, send)
  File "C:\Users\swaraj.gujar\Documents\FastAPI All\venv\Lib\site-packages\fastapi\routing.py", line 1780, in handle
    await self.original_router.handle(scope, receive, send)
  File "C:\Users\swaraj.gujar\Documents\FastAPI All\venv\Lib\site-packages\fastapi\routing.py", line 2789, in handle
    await included_router._handle_selected(scope, receive, send)
  File "C:\Users\swaraj.gujar\Documents\FastAPI All\venv\Lib\site-packages\fastapi\routing.py", line 1800, in _handle_selected
    await original_route.handle(scope, receive, send)
  File "C:\Users\swaraj.gujar\Documents\FastAPI All\venv\Lib\site-packages\fastapi\routing.py", line 1279, in handle
    await app(scope, receive, send)
  File "C:\Users\swaraj.gujar\Documents\FastAPI All\venv\Lib\site-packages\fastapi\routing.py", line 158, in app
    await wrap_app_handling_exceptions(app, request)(scope, receive, send)
  File "C:\Users\swaraj.gujar\Documents\FastAPI All\venv\Lib\site-packages\starlette\_exception_handler.py", line 53, in wrapped_app
    raise exc
  File "C:\Users\swaraj.gujar\Documents\FastAPI All\venv\Lib\site-packages\starlette\_exception_handler.py", line 42, in wrapped_app
    await app(scope, receive, sender)
  File "C:\Users\swaraj.gujar\Documents\FastAPI All\venv\Lib\site-packages\fastapi\routing.py", line 144, in app
    response = await f(request)
               ^^^^^^^^^^^^^^^^
  File "C:\Users\swaraj.gujar\Documents\FastAPI All\venv\Lib\site-packages\fastapi\routing.py", line 727, in app
    content = await serialize_response(
              ^^^^^^^^^^^^^^^^^^^^^^^^^
    ...<11 lines>...
    )
    ^
  File "C:\Users\swaraj.gujar\Documents\FastAPI All\venv\Lib\site-packages\fastapi\routing.py", line 324, in serialize_response
    raise ResponseValidationError(
    ...<3 lines>...
    )
fastapi.exceptions.ResponseValidationError: 1 validation error:
  {'type': 'int_type', 'loc': ('response', 'items', 0, 'quantity'), 'msg': 'Input should be a valid integer', 'input': None}

  File "C:\Users\swaraj.gujar\Documents\FastAPI All\app\api\v1\products.py", line 39, in list_products
    GET /products
2026-08-21 16:42:42 | INFO | fastapi_app | GET /user/profile -> 200 (80.35 ms)
2026-08-21 16:42:42 | INFO | fastapi_app | GET /user/profile -> 200 (24.51 ms)
2026-08-21 16:42:42 | ERROR | fastapi_app | Unhandled error: 1 validation error:
  {'type': 'int_type', 'loc': ('response', 'items', 0, 'quantity'), 'msg': 'Input should be a valid integer', 'input': None}

  File "C:\Users\swaraj.gujar\Documents\FastAPI All\app\api\v1\products.py", line 39, in list_products
    GET /products
Traceback (most recent call last):
  File "C:\Users\swaraj.gujar\Documents\FastAPI All\venv\Lib\site-packages\starlette\middleware\errors.py", line 164, in __call__
    await self.app(scope, receive, _send)
  File "C:\Users\swaraj.gujar\Documents\FastAPI All\venv\Lib\site-packages\starlette\middleware\cors.py", line 96, in __call__
    await self.simple_response(scope, receive, send, request_headers=headers)
  File "C:\Users\swaraj.gujar\Documents\FastAPI All\venv\Lib\site-packages\starlette\middleware\cors.py", line 154, in simple_response
    await self.app(scope, receive, send)
  File "C:\Users\swaraj.gujar\Documents\FastAPI All\venv\Lib\site-packages\starlette\middleware\base.py", line 193, in __call__
    response = await self.dispatch_func(request, call_next)
               ^^^^^^^^^^^^^^^^^^^^^^^^^^^^^^^^^^^^^^^^^^^^
  File "C:\Users\swaraj.gujar\Documents\FastAPI All\app\middleware\request_logging.py", line 13, in dispatch
    response = await call_next(request)
               ^^^^^^^^^^^^^^^^^^^^^^^^
  File "C:\Users\swaraj.gujar\Documents\FastAPI All\venv\Lib\site-packages\starlette\middleware\base.py", line 168, in call_next
    raise app_exc from app_exc.__cause__ or app_exc.__context__
  File "C:\Users\swaraj.gujar\Documents\FastAPI All\venv\Lib\site-packages\starlette\middleware\base.py", line 144, in coro
    await self.app(scope, receive_or_disconnect, send_no_error)
  File "C:\Users\swaraj.gujar\Documents\FastAPI All\venv\Lib\site-packages\starlette\middleware\exceptions.py", line 63, in __call__
    await wrap_app_handling_exceptions(self.app, conn)(scope, receive, send)
  File "C:\Users\swaraj.gujar\Documents\FastAPI All\venv\Lib\site-packages\starlette\_exception_handler.py", line 53, in wrapped_app
    raise exc
  File "C:\Users\swaraj.gujar\Documents\FastAPI All\venv\Lib\site-packages\starlette\_exception_handler.py", line 42, in wrapped_app
    await app(scope, receive, sender)
  File "C:\Users\swaraj.gujar\Documents\FastAPI All\venv\Lib\site-packages\fastapi\middleware\asyncexitstack.py", line 18, in __call__
    await self.app(scope, receive, send)
  File "C:\Users\swaraj.gujar\Documents\FastAPI All\venv\Lib\site-packages\starlette\routing.py", line 660, in __call__
    await self.middleware_stack(scope, receive, send)
  File "C:\Users\swaraj.gujar\Documents\FastAPI All\venv\Lib\site-packages\fastapi\routing.py", line 2734, in app
    await route.handle(scope, receive, send)
  File "C:\Users\swaraj.gujar\Documents\FastAPI All\venv\Lib\site-packages\fastapi\routing.py", line 1780, in handle
    await self.original_router.handle(scope, receive, send)
  File "C:\Users\swaraj.gujar\Documents\FastAPI All\venv\Lib\site-packages\fastapi\routing.py", line 2789, in handle
    await included_router._handle_selected(scope, receive, send)
  File "C:\Users\swaraj.gujar\Documents\FastAPI All\venv\Lib\site-packages\fastapi\routing.py", line 1791, in _handle_selected
    await route.handle(scope, receive, send)
  File "C:\Users\swaraj.gujar\Documents\FastAPI All\venv\Lib\site-packages\fastapi\routing.py", line 1780, in handle
    await self.original_router.handle(scope, receive, send)
  File "C:\Users\swaraj.gujar\Documents\FastAPI All\venv\Lib\site-packages\fastapi\routing.py", line 2789, in handle
    await included_router._handle_selected(scope, receive, send)
  File "C:\Users\swaraj.gujar\Documents\FastAPI All\venv\Lib\site-packages\fastapi\routing.py", line 1800, in _handle_selected
    await original_route.handle(scope, receive, send)
  File "C:\Users\swaraj.gujar\Documents\FastAPI All\venv\Lib\site-packages\fastapi\routing.py", line 1279, in handle
    await app(scope, receive, send)
  File "C:\Users\swaraj.gujar\Documents\FastAPI All\venv\Lib\site-packages\fastapi\routing.py", line 158, in app
    await wrap_app_handling_exceptions(app, request)(scope, receive, send)
  File "C:\Users\swaraj.gujar\Documents\FastAPI All\venv\Lib\site-packages\starlette\_exception_handler.py", line 53, in wrapped_app
    raise exc
  File "C:\Users\swaraj.gujar\Documents\FastAPI All\venv\Lib\site-packages\starlette\_exception_handler.py", line 42, in wrapped_app
    await app(scope, receive, sender)
  File "C:\Users\swaraj.gujar\Documents\FastAPI All\venv\Lib\site-packages\fastapi\routing.py", line 144, in app
    response = await f(request)
               ^^^^^^^^^^^^^^^^
  File "C:\Users\swaraj.gujar\Documents\FastAPI All\venv\Lib\site-packages\fastapi\routing.py", line 727, in app
    content = await serialize_response(
              ^^^^^^^^^^^^^^^^^^^^^^^^^
    ...<11 lines>...
    )
    ^
  File "C:\Users\swaraj.gujar\Documents\FastAPI All\venv\Lib\site-packages\fastapi\routing.py", line 324, in serialize_response
    raise ResponseValidationError(
    ...<3 lines>...
    )
fastapi.exceptions.ResponseValidationError: 1 validation error:
  {'type': 'int_type', 'loc': ('response', 'items', 0, 'quantity'), 'msg': 'Input should be a valid integer', 'input': None}

  File "C:\Users\swaraj.gujar\Documents\FastAPI All\app\api\v1\products.py", line 39, in list_products
    GET /products
2026-08-21 16:42:42 | ERROR | fastapi_app | Unhandled error: 1 validation error:
  {'type': 'int_type', 'loc': ('response', 'items', 0, 'quantity'), 'msg': 'Input should be a valid integer', 'input': None}

  File "C:\Users\swaraj.gujar\Documents\FastAPI All\app\api\v1\products.py", line 39, in list_products
    GET /products
Traceback (most recent call last):
  File "C:\Users\swaraj.gujar\Documents\FastAPI All\venv\Lib\site-packages\starlette\middleware\errors.py", line 164, in __call__
    await self.app(scope, receive, _send)
  File "C:\Users\swaraj.gujar\Documents\FastAPI All\venv\Lib\site-packages\starlette\middleware\cors.py", line 96, in __call__
    await self.simple_response(scope, receive, send, request_headers=headers)
  File "C:\Users\swaraj.gujar\Documents\FastAPI All\venv\Lib\site-packages\starlette\middleware\cors.py", line 154, in simple_response
    await self.app(scope, receive, send)
  File "C:\Users\swaraj.gujar\Documents\FastAPI All\venv\Lib\site-packages\starlette\middleware\base.py", line 193, in __call__
    response = await self.dispatch_func(request, call_next)
               ^^^^^^^^^^^^^^^^^^^^^^^^^^^^^^^^^^^^^^^^^^^^
  File "C:\Users\swaraj.gujar\Documents\FastAPI All\app\middleware\request_logging.py", line 13, in dispatch
    response = await call_next(request)
               ^^^^^^^^^^^^^^^^^^^^^^^^
  File "C:\Users\swaraj.gujar\Documents\FastAPI All\venv\Lib\site-packages\starlette\middleware\base.py", line 168, in call_next
    raise app_exc from app_exc.__cause__ or app_exc.__context__
  File "C:\Users\swaraj.gujar\Documents\FastAPI All\venv\Lib\site-packages\starlette\middleware\base.py", line 144, in coro
    await self.app(scope, receive_or_disconnect, send_no_error)
  File "C:\Users\swaraj.gujar\Documents\FastAPI All\venv\Lib\site-packages\starlette\middleware\exceptions.py", line 63, in __call__
    await wrap_app_handling_exceptions(self.app, conn)(scope, receive, send)
  File "C:\Users\swaraj.gujar\Documents\FastAPI All\venv\Lib\site-packages\starlette\_exception_handler.py", line 53, in wrapped_app
    raise exc
  File "C:\Users\swaraj.gujar\Documents\FastAPI All\venv\Lib\site-packages\starlette\_exception_handler.py", line 42, in wrapped_app
    await app(scope, receive, sender)
  File "C:\Users\swaraj.gujar\Documents\FastAPI All\venv\Lib\site-packages\fastapi\middleware\asyncexitstack.py", line 18, in __call__
    await self.app(scope, receive, send)
  File "C:\Users\swaraj.gujar\Documents\FastAPI All\venv\Lib\site-packages\starlette\routing.py", line 660, in __call__
    await self.middleware_stack(scope, receive, send)
  File "C:\Users\swaraj.gujar\Documents\FastAPI All\venv\Lib\site-packages\fastapi\routing.py", line 2734, in app
    await route.handle(scope, receive, send)
  File "C:\Users\swaraj.gujar\Documents\FastAPI All\venv\Lib\site-packages\fastapi\routing.py", line 1780, in handle
    await self.original_router.handle(scope, receive, send)
  File "C:\Users\swaraj.gujar\Documents\FastAPI All\venv\Lib\site-packages\fastapi\routing.py", line 2789, in handle
    await included_router._handle_selected(scope, receive, send)
  File "C:\Users\swaraj.gujar\Documents\FastAPI All\venv\Lib\site-packages\fastapi\routing.py", line 1791, in _handle_selected
    await route.handle(scope, receive, send)
  File "C:\Users\swaraj.gujar\Documents\FastAPI All\venv\Lib\site-packages\fastapi\routing.py", line 1780, in handle
    await self.original_router.handle(scope, receive, send)
  File "C:\Users\swaraj.gujar\Documents\FastAPI All\venv\Lib\site-packages\fastapi\routing.py", line 2789, in handle
    await included_router._handle_selected(scope, receive, send)
  File "C:\Users\swaraj.gujar\Documents\FastAPI All\venv\Lib\site-packages\fastapi\routing.py", line 1800, in _handle_selected
    await original_route.handle(scope, receive, send)
  File "C:\Users\swaraj.gujar\Documents\FastAPI All\venv\Lib\site-packages\fastapi\routing.py", line 1279, in handle
    await app(scope, receive, send)
  File "C:\Users\swaraj.gujar\Documents\FastAPI All\venv\Lib\site-packages\fastapi\routing.py", line 158, in app
    await wrap_app_handling_exceptions(app, request)(scope, receive, send)
  File "C:\Users\swaraj.gujar\Documents\FastAPI All\venv\Lib\site-packages\starlette\_exception_handler.py", line 53, in wrapped_app
    raise exc
  File "C:\Users\swaraj.gujar\Documents\FastAPI All\venv\Lib\site-packages\starlette\_exception_handler.py", line 42, in wrapped_app
    await app(scope, receive, sender)
  File "C:\Users\swaraj.gujar\Documents\FastAPI All\venv\Lib\site-packages\fastapi\routing.py", line 144, in app
    response = await f(request)
               ^^^^^^^^^^^^^^^^
  File "C:\Users\swaraj.gujar\Documents\FastAPI All\venv\Lib\site-packages\fastapi\routing.py", line 727, in app
    content = await serialize_response(
              ^^^^^^^^^^^^^^^^^^^^^^^^^
    ...<11 lines>...
    )
    ^
  File "C:\Users\swaraj.gujar\Documents\FastAPI All\venv\Lib\site-packages\fastapi\routing.py", line 324, in serialize_response
    raise ResponseValidationError(
    ...<3 lines>...
    )
fastapi.exceptions.ResponseValidationError: 1 validation error:
  {'type': 'int_type', 'loc': ('response', 'items', 0, 'quantity'), 'msg': 'Input should be a valid integer', 'input': None}

  File "C:\Users\swaraj.gujar\Documents\FastAPI All\app\api\v1\products.py", line 39, in list_products
    GET /products
2026-08-21 16:51:16 | INFO | fastapi_app | GET /products -> 401 (10.52 ms)
2026-08-21 16:51:20 | INFO | fastapi_app | POST /auth/refresh -> 200 (30.80 ms)
2026-08-21 16:51:37 | ERROR | fastapi_app | Unhandled error: 1 validation error:
  {'type': 'int_type', 'loc': ('response', 'items', 0, 'quantity'), 'msg': 'Input should be a valid integer', 'input': None}

  File "C:\Users\swaraj.gujar\Documents\FastAPI All\app\api\v1\products.py", line 39, in list_products
    GET /products
Traceback (most recent call last):
  File "C:\Users\swaraj.gujar\Documents\FastAPI All\venv\Lib\site-packages\starlette\middleware\errors.py", line 164, in __call__
    await self.app(scope, receive, _send)
  File "C:\Users\swaraj.gujar\Documents\FastAPI All\venv\Lib\site-packages\starlette\middleware\cors.py", line 88, in __call__
    await self.app(scope, receive, send)
  File "C:\Users\swaraj.gujar\Documents\FastAPI All\venv\Lib\site-packages\starlette\middleware\base.py", line 193, in __call__
    response = await self.dispatch_func(request, call_next)
               ^^^^^^^^^^^^^^^^^^^^^^^^^^^^^^^^^^^^^^^^^^^^
  File "C:\Users\swaraj.gujar\Documents\FastAPI All\app\middleware\request_logging.py", line 13, in dispatch
    response = await call_next(request)
               ^^^^^^^^^^^^^^^^^^^^^^^^
  File "C:\Users\swaraj.gujar\Documents\FastAPI All\venv\Lib\site-packages\starlette\middleware\base.py", line 168, in call_next
    raise app_exc from app_exc.__cause__ or app_exc.__context__
  File "C:\Users\swaraj.gujar\Documents\FastAPI All\venv\Lib\site-packages\starlette\middleware\base.py", line 144, in coro
    await self.app(scope, receive_or_disconnect, send_no_error)
  File "C:\Users\swaraj.gujar\Documents\FastAPI All\venv\Lib\site-packages\starlette\middleware\exceptions.py", line 63, in __call__
    await wrap_app_handling_exceptions(self.app, conn)(scope, receive, send)
  File "C:\Users\swaraj.gujar\Documents\FastAPI All\venv\Lib\site-packages\starlette\_exception_handler.py", line 53, in wrapped_app
    raise exc
  File "C:\Users\swaraj.gujar\Documents\FastAPI All\venv\Lib\site-packages\starlette\_exception_handler.py", line 42, in wrapped_app
    await app(scope, receive, sender)
  File "C:\Users\swaraj.gujar\Documents\FastAPI All\venv\Lib\site-packages\fastapi\middleware\asyncexitstack.py", line 18, in __call__
    await self.app(scope, receive, send)
  File "C:\Users\swaraj.gujar\Documents\FastAPI All\venv\Lib\site-packages\starlette\routing.py", line 660, in __call__
    await self.middleware_stack(scope, receive, send)
  File "C:\Users\swaraj.gujar\Documents\FastAPI All\venv\Lib\site-packages\fastapi\routing.py", line 2734, in app
    await route.handle(scope, receive, send)
  File "C:\Users\swaraj.gujar\Documents\FastAPI All\venv\Lib\site-packages\fastapi\routing.py", line 1780, in handle
    await self.original_router.handle(scope, receive, send)
  File "C:\Users\swaraj.gujar\Documents\FastAPI All\venv\Lib\site-packages\fastapi\routing.py", line 2789, in handle
    await included_router._handle_selected(scope, receive, send)
  File "C:\Users\swaraj.gujar\Documents\FastAPI All\venv\Lib\site-packages\fastapi\routing.py", line 1791, in _handle_selected
    await route.handle(scope, receive, send)
  File "C:\Users\swaraj.gujar\Documents\FastAPI All\venv\Lib\site-packages\fastapi\routing.py", line 1780, in handle
    await self.original_router.handle(scope, receive, send)
  File "C:\Users\swaraj.gujar\Documents\FastAPI All\venv\Lib\site-packages\fastapi\routing.py", line 2789, in handle
    await included_router._handle_selected(scope, receive, send)
  File "C:\Users\swaraj.gujar\Documents\FastAPI All\venv\Lib\site-packages\fastapi\routing.py", line 1800, in _handle_selected
    await original_route.handle(scope, receive, send)
  File "C:\Users\swaraj.gujar\Documents\FastAPI All\venv\Lib\site-packages\fastapi\routing.py", line 1279, in handle
    await app(scope, receive, send)
  File "C:\Users\swaraj.gujar\Documents\FastAPI All\venv\Lib\site-packages\fastapi\routing.py", line 158, in app
    await wrap_app_handling_exceptions(app, request)(scope, receive, send)
  File "C:\Users\swaraj.gujar\Documents\FastAPI All\venv\Lib\site-packages\starlette\_exception_handler.py", line 53, in wrapped_app
    raise exc
  File "C:\Users\swaraj.gujar\Documents\FastAPI All\venv\Lib\site-packages\starlette\_exception_handler.py", line 42, in wrapped_app
    await app(scope, receive, sender)
  File "C:\Users\swaraj.gujar\Documents\FastAPI All\venv\Lib\site-packages\fastapi\routing.py", line 144, in app
    response = await f(request)
               ^^^^^^^^^^^^^^^^
  File "C:\Users\swaraj.gujar\Documents\FastAPI All\venv\Lib\site-packages\fastapi\routing.py", line 727, in app
    content = await serialize_response(
              ^^^^^^^^^^^^^^^^^^^^^^^^^
    ...<11 lines>...
    )
    ^
  File "C:\Users\swaraj.gujar\Documents\FastAPI All\venv\Lib\site-packages\fastapi\routing.py", line 324, in serialize_response
    raise ResponseValidationError(
    ...<3 lines>...
    )
fastapi.exceptions.ResponseValidationError: 1 validation error:
  {'type': 'int_type', 'loc': ('response', 'items', 0, 'quantity'), 'msg': 'Input should be a valid integer', 'input': None}

  File "C:\Users\swaraj.gujar\Documents\FastAPI All\app\api\v1\products.py", line 39, in list_products
    GET /products
2026-08-21 16:55:02 | INFO | fastapi_app | Application Started
2026-08-21 16:56:42 | INFO | fastapi_app | Application Started
2026-08-21 16:57:00 | INFO | fastapi_app | Application Started
2026-08-21 16:57:45 | INFO | fastapi_app | Application Started
2026-08-21 16:57:46 | INFO | fastapi_app | POST /auth/register -> 201 (517.12 ms)
2026-08-21 16:57:46 | INFO | fastapi_app | POST /auth/register -> 201 (482.27 ms)
2026-08-21 16:57:46 | INFO | fastapi_app | POST /auth/register -> 409 (4.40 ms)
2026-08-21 16:57:47 | INFO | fastapi_app | POST /auth/register -> 201 (513.75 ms)
2026-08-21 16:57:47 | INFO | fastapi_app | POST /auth/register -> 409 (7.55 ms)
2026-08-21 16:57:47 | INFO | fastapi_app | POST /auth/register -> 201 (483.01 ms)
2026-08-21 16:57:48 | INFO | fastapi_app | POST /auth/login -> 200 (457.12 ms)
2026-08-21 16:57:48 | INFO | fastapi_app | POST /auth/register -> 201 (434.75 ms)
2026-08-21 16:57:49 | INFO | fastapi_app | POST /auth/login -> 401 (480.57 ms)
2026-08-21 16:57:49 | INFO | fastapi_app | GET /user/profile -> 401 (6.36 ms)
2026-08-21 16:57:49 | INFO | fastapi_app | POST /auth/register -> 201 (424.01 ms)
2026-08-21 16:57:50 | INFO | fastapi_app | POST /auth/login -> 200 (385.34 ms)
2026-08-21 16:57:50 | INFO | fastapi_app | GET /user/profile -> 200 (5.97 ms)
2026-08-21 16:57:50 | INFO | fastapi_app | POST /auth/register -> 201 (412.73 ms)
2026-08-21 16:57:51 | INFO | fastapi_app | POST /auth/login -> 200 (432.71 ms)
2026-08-21 16:57:51 | INFO | fastapi_app | GET /user/dashboard -> 200 (5.04 ms)
2026-08-21 16:57:51 | INFO | fastapi_app | POST /auth/register -> 201 (474.35 ms)
2026-08-21 16:57:52 | INFO | fastapi_app | POST /auth/login -> 200 (416.93 ms)
2026-08-21 16:57:52 | INFO | fastapi_app | PUT /user/update -> 200 (20.49 ms)
2026-08-21 16:57:52 | INFO | fastapi_app | POST /auth/register -> 201 (442.09 ms)
2026-08-21 16:57:53 | INFO | fastapi_app | POST /auth/login -> 200 (431.74 ms)
2026-08-21 16:57:53 | INFO | fastapi_app | GET /admin/users -> 403 (13.77 ms)
2026-08-21 16:57:53 | INFO | fastapi_app | POST /auth/register -> 201 (443.69 ms)
2026-08-21 16:57:53 | INFO | fastapi_app | POST /auth/login -> 200 (410.54 ms)
2026-08-21 16:57:53 | INFO | fastapi_app | POST /products -> 422 (16.53 ms)
2026-08-21 16:57:54 | INFO | fastapi_app | POST /auth/register -> 201 (503.37 ms)
2026-08-21 16:57:55 | INFO | fastapi_app | POST /auth/login -> 200 (457.28 ms)
2026-08-21 16:57:55 | INFO | fastapi_app | POST /auth/register -> 201 (392.06 ms)
2026-08-21 16:57:56 | INFO | fastapi_app | POST /auth/login -> 200 (479.09 ms)
2026-08-21 16:57:56 | INFO | fastapi_app | POST /products -> 422 (3.60 ms)
2026-08-21 16:57:56 | INFO | fastapi_app | POST /auth/register -> 201 (417.84 ms)
2026-08-21 16:57:57 | INFO | fastapi_app | POST /auth/login -> 200 (399.79 ms)
2026-08-21 16:57:57 | INFO | fastapi_app | POST /products -> 422 (4.05 ms)
2026-08-21 16:57:58 | INFO | fastapi_app | POST /auth/login -> 200 (396.16 ms)
2026-08-21 16:57:58 | INFO | fastapi_app | GET /admin/users -> 200 (8.09 ms)
2026-08-21 16:57:58 | ERROR | fastapi_app | Unhandled error: (sqlite3.OperationalError) no such column: products.quantity
[SQL: SELECT products.owner_id AS products_owner_id, products.id AS products_id, products.name AS products_name, products.description AS products_description, products.price AS products_price, products.quantity AS products_quantity 
FROM products 
WHERE products.owner_id IN (?)]
[parameters: (1,)]
(Background on this error at: https://sqlalche.me/e/20/e3q8)
Traceback (most recent call last):
  File "C:\Users\swaraj.gujar\Documents\FastAPI All\venv\Lib\site-packages\sqlalchemy\engine\base.py", line 1969, in _exec_single_context
    self.dialect.do_execute(
    ~~~~~~~~~~~~~~~~~~~~~~~^
        cursor, str_statement, effective_parameters, context
        ^^^^^^^^^^^^^^^^^^^^^^^^^^^^^^^^^^^^^^^^^^^^^^^^^^^^
    )
    ^
  File "C:\Users\swaraj.gujar\Documents\FastAPI All\venv\Lib\site-packages\sqlalchemy\engine\default.py", line 952, in do_execute
    cursor.execute(statement, parameters)
    ~~~~~~~~~~~~~~^^^^^^^^^^^^^^^^^^^^^^^
sqlite3.OperationalError: no such column: products.quantity

The above exception was the direct cause of the following exception:

Traceback (most recent call last):
  File "C:\Users\swaraj.gujar\Documents\FastAPI All\venv\Lib\site-packages\starlette\middleware\errors.py", line 164, in __call__
    await self.app(scope, receive, _send)
  File "C:\Users\swaraj.gujar\Documents\FastAPI All\venv\Lib\site-packages\starlette\middleware\cors.py", line 88, in __call__
    await self.app(scope, receive, send)
  File "C:\Users\swaraj.gujar\Documents\FastAPI All\venv\Lib\site-packages\starlette\middleware\base.py", line 193, in __call__
    response = await self.dispatch_func(request, call_next)
               ^^^^^^^^^^^^^^^^^^^^^^^^^^^^^^^^^^^^^^^^^^^^
  File "C:\Users\swaraj.gujar\Documents\FastAPI All\app\middleware\request_logging.py", line 13, in dispatch
    response = await call_next(request)
               ^^^^^^^^^^^^^^^^^^^^^^^^
  File "C:\Users\swaraj.gujar\Documents\FastAPI All\venv\Lib\site-packages\starlette\middleware\base.py", line 168, in call_next
    raise app_exc from app_exc.__cause__ or app_exc.__context__
  File "C:\Users\swaraj.gujar\Documents\FastAPI All\venv\Lib\site-packages\starlette\middleware\base.py", line 144, in coro
    await self.app(scope, receive_or_disconnect, send_no_error)
  File "C:\Users\swaraj.gujar\Documents\FastAPI All\venv\Lib\site-packages\starlette\middleware\exceptions.py", line 63, in __call__
    await wrap_app_handling_exceptions(self.app, conn)(scope, receive, send)
  File "C:\Users\swaraj.gujar\Documents\FastAPI All\venv\Lib\site-packages\starlette\_exception_handler.py", line 53, in wrapped_app
    raise exc
  File "C:\Users\swaraj.gujar\Documents\FastAPI All\venv\Lib\site-packages\starlette\_exception_handler.py", line 42, in wrapped_app
    await app(scope, receive, sender)
  File "C:\Users\swaraj.gujar\Documents\FastAPI All\venv\Lib\site-packages\fastapi\middleware\asyncexitstack.py", line 18, in __call__
    await self.app(scope, receive, send)
  File "C:\Users\swaraj.gujar\Documents\FastAPI All\venv\Lib\site-packages\starlette\routing.py", line 660, in __call__
    await self.middleware_stack(scope, receive, send)
  File "C:\Users\swaraj.gujar\Documents\FastAPI All\venv\Lib\site-packages\fastapi\routing.py", line 2734, in app
    await route.handle(scope, receive, send)
  File "C:\Users\swaraj.gujar\Documents\FastAPI All\venv\Lib\site-packages\fastapi\routing.py", line 1780, in handle
    await self.original_router.handle(scope, receive, send)
  File "C:\Users\swaraj.gujar\Documents\FastAPI All\venv\Lib\site-packages\fastapi\routing.py", line 2789, in handle
    await included_router._handle_selected(scope, receive, send)
  File "C:\Users\swaraj.gujar\Documents\FastAPI All\venv\Lib\site-packages\fastapi\routing.py", line 1791, in _handle_selected
    await route.handle(scope, receive, send)
  File "C:\Users\swaraj.gujar\Documents\FastAPI All\venv\Lib\site-packages\fastapi\routing.py", line 1780, in handle
    await self.original_router.handle(scope, receive, send)
  File "C:\Users\swaraj.gujar\Documents\FastAPI All\venv\Lib\site-packages\fastapi\routing.py", line 2789, in handle
    await included_router._handle_selected(scope, receive, send)
  File "C:\Users\swaraj.gujar\Documents\FastAPI All\venv\Lib\site-packages\fastapi\routing.py", line 1800, in _handle_selected
    await original_route.handle(scope, receive, send)
  File "C:\Users\swaraj.gujar\Documents\FastAPI All\venv\Lib\site-packages\fastapi\routing.py", line 1279, in handle
    await app(scope, receive, send)
  File "C:\Users\swaraj.gujar\Documents\FastAPI All\venv\Lib\site-packages\fastapi\routing.py", line 158, in app
    await wrap_app_handling_exceptions(app, request)(scope, receive, send)
  File "C:\Users\swaraj.gujar\Documents\FastAPI All\venv\Lib\site-packages\starlette\_exception_handler.py", line 53, in wrapped_app
    raise exc
  File "C:\Users\swaraj.gujar\Documents\FastAPI All\venv\Lib\site-packages\starlette\_exception_handler.py", line 42, in wrapped_app
    await app(scope, receive, sender)
  File "C:\Users\swaraj.gujar\Documents\FastAPI All\venv\Lib\site-packages\fastapi\routing.py", line 144, in app
    response = await f(request)
               ^^^^^^^^^^^^^^^^
  File "C:\Users\swaraj.gujar\Documents\FastAPI All\venv\Lib\site-packages\fastapi\routing.py", line 706, in app
    raw_response = await run_endpoint_function(
                   ^^^^^^^^^^^^^^^^^^^^^^^^^^^^
    ...<3 lines>...
    )
    ^
  File "C:\Users\swaraj.gujar\Documents\FastAPI All\venv\Lib\site-packages\fastapi\routing.py", line 354, in run_endpoint_function
    return await run_in_threadpool(dependant.call, **values)
           ^^^^^^^^^^^^^^^^^^^^^^^^^^^^^^^^^^^^^^^^^^^^^^^^^
  File "C:\Users\swaraj.gujar\Documents\FastAPI All\venv\Lib\site-packages\starlette\concurrency.py", line 34, in run_in_threadpool
    return await anyio.to_thread.run_sync(func)
           ^^^^^^^^^^^^^^^^^^^^^^^^^^^^^^^^^^^^
  File "C:\Users\swaraj.gujar\Documents\FastAPI All\venv\Lib\site-packages\anyio\to_thread.py", line 65, in run_sync
    return await get_async_backend().run_sync_in_worker_thread(
           ^^^^^^^^^^^^^^^^^^^^^^^^^^^^^^^^^^^^^^^^^^^^^^^^^^^^
        func, args, abandon_on_cancel=abandon_on_cancel, limiter=limiter
        ^^^^^^^^^^^^^^^^^^^^^^^^^^^^^^^^^^^^^^^^^^^^^^^^^^^^^^^^^^^^^^^^
    )
    ^
  File "C:\Users\swaraj.gujar\Documents\FastAPI All\venv\Lib\site-packages\anyio\_backends\_asyncio.py", line 2641, in run_sync_in_worker_thread
    return await future
           ^^^^^^^^^^^^
  File "C:\Users\swaraj.gujar\Documents\FastAPI All\venv\Lib\site-packages\anyio\_backends\_asyncio.py", line 1033, in run
    result = context.run(func, *args)
  File "C:\Users\swaraj.gujar\Documents\FastAPI All\app\api\v1\admin.py", line 53, in get_user_detail
    return user_service.get_user_with_details(db, user_id)
           ~~~~~~~~~~~~~~~~~~~~~~~~~~~~~~~~~~^^^^^^^^^^^^^
  File "C:\Users\swaraj.gujar\Documents\FastAPI All\app\services\user_service.py", line 78, in get_user_with_details
    user = repo.get_with_details(user_id)
  File "C:\Users\swaraj.gujar\Documents\FastAPI All\app\repositories\user_repository.py", line 52, in get_with_details
    .first()
     ~~~~~^^
  File "C:\Users\swaraj.gujar\Documents\FastAPI All\venv\Lib\site-packages\sqlalchemy\orm\query.py", line 2766, in first
    return self.limit(1)._iter().first()  # type: ignore
           ~~~~~~~~~~~~~~~~~~~~~~~~~~~^^
  File "C:\Users\swaraj.gujar\Documents\FastAPI All\venv\Lib\site-packages\sqlalchemy\engine\result.py", line 1843, in first
    return self._only_one_row(
           ~~~~~~~~~~~~~~~~~~^
        raise_for_second_row=False, raise_for_none=False, scalar=False
        ^^^^^^^^^^^^^^^^^^^^^^^^^^^^^^^^^^^^^^^^^^^^^^^^^^^^^^^^^^^^^^
    )
    ^
  File "C:\Users\swaraj.gujar\Documents\FastAPI All\venv\Lib\site-packages\sqlalchemy\engine\result.py", line 796, in _only_one_row
    row: Optional[_InterimRowType[Any]] = onerow(hard_close=True)
                                          ~~~~~~^^^^^^^^^^^^^^^^^
  File "C:\Users\swaraj.gujar\Documents\FastAPI All\venv\Lib\site-packages\sqlalchemy\engine\result.py", line 1730, in _fetchone_impl
    return self._real_result._fetchone_impl(hard_close=hard_close)
           ~~~~~~~~~~~~~~~~~~~~~~~~~~~~~~~~^^^^^^^^^^^^^^^^^^^^^^^
  File "C:\Users\swaraj.gujar\Documents\FastAPI All\venv\Lib\site-packages\sqlalchemy\engine\result.py", line 2326, in _fetchone_impl
    row = next(self.iterator, _NO_ROW)
  File "C:\Users\swaraj.gujar\Documents\FastAPI All\venv\Lib\site-packages\sqlalchemy\orm\loading.py", line 247, in chunks
    post_load.invoke(context, path)
    ~~~~~~~~~~~~~~~~^^^^^^^^^^^^^^^
  File "C:\Users\swaraj.gujar\Documents\FastAPI All\venv\Lib\site-packages\sqlalchemy\orm\loading.py", line 1564, in invoke
    loader(
    ~~~~~~^
        effective_context, path, states, self.load_keys, *arg, **kw
        ^^^^^^^^^^^^^^^^^^^^^^^^^^^^^^^^^^^^^^^^^^^^^^^^^^^^^^^^^^^
    )
    ^
  File "C:\Users\swaraj.gujar\Documents\FastAPI All\venv\Lib\site-packages\sqlalchemy\orm\strategies.py", line 3350, in _load_for_path
    self._load_via_parent(
    ~~~~~~~~~~~~~~~~~~~~~^
        our_states, query_info, q, context, execution_options
        ^^^^^^^^^^^^^^^^^^^^^^^^^^^^^^^^^^^^^^^^^^^^^^^^^^^^^
    )
    ^
  File "C:\Users\swaraj.gujar\Documents\FastAPI All\venv\Lib\site-packages\sqlalchemy\orm\strategies.py", line 3426, in _load_via_parent
    context.session.execute(
    ~~~~~~~~~~~~~~~~~~~~~~~^
        q,
        ^^
        params={"primary_keys": primary_keys},
        ^^^^^^^^^^^^^^^^^^^^^^^^^^^^^^^^^^^^^^
        execution_options=execution_options,
        ^^^^^^^^^^^^^^^^^^^^^^^^^^^^^^^^^^^^
    ).unique(),
    ^
  File "C:\Users\swaraj.gujar\Documents\FastAPI All\venv\Lib\site-packages\sqlalchemy\orm\session.py", line 2373, in execute
    return self._execute_internal(
           ~~~~~~~~~~~~~~~~~~~~~~^
        statement,
        ^^^^^^^^^^
    ...<4 lines>...
        _add_event=_add_event,
        ^^^^^^^^^^^^^^^^^^^^^^
    )
    ^
  File "C:\Users\swaraj.gujar\Documents\FastAPI All\venv\Lib\site-packages\sqlalchemy\orm\session.py", line 2271, in _execute_internal
    result: Result[Any] = compile_state_cls.orm_execute_statement(
                          ~~~~~~~~~~~~~~~~~~~~~~~~~~~~~~~~~~~~~~~^
        self,
        ^^^^^
    ...<4 lines>...
        conn,
        ^^^^^
    )
    ^
  File "C:\Users\swaraj.gujar\Documents\FastAPI All\venv\Lib\site-packages\sqlalchemy\orm\context.py", line 306, in orm_execute_statement
    result = conn.execute(
        statement, params or {}, execution_options=execution_options
    )
  File "C:\Users\swaraj.gujar\Documents\FastAPI All\venv\Lib\site-packages\sqlalchemy\engine\base.py", line 1421, in execute
    return meth(
        self,
        distilled_parameters,
        execution_options or NO_OPTIONS,
    )
  File "C:\Users\swaraj.gujar\Documents\FastAPI All\venv\Lib\site-packages\sqlalchemy\sql\elements.py", line 526, in _execute_on_connection
    return connection._execute_clauseelement(
           ~~~~~~~~~~~~~~~~~~~~~~~~~~~~~~~~~^
        self, distilled_params, execution_options
        ^^^^^^^^^^^^^^^^^^^^^^^^^^^^^^^^^^^^^^^^^
    )
    ^
  File "C:\Users\swaraj.gujar\Documents\FastAPI All\venv\Lib\site-packages\sqlalchemy\engine\base.py", line 1643, in _execute_clauseelement
    ret = self._execute_context(
        dialect,
    ...<8 lines>...
        cache_hit=cache_hit,
    )
  File "C:\Users\swaraj.gujar\Documents\FastAPI All\venv\Lib\site-packages\sqlalchemy\engine\base.py", line 1848, in _execute_context
    return self._exec_single_context(
           ~~~~~~~~~~~~~~~~~~~~~~~~~^
        dialect, context, statement, parameters
        ^^^^^^^^^^^^^^^^^^^^^^^^^^^^^^^^^^^^^^^
    )
    ^
  File "C:\Users\swaraj.gujar\Documents\FastAPI All\venv\Lib\site-packages\sqlalchemy\engine\base.py", line 1988, in _exec_single_context
    self._handle_dbapi_exception(
    ~~~~~~~~~~~~~~~~~~~~~~~~~~~~^
        e, str_statement, effective_parameters, cursor, context
        ^^^^^^^^^^^^^^^^^^^^^^^^^^^^^^^^^^^^^^^^^^^^^^^^^^^^^^^
    )
    ^
  File "C:\Users\swaraj.gujar\Documents\FastAPI All\venv\Lib\site-packages\sqlalchemy\engine\base.py", line 2365, in _handle_dbapi_exception
    raise sqlalchemy_exception.with_traceback(exc_info[2]) from e
  File "C:\Users\swaraj.gujar\Documents\FastAPI All\venv\Lib\site-packages\sqlalchemy\engine\base.py", line 1969, in _exec_single_context
    self.dialect.do_execute(
    ~~~~~~~~~~~~~~~~~~~~~~~^
        cursor, str_statement, effective_parameters, context
        ^^^^^^^^^^^^^^^^^^^^^^^^^^^^^^^^^^^^^^^^^^^^^^^^^^^^
    )
    ^
  File "C:\Users\swaraj.gujar\Documents\FastAPI All\venv\Lib\site-packages\sqlalchemy\engine\default.py", line 952, in do_execute
    cursor.execute(statement, parameters)
    ~~~~~~~~~~~~~~^^^^^^^^^^^^^^^^^^^^^^^
sqlalchemy.exc.OperationalError: (sqlite3.OperationalError) no such column: products.quantity
[SQL: SELECT products.owner_id AS products_owner_id, products.id AS products_id, products.name AS products_name, products.description AS products_description, products.price AS products_price, products.quantity AS products_quantity 
FROM products 
WHERE products.owner_id IN (?)]
[parameters: (1,)]
(Background on this error at: https://sqlalche.me/e/20/e3q8)
2026-08-21 16:58:32 | INFO | fastapi_app | Application Started
2026-08-21 16:58:50 | INFO | fastapi_app | Application Started
2026-08-21 16:59:32 | INFO | fastapi_app | Application Started
2026-08-21 16:59:37 | INFO | fastapi_app | Application Started
2026-08-21 16:59:37 | INFO | fastapi_app | POST /auth/register -> 201 (570.61 ms)
2026-08-21 16:59:38 | INFO | fastapi_app | POST /auth/register -> 201 (637.22 ms)
2026-08-21 16:59:38 | INFO | fastapi_app | POST /auth/register -> 409 (5.27 ms)
2026-08-21 16:59:39 | INFO | fastapi_app | POST /auth/register -> 201 (642.44 ms)
2026-08-21 16:59:39 | INFO | fastapi_app | POST /auth/register -> 409 (5.78 ms)
2026-08-21 16:59:39 | INFO | fastapi_app | POST /auth/register -> 201 (574.14 ms)
2026-08-21 16:59:40 | INFO | fastapi_app | POST /auth/login -> 200 (586.24 ms)
2026-08-21 16:59:40 | INFO | fastapi_app | POST /auth/register -> 201 (549.37 ms)
2026-08-21 16:59:41 | INFO | fastapi_app | POST /auth/login -> 401 (558.19 ms)
2026-08-21 16:59:41 | INFO | fastapi_app | GET /user/profile -> 401 (9.68 ms)
2026-08-21 16:59:42 | INFO | fastapi_app | POST /auth/register -> 201 (618.57 ms)
2026-08-21 16:59:42 | INFO | fastapi_app | POST /auth/login -> 200 (674.42 ms)
2026-08-21 16:59:42 | INFO | fastapi_app | GET /user/profile -> 200 (6.81 ms)
2026-08-21 16:59:43 | INFO | fastapi_app | POST /auth/register -> 201 (628.63 ms)
2026-08-21 16:59:44 | INFO | fastapi_app | POST /auth/login -> 200 (571.07 ms)
2026-08-21 16:59:44 | INFO | fastapi_app | GET /user/dashboard -> 200 (3.89 ms)
2026-08-21 16:59:44 | INFO | fastapi_app | POST /auth/register -> 201 (532.95 ms)
2026-08-21 16:59:45 | INFO | fastapi_app | POST /auth/login -> 200 (630.29 ms)
2026-08-21 16:59:45 | INFO | fastapi_app | PUT /user/update -> 200 (29.19 ms)
2026-08-21 16:59:45 | INFO | fastapi_app | POST /auth/register -> 201 (580.04 ms)
2026-08-21 16:59:46 | INFO | fastapi_app | POST /auth/login -> 200 (567.27 ms)
2026-08-21 16:59:46 | INFO | fastapi_app | GET /admin/users -> 403 (10.55 ms)
2026-08-21 16:59:47 | INFO | fastapi_app | POST /auth/register -> 201 (589.94 ms)
2026-08-21 16:59:47 | INFO | fastapi_app | POST /auth/login -> 200 (766.10 ms)
2026-08-21 16:59:48 | INFO | fastapi_app | POST /products -> 201 (106.88 ms)
2026-08-21 16:59:48 | INFO | fastapi_app | GET /products -> 200 (84.82 ms)
2026-08-21 16:59:52 | ERROR | fastapi_app | Unhandled error: Error 22 connecting to localhost:6379. The remote computer refused the network connection.
Traceback (most recent call last):
  File "C:\Users\swaraj.gujar\Documents\FastAPI All\venv\Lib\site-packages\redis\asyncio\connection.py", line 850, in connect_check_health
    await self._connect()
  File "C:\Users\swaraj.gujar\Documents\FastAPI All\venv\Lib\site-packages\redis\asyncio\connection.py", line 1487, in _connect
    reader, writer = await asyncio.open_connection(
                     ^^^^^^^^^^^^^^^^^^^^^^^^^^^^^^
        **self._connection_arguments()
        ^^^^^^^^^^^^^^^^^^^^^^^^^^^^^^
    )
    ^
  File "C:\Program Files\WindowsApps\PythonSoftwareFoundation.Python.3.13_3.13.3824.0_x64__qbz5n2kfra8p0\Lib\asyncio\streams.py", line 48, in open_connection
    transport, _ = await loop.create_connection(
                   ^^^^^^^^^^^^^^^^^^^^^^^^^^^^^
        lambda: protocol, host, port, **kwds)
        ^^^^^^^^^^^^^^^^^^^^^^^^^^^^^^^^^^^^^
  File "C:\Program Files\WindowsApps\PythonSoftwareFoundation.Python.3.13_3.13.3824.0_x64__qbz5n2kfra8p0\Lib\asyncio\base_events.py", line 1176, in create_connection
    raise exceptions[0]
  File "C:\Program Files\WindowsApps\PythonSoftwareFoundation.Python.3.13_3.13.3824.0_x64__qbz5n2kfra8p0\Lib\asyncio\base_events.py", line 1146, in create_connection
    sock = await self._connect_sock(
           ^^^^^^^^^^^^^^^^^^^^^^^^^
        exceptions, addrinfo, laddr_infos)
        ^^^^^^^^^^^^^^^^^^^^^^^^^^^^^^^^^^
  File "C:\Program Files\WindowsApps\PythonSoftwareFoundation.Python.3.13_3.13.3824.0_x64__qbz5n2kfra8p0\Lib\asyncio\base_events.py", line 1045, in _connect_sock
    await self.sock_connect(sock, address)
  File "C:\Program Files\WindowsApps\PythonSoftwareFoundation.Python.3.13_3.13.3824.0_x64__qbz5n2kfra8p0\Lib\asyncio\proactor_events.py", line 728, in sock_connect
    return await self._proactor.connect(sock, address)
           ^^^^^^^^^^^^^^^^^^^^^^^^^^^^^^^^^^^^^^^^^^^
  File "C:\Program Files\WindowsApps\PythonSoftwareFoundation.Python.3.13_3.13.3824.0_x64__qbz5n2kfra8p0\Lib\asyncio\windows_events.py", line 807, in _poll
    value = callback(transferred, key, ov)
  File "C:\Program Files\WindowsApps\PythonSoftwareFoundation.Python.3.13_3.13.3824.0_x64__qbz5n2kfra8p0\Lib\asyncio\windows_events.py", line 600, in finish_connect
    ov.getresult()
    ~~~~~~~~~~~~^^
ConnectionRefusedError: [WinError 1225] The remote computer refused the network connection

The above exception was the direct cause of the following exception:

Traceback (most recent call last):
  File "C:\Users\swaraj.gujar\Documents\FastAPI All\venv\Lib\site-packages\starlette\middleware\errors.py", line 164, in __call__
    await self.app(scope, receive, _send)
  File "C:\Users\swaraj.gujar\Documents\FastAPI All\venv\Lib\site-packages\starlette\middleware\cors.py", line 88, in __call__
    await self.app(scope, receive, send)
  File "C:\Users\swaraj.gujar\Documents\FastAPI All\venv\Lib\site-packages\starlette\middleware\base.py", line 193, in __call__
    response = await self.dispatch_func(request, call_next)
               ^^^^^^^^^^^^^^^^^^^^^^^^^^^^^^^^^^^^^^^^^^^^
  File "C:\Users\swaraj.gujar\Documents\FastAPI All\app\middleware\request_logging.py", line 13, in dispatch
    response = await call_next(request)
               ^^^^^^^^^^^^^^^^^^^^^^^^
  File "C:\Users\swaraj.gujar\Documents\FastAPI All\venv\Lib\site-packages\starlette\middleware\base.py", line 168, in call_next
    raise app_exc from app_exc.__cause__ or app_exc.__context__
  File "C:\Users\swaraj.gujar\Documents\FastAPI All\venv\Lib\site-packages\starlette\middleware\base.py", line 144, in coro
    await self.app(scope, receive_or_disconnect, send_no_error)
  File "C:\Users\swaraj.gujar\Documents\FastAPI All\venv\Lib\site-packages\starlette\middleware\exceptions.py", line 63, in __call__
    await wrap_app_handling_exceptions(self.app, conn)(scope, receive, send)
  File "C:\Users\swaraj.gujar\Documents\FastAPI All\venv\Lib\site-packages\starlette\_exception_handler.py", line 53, in wrapped_app
    raise exc
  File "C:\Users\swaraj.gujar\Documents\FastAPI All\venv\Lib\site-packages\starlette\_exception_handler.py", line 42, in wrapped_app
    await app(scope, receive, sender)
  File "C:\Users\swaraj.gujar\Documents\FastAPI All\venv\Lib\site-packages\fastapi\middleware\asyncexitstack.py", line 18, in __call__
    await self.app(scope, receive, send)
  File "C:\Users\swaraj.gujar\Documents\FastAPI All\venv\Lib\site-packages\starlette\routing.py", line 660, in __call__
    await self.middleware_stack(scope, receive, send)
  File "C:\Users\swaraj.gujar\Documents\FastAPI All\venv\Lib\site-packages\fastapi\routing.py", line 2734, in app
    await route.handle(scope, receive, send)
  File "C:\Users\swaraj.gujar\Documents\FastAPI All\venv\Lib\site-packages\fastapi\routing.py", line 1780, in handle
    await self.original_router.handle(scope, receive, send)
  File "C:\Users\swaraj.gujar\Documents\FastAPI All\venv\Lib\site-packages\fastapi\routing.py", line 2789, in handle
    await included_router._handle_selected(scope, receive, send)
  File "C:\Users\swaraj.gujar\Documents\FastAPI All\venv\Lib\site-packages\fastapi\routing.py", line 1791, in _handle_selected
    await route.handle(scope, receive, send)
  File "C:\Users\swaraj.gujar\Documents\FastAPI All\venv\Lib\site-packages\fastapi\routing.py", line 1780, in handle
    await self.original_router.handle(scope, receive, send)
  File "C:\Users\swaraj.gujar\Documents\FastAPI All\venv\Lib\site-packages\fastapi\routing.py", line 2789, in handle
    await included_router._handle_selected(scope, receive, send)
  File "C:\Users\swaraj.gujar\Documents\FastAPI All\venv\Lib\site-packages\fastapi\routing.py", line 1800, in _handle_selected
    await original_route.handle(scope, receive, send)
  File "C:\Users\swaraj.gujar\Documents\FastAPI All\venv\Lib\site-packages\fastapi\routing.py", line 1279, in handle
    await app(scope, receive, send)
  File "C:\Users\swaraj.gujar\Documents\FastAPI All\venv\Lib\site-packages\fastapi\routing.py", line 158, in app
    await wrap_app_handling_exceptions(app, request)(scope, receive, send)
  File "C:\Users\swaraj.gujar\Documents\FastAPI All\venv\Lib\site-packages\starlette\_exception_handler.py", line 53, in wrapped_app
    raise exc
  File "C:\Users\swaraj.gujar\Documents\FastAPI All\venv\Lib\site-packages\starlette\_exception_handler.py", line 42, in wrapped_app
    await app(scope, receive, sender)
  File "C:\Users\swaraj.gujar\Documents\FastAPI All\venv\Lib\site-packages\fastapi\routing.py", line 144, in app
    response = await f(request)
               ^^^^^^^^^^^^^^^^
  File "C:\Users\swaraj.gujar\Documents\FastAPI All\venv\Lib\site-packages\fastapi\routing.py", line 481, in app
    solved_result = await solve_dependencies(
                    ^^^^^^^^^^^^^^^^^^^^^^^^^
    ...<6 lines>...
    )
    ^
  File "C:\Users\swaraj.gujar\Documents\FastAPI All\venv\Lib\site-packages\fastapi\dependencies\utils.py", line 674, in solve_dependencies
    solved = await call(**solved_result.values)
             ^^^^^^^^^^^^^^^^^^^^^^^^^^^^^^^^^^
  File "C:\Users\swaraj.gujar\Documents\FastAPI All\app\core\rate_limiting.py", line 40, in check_rate_limit
    count = await redis_client.incr(key)
            ^^^^^^^^^^^^^^^^^^^^^^^^^^^^
  File "C:\Users\swaraj.gujar\Documents\FastAPI All\venv\Lib\site-packages\redis\asyncio\client.py", line 929, in execute_command
    conn = self.connection or await pool.get_connection()
                              ^^^^^^^^^^^^^^^^^^^^^^^^^^^
  File "C:\Users\swaraj.gujar\Documents\FastAPI All\venv\Lib\site-packages\redis\utils.py", line 249, in async_wrapper
    return await func(*args, **kwargs)
           ^^^^^^^^^^^^^^^^^^^^^^^^^^^
  File "C:\Users\swaraj.gujar\Documents\FastAPI All\venv\Lib\site-packages\redis\asyncio\connection.py", line 2824, in get_connection
    await self.ensure_connection(connection)
  File "C:\Users\swaraj.gujar\Documents\FastAPI All\venv\Lib\site-packages\redis\asyncio\connection.py", line 2865, in ensure_connection
    await connection.connect()
  File "C:\Users\swaraj.gujar\Documents\FastAPI All\venv\Lib\site-packages\redis\asyncio\connection.py", line 819, in connect
    await self.retry.call_with_retry(
    ...<7 lines>...
    )
  File "C:\Users\swaraj.gujar\Documents\FastAPI All\venv\Lib\site-packages\redis\asyncio\retry.py", line 81, in call_with_retry
    raise error
  File "C:\Users\swaraj.gujar\Documents\FastAPI All\venv\Lib\site-packages\redis\asyncio\retry.py", line 69, in call_with_retry
    return await do()
           ^^^^^^^^^^
  File "C:\Users\swaraj.gujar\Documents\FastAPI All\venv\Lib\site-packages\redis\asyncio\connection.py", line 876, in connect_check_health
    raise e
redis.exceptions.ConnectionError: Error 22 connecting to localhost:6379. The remote computer refused the network connection.
2026-08-21 16:59:55 | INFO | fastapi_app | POST /auth/register -> 201 (581.39 ms)
2026-08-21 16:59:56 | INFO | fastapi_app | POST /auth/login -> 200 (469.73 ms)
2026-08-21 16:59:56 | INFO | fastapi_app | POST /auth/register -> 201 (429.52 ms)
2026-08-21 16:59:56 | INFO | fastapi_app | POST /auth/login -> 200 (431.58 ms)
2026-08-21 16:59:56 | INFO | fastapi_app | POST /products -> 201 (18.06 ms)
2026-08-21 16:59:56 | INFO | fastapi_app | PUT /products/1 -> 403 (11.20 ms)
2026-08-21 16:59:57 | INFO | fastapi_app | POST /auth/register -> 201 (425.62 ms)
2026-08-21 16:59:57 | INFO | fastapi_app | POST /auth/login -> 200 (403.43 ms)
2026-08-21 16:59:57 | INFO | fastapi_app | POST /products -> 201 (13.16 ms)
2026-08-21 16:59:58 | INFO | fastapi_app | POST /auth/login -> 200 (392.71 ms)
2026-08-21 16:59:58 | INFO | fastapi_app | GET /admin/users -> 200 (7.97 ms)
2026-08-21 16:59:58 | INFO | fastapi_app | GET /admin/users/1 -> 200 (7.76 ms)
2026-08-21 16:59:58 | INFO | fastapi_app | GET /admin/users/1 -> 401 (1.65 ms)
2026-08-21 17:00:49 | INFO | fastapi_app | POST /auth/refresh -> 200 (417.54 ms)
2026-08-21 17:00:49 | INFO | fastapi_app | POST /auth/refresh -> 200 (379.73 ms)
2026-08-21 17:00:49 | INFO | fastapi_app | GET /user/profile -> 200 (36.93 ms)
2026-08-21 17:00:49 | INFO | fastapi_app | GET /user/profile -> 200 (11.38 ms)
2026-08-21 17:00:49 | INFO | fastapi_app | GET /products -> 200 (89.08 ms)
2026-08-21 17:00:49 | INFO | fastapi_app | GET /products -> 200 (23.62 ms)
2026-08-21 17:02:38 | INFO | fastapi_app | POST /products -> 201 (30.54 ms)
2026-08-21 17:02:38 | INFO | fastapi_app | GET /products -> 200 (19.51 ms)
2026-08-24 10:37:57 | INFO | fastapi_app | Application Started
2026-08-24 10:38:41 | INFO | fastapi_app | GET /products -> 401 (66.30 ms)
2026-08-24 10:38:42 | INFO | fastapi_app | GET /favicon.ico -> 404 (12.05 ms)
2026-08-24 10:38:42 | INFO | fastapi_app | POST /auth/refresh -> 200 (1128.36 ms)
2026-08-24 10:38:42 | INFO | fastapi_app | POST /auth/refresh -> 200 (1118.06 ms)
2026-08-24 10:38:43 | INFO | fastapi_app | GET /user/profile -> 200 (237.07 ms)
2026-08-24 10:38:43 | INFO | fastapi_app | GET /user/profile -> 200 (8.43 ms)
2026-08-24 10:38:43 | INFO | fastapi_app | GET /products -> 200 (100.35 ms)
2026-08-24 10:38:44 | INFO | fastapi_app | GET /products -> 200 (13.54 ms)
2026-08-24 10:43:38 | INFO | fastapi_app | POST /auth/register -> 201 (404.18 ms)
2026-08-24 10:43:43 | INFO | fastapi_app | POST /auth/login -> 200 (368.20 ms)
2026-08-24 10:43:43 | INFO | fastapi_app | GET /user/profile -> 200 (7.41 ms)
2026-08-24 10:43:43 | INFO | fastapi_app | GET /user/dashboard -> 200 (4.63 ms)
2026-08-24 10:43:43 | INFO | fastapi_app | GET /user/dashboard -> 200 (3.45 ms)
2026-08-24 10:43:46 | INFO | fastapi_app | GET /products -> 200 (8.85 ms)
2026-08-24 10:43:46 | INFO | fastapi_app | GET /products -> 200 (7.82 ms)
2026-08-24 10:44:12 | INFO | fastapi_app | POST /products/13/favorite -> 200 (24.04 ms)
2026-08-24 10:44:12 | INFO | fastapi_app | GET /products -> 200 (10.37 ms)
2026-08-24 10:44:14 | INFO | fastapi_app | DELETE /products/13/favorite -> 200 (15.26 ms)
2026-08-24 10:44:14 | INFO | fastapi_app | GET /products -> 200 (9.23 ms)
2026-08-24 10:44:25 | INFO | fastapi_app | GET /products -> 200 (9.46 ms)
2026-08-24 10:44:25 | INFO | fastapi_app | GET /products -> 200 (6.66 ms)
2026-08-24 10:44:26 | INFO | fastapi_app | GET /products -> 200 (10.54 ms)
2026-08-24 10:44:26 | INFO | fastapi_app | GET /products -> 200 (7.31 ms)
2026-08-24 10:44:27 | INFO | fastapi_app | GET /products -> 200 (11.44 ms)
2026-08-24 10:44:27 | INFO | fastapi_app | GET /products -> 200 (7.80 ms)
2026-08-24 10:44:28 | INFO | fastapi_app | GET /products -> 200 (9.17 ms)
2026-08-24 10:44:28 | INFO | fastapi_app | GET /products -> 200 (9.87 ms)
2026-08-24 10:44:45 | INFO | fastapi_app | POST /auth/login -> 200 (308.22 ms)
2026-08-24 10:44:45 | INFO | fastapi_app | GET /user/profile -> 200 (5.08 ms)
2026-08-24 10:44:45 | INFO | fastapi_app | GET /products -> 200 (9.75 ms)
2026-08-24 10:44:45 | INFO | fastapi_app | GET /products -> 200 (13.51 ms)
2026-08-24 12:23:48 | INFO | fastapi_app | Application Started
2026-08-24 12:26:04 | INFO | fastapi_app | Application Started
2026-08-24 12:26:15 | INFO | fastapi_app | POST /auth/register -> 201 (3152.07 ms)
2026-08-24 12:26:16 | INFO | fastapi_app | POST /auth/login -> 200 (502.81 ms)
2026-08-24 12:26:16 | INFO | fastapi_app | GET /user/profile -> 200 (566.35 ms)
2026-08-24 12:27:00 | INFO | fastapi_app | Application Started
2026-08-24 12:31:40 | INFO | fastapi_app | Application Started
2026-08-24 12:34:28 | INFO | fastapi_app | OPTIONS / -> 405 (110.90 ms)
2026-08-24 12:35:29 | INFO | fastapi_app | POST /auth/register -> 201 (2288.44 ms)
2026-08-24 12:35:33 | INFO | fastapi_app | POST /auth/login -> 200 (692.82 ms)
2026-08-24 12:35:34 | INFO | fastapi_app | GET /user/profile -> 200 (561.31 ms)
2026-08-24 12:35:34 | INFO | fastapi_app | GET /user/dashboard -> 200 (128.49 ms)
2026-08-24 12:35:34 | INFO | fastapi_app | GET /user/dashboard -> 200 (118.87 ms)
2026-08-24 12:35:37 | INFO | fastapi_app | GET /products -> 200 (310.37 ms)
2026-08-24 12:35:38 | INFO | fastapi_app | GET /products -> 200 (294.75 ms)
2026-08-24 12:35:54 | INFO | fastapi_app | POST /auth/login -> 401 (173.95 ms)
2026-08-24 12:35:59 | INFO | fastapi_app | POST /auth/login -> 200 (607.34 ms)
2026-08-24 12:35:59 | INFO | fastapi_app | GET /user/profile -> 200 (171.13 ms)
2026-08-24 12:36:00 | INFO | fastapi_app | GET /user/dashboard -> 200 (117.94 ms)
2026-08-24 12:36:00 | INFO | fastapi_app | GET /user/dashboard -> 200 (117.21 ms)
2026-08-24 12:36:04 | INFO | fastapi_app | GET /products -> 200 (292.71 ms)
2026-08-24 12:36:04 | INFO | fastapi_app | GET /products -> 200 (280.43 ms)
2026-08-24 12:43:07 | INFO | fastapi_app | Application Started
2026-08-24 12:43:22 | INFO | fastapi_app | Application Started
2026-08-24 12:43:38 | INFO | fastapi_app | Application Started
2026-08-24 12:44:28 | INFO | fastapi_app | Application Started
2026-08-24 12:44:29 | INFO | fastapi_app | POST /auth/register -> 201 (515.05 ms)
2026-08-24 12:44:29 | INFO | fastapi_app | POST /auth/register -> 201 (395.42 ms)
2026-08-24 12:44:29 | INFO | fastapi_app | POST /auth/register -> 409 (3.43 ms)
2026-08-24 12:44:29 | INFO | fastapi_app | POST /auth/register -> 201 (394.90 ms)
2026-08-24 12:44:29 | INFO | fastapi_app | POST /auth/register -> 409 (5.08 ms)
2026-08-24 12:44:30 | INFO | fastapi_app | POST /auth/register -> 201 (389.27 ms)
2026-08-24 12:44:30 | INFO | fastapi_app | POST /auth/login -> 200 (424.15 ms)
2026-08-24 12:44:31 | INFO | fastapi_app | POST /auth/register -> 201 (399.41 ms)
2026-08-24 12:44:31 | INFO | fastapi_app | POST /auth/login -> 401 (351.35 ms)
2026-08-24 12:44:31 | INFO | fastapi_app | GET /user/profile -> 401 (4.86 ms)
2026-08-24 12:44:31 | INFO | fastapi_app | POST /auth/register -> 201 (347.49 ms)
2026-08-24 12:44:32 | INFO | fastapi_app | POST /auth/login -> 200 (327.55 ms)
2026-08-24 12:44:32 | INFO | fastapi_app | GET /user/profile -> 200 (5.13 ms)
2026-08-24 12:44:32 | INFO | fastapi_app | POST /auth/register -> 201 (360.14 ms)
2026-08-24 12:44:32 | INFO | fastapi_app | POST /auth/login -> 200 (385.66 ms)
2026-08-24 12:44:32 | INFO | fastapi_app | GET /user/dashboard -> 200 (3.80 ms)
2026-08-24 12:44:33 | INFO | fastapi_app | POST /auth/register -> 201 (406.07 ms)
2026-08-24 12:44:33 | INFO | fastapi_app | POST /auth/login -> 200 (385.88 ms)
2026-08-24 12:44:33 | INFO | fastapi_app | PUT /user/update -> 200 (26.33 ms)
2026-08-24 12:44:34 | INFO | fastapi_app | POST /auth/register -> 201 (414.26 ms)
2026-08-24 12:44:34 | INFO | fastapi_app | POST /auth/login -> 200 (357.48 ms)
2026-08-24 12:44:34 | INFO | fastapi_app | GET /admin/users -> 403 (8.63 ms)
2026-08-24 12:44:35 | INFO | fastapi_app | POST /auth/register -> 201 (403.84 ms)
2026-08-24 12:44:35 | INFO | fastapi_app | POST /auth/login -> 200 (388.64 ms)
2026-08-24 12:44:35 | INFO | fastapi_app | POST /products -> 201 (32.81 ms)
2026-08-24 12:44:35 | INFO | fastapi_app | GET /products -> 200 (19.88 ms)
2026-08-24 12:44:39 | ERROR | fastapi_app | Unhandled error: Error 22 connecting to localhost:6379. The remote computer refused the network connection.
Traceback (most recent call last):
  File "C:\Users\swaraj.gujar\Documents\FastAPI All\venv\Lib\site-packages\redis\asyncio\connection.py", line 850, in connect_check_health
    await self._connect()
  File "C:\Users\swaraj.gujar\Documents\FastAPI All\venv\Lib\site-packages\redis\asyncio\connection.py", line 1487, in _connect
    reader, writer = await asyncio.open_connection(
                     ^^^^^^^^^^^^^^^^^^^^^^^^^^^^^^
        **self._connection_arguments()
        ^^^^^^^^^^^^^^^^^^^^^^^^^^^^^^
    )
    ^
  File "C:\Program Files\WindowsApps\PythonSoftwareFoundation.Python.3.13_3.13.3824.0_x64__qbz5n2kfra8p0\Lib\asyncio\streams.py", line 48, in open_connection
    transport, _ = await loop.create_connection(
                   ^^^^^^^^^^^^^^^^^^^^^^^^^^^^^
        lambda: protocol, host, port, **kwds)
        ^^^^^^^^^^^^^^^^^^^^^^^^^^^^^^^^^^^^^
  File "C:\Program Files\WindowsApps\PythonSoftwareFoundation.Python.3.13_3.13.3824.0_x64__qbz5n2kfra8p0\Lib\asyncio\base_events.py", line 1176, in create_connection
    raise exceptions[0]
  File "C:\Program Files\WindowsApps\PythonSoftwareFoundation.Python.3.13_3.13.3824.0_x64__qbz5n2kfra8p0\Lib\asyncio\base_events.py", line 1146, in create_connection
    sock = await self._connect_sock(
           ^^^^^^^^^^^^^^^^^^^^^^^^^
        exceptions, addrinfo, laddr_infos)
        ^^^^^^^^^^^^^^^^^^^^^^^^^^^^^^^^^^
  File "C:\Program Files\WindowsApps\PythonSoftwareFoundation.Python.3.13_3.13.3824.0_x64__qbz5n2kfra8p0\Lib\asyncio\base_events.py", line 1045, in _connect_sock
    await self.sock_connect(sock, address)
  File "C:\Program Files\WindowsApps\PythonSoftwareFoundation.Python.3.13_3.13.3824.0_x64__qbz5n2kfra8p0\Lib\asyncio\proactor_events.py", line 728, in sock_connect
    return await self._proactor.connect(sock, address)
           ^^^^^^^^^^^^^^^^^^^^^^^^^^^^^^^^^^^^^^^^^^^
  File "C:\Program Files\WindowsApps\PythonSoftwareFoundation.Python.3.13_3.13.3824.0_x64__qbz5n2kfra8p0\Lib\asyncio\windows_events.py", line 807, in _poll
    value = callback(transferred, key, ov)
  File "C:\Program Files\WindowsApps\PythonSoftwareFoundation.Python.3.13_3.13.3824.0_x64__qbz5n2kfra8p0\Lib\asyncio\windows_events.py", line 600, in finish_connect
    ov.getresult()
    ~~~~~~~~~~~~^^
ConnectionRefusedError: [WinError 1225] The remote computer refused the network connection

The above exception was the direct cause of the following exception:

Traceback (most recent call last):
  File "C:\Users\swaraj.gujar\Documents\FastAPI All\venv\Lib\site-packages\starlette\middleware\errors.py", line 164, in __call__
    await self.app(scope, receive, _send)
  File "C:\Users\swaraj.gujar\Documents\FastAPI All\venv\Lib\site-packages\starlette\middleware\cors.py", line 88, in __call__
    await self.app(scope, receive, send)
  File "C:\Users\swaraj.gujar\Documents\FastAPI All\venv\Lib\site-packages\starlette\middleware\base.py", line 193, in __call__
    response = await self.dispatch_func(request, call_next)
               ^^^^^^^^^^^^^^^^^^^^^^^^^^^^^^^^^^^^^^^^^^^^
  File "C:\Users\swaraj.gujar\Documents\FastAPI All\app\middleware\request_logging.py", line 13, in dispatch
    response = await call_next(request)
               ^^^^^^^^^^^^^^^^^^^^^^^^
  File "C:\Users\swaraj.gujar\Documents\FastAPI All\venv\Lib\site-packages\starlette\middleware\base.py", line 168, in call_next
    raise app_exc from app_exc.__cause__ or app_exc.__context__
  File "C:\Users\swaraj.gujar\Documents\FastAPI All\venv\Lib\site-packages\starlette\middleware\base.py", line 144, in coro
    await self.app(scope, receive_or_disconnect, send_no_error)
  File "C:\Users\swaraj.gujar\Documents\FastAPI All\venv\Lib\site-packages\starlette\middleware\exceptions.py", line 63, in __call__
    await wrap_app_handling_exceptions(self.app, conn)(scope, receive, send)
  File "C:\Users\swaraj.gujar\Documents\FastAPI All\venv\Lib\site-packages\starlette\_exception_handler.py", line 53, in wrapped_app
    raise exc
  File "C:\Users\swaraj.gujar\Documents\FastAPI All\venv\Lib\site-packages\starlette\_exception_handler.py", line 42, in wrapped_app
    await app(scope, receive, sender)
  File "C:\Users\swaraj.gujar\Documents\FastAPI All\venv\Lib\site-packages\fastapi\middleware\asyncexitstack.py", line 18, in __call__
    await self.app(scope, receive, send)
  File "C:\Users\swaraj.gujar\Documents\FastAPI All\venv\Lib\site-packages\starlette\routing.py", line 660, in __call__
    await self.middleware_stack(scope, receive, send)
  File "C:\Users\swaraj.gujar\Documents\FastAPI All\venv\Lib\site-packages\fastapi\routing.py", line 2734, in app
    await route.handle(scope, receive, send)
  File "C:\Users\swaraj.gujar\Documents\FastAPI All\venv\Lib\site-packages\fastapi\routing.py", line 1780, in handle
    await self.original_router.handle(scope, receive, send)
  File "C:\Users\swaraj.gujar\Documents\FastAPI All\venv\Lib\site-packages\fastapi\routing.py", line 2789, in handle
    await included_router._handle_selected(scope, receive, send)
  File "C:\Users\swaraj.gujar\Documents\FastAPI All\venv\Lib\site-packages\fastapi\routing.py", line 1791, in _handle_selected
    await route.handle(scope, receive, send)
  File "C:\Users\swaraj.gujar\Documents\FastAPI All\venv\Lib\site-packages\fastapi\routing.py", line 1780, in handle
    await self.original_router.handle(scope, receive, send)
  File "C:\Users\swaraj.gujar\Documents\FastAPI All\venv\Lib\site-packages\fastapi\routing.py", line 2789, in handle
    await included_router._handle_selected(scope, receive, send)
  File "C:\Users\swaraj.gujar\Documents\FastAPI All\venv\Lib\site-packages\fastapi\routing.py", line 1800, in _handle_selected
    await original_route.handle(scope, receive, send)
  File "C:\Users\swaraj.gujar\Documents\FastAPI All\venv\Lib\site-packages\fastapi\routing.py", line 1279, in handle
    await app(scope, receive, send)
  File "C:\Users\swaraj.gujar\Documents\FastAPI All\venv\Lib\site-packages\fastapi\routing.py", line 158, in app
    await wrap_app_handling_exceptions(app, request)(scope, receive, send)
  File "C:\Users\swaraj.gujar\Documents\FastAPI All\venv\Lib\site-packages\starlette\_exception_handler.py", line 53, in wrapped_app
    raise exc
  File "C:\Users\swaraj.gujar\Documents\FastAPI All\venv\Lib\site-packages\starlette\_exception_handler.py", line 42, in wrapped_app
    await app(scope, receive, sender)
  File "C:\Users\swaraj.gujar\Documents\FastAPI All\venv\Lib\site-packages\fastapi\routing.py", line 144, in app
    response = await f(request)
               ^^^^^^^^^^^^^^^^
  File "C:\Users\swaraj.gujar\Documents\FastAPI All\venv\Lib\site-packages\fastapi\routing.py", line 481, in app
    solved_result = await solve_dependencies(
                    ^^^^^^^^^^^^^^^^^^^^^^^^^
    ...<6 lines>...
    )
    ^
  File "C:\Users\swaraj.gujar\Documents\FastAPI All\venv\Lib\site-packages\fastapi\dependencies\utils.py", line 674, in solve_dependencies
    solved = await call(**solved_result.values)
             ^^^^^^^^^^^^^^^^^^^^^^^^^^^^^^^^^^
  File "C:\Users\swaraj.gujar\Documents\FastAPI All\app\core\rate_limiting.py", line 40, in check_rate_limit
    count = await redis_client.incr(key)
            ^^^^^^^^^^^^^^^^^^^^^^^^^^^^
  File "C:\Users\swaraj.gujar\Documents\FastAPI All\venv\Lib\site-packages\redis\asyncio\client.py", line 929, in execute_command
    conn = self.connection or await pool.get_connection()
                              ^^^^^^^^^^^^^^^^^^^^^^^^^^^
  File "C:\Users\swaraj.gujar\Documents\FastAPI All\venv\Lib\site-packages\redis\utils.py", line 249, in async_wrapper
    return await func(*args, **kwargs)
           ^^^^^^^^^^^^^^^^^^^^^^^^^^^
  File "C:\Users\swaraj.gujar\Documents\FastAPI All\venv\Lib\site-packages\redis\asyncio\connection.py", line 2824, in get_connection
    await self.ensure_connection(connection)
  File "C:\Users\swaraj.gujar\Documents\FastAPI All\venv\Lib\site-packages\redis\asyncio\connection.py", line 2865, in ensure_connection
    await connection.connect()
  File "C:\Users\swaraj.gujar\Documents\FastAPI All\venv\Lib\site-packages\redis\asyncio\connection.py", line 819, in connect
    await self.retry.call_with_retry(
    ...<7 lines>...
    )
  File "C:\Users\swaraj.gujar\Documents\FastAPI All\venv\Lib\site-packages\redis\asyncio\retry.py", line 81, in call_with_retry
    raise error
  File "C:\Users\swaraj.gujar\Documents\FastAPI All\venv\Lib\site-packages\redis\asyncio\retry.py", line 69, in call_with_retry
    return await do()
           ^^^^^^^^^^
  File "C:\Users\swaraj.gujar\Documents\FastAPI All\venv\Lib\site-packages\redis\asyncio\connection.py", line 876, in connect_check_health
    raise e
redis.exceptions.ConnectionError: Error 22 connecting to localhost:6379. The remote computer refused the network connection.
2026-08-24 12:44:41 | INFO | fastapi_app | POST /auth/register -> 201 (409.59 ms)
2026-08-24 12:44:42 | INFO | fastapi_app | POST /auth/login -> 200 (448.35 ms)
2026-08-24 12:44:42 | INFO | fastapi_app | POST /auth/register -> 201 (483.55 ms)
2026-08-24 12:44:43 | INFO | fastapi_app | POST /auth/login -> 200 (475.40 ms)
2026-08-24 12:44:43 | INFO | fastapi_app | POST /products -> 201 (19.02 ms)
2026-08-24 12:44:43 | INFO | fastapi_app | PUT /products/1 -> 403 (7.00 ms)
2026-08-24 12:44:43 | INFO | fastapi_app | POST /auth/register -> 201 (405.32 ms)
2026-08-24 12:44:44 | INFO | fastapi_app | POST /auth/login -> 200 (398.20 ms)
2026-08-24 12:44:44 | INFO | fastapi_app | POST /products -> 201 (16.79 ms)
2026-08-24 12:44:45 | INFO | fastapi_app | POST /auth/login -> 200 (455.56 ms)
2026-08-24 12:44:45 | INFO | fastapi_app | GET /admin/users -> 200 (11.79 ms)
2026-08-24 12:44:45 | INFO | fastapi_app | GET /admin/users/1 -> 200 (16.44 ms)
2026-08-24 12:44:45 | INFO | fastapi_app | GET /admin/users/1 -> 401 (2.10 ms)
2026-08-24 12:45:19 | INFO | fastapi_app | Application Started
2026-08-24 12:45:20 | INFO | fastapi_app | POST /auth/register -> 201 (511.04 ms)
2026-08-24 12:45:20 | INFO | fastapi_app | POST /auth/register -> 201 (485.71 ms)
2026-08-24 12:45:20 | INFO | fastapi_app | POST /auth/register -> 409 (3.61 ms)
2026-08-24 12:45:21 | INFO | fastapi_app | POST /auth/register -> 201 (496.18 ms)
2026-08-24 12:45:21 | INFO | fastapi_app | POST /auth/register -> 409 (5.44 ms)
2026-08-24 12:45:21 | INFO | fastapi_app | POST /auth/register -> 201 (462.49 ms)
2026-08-24 12:45:22 | INFO | fastapi_app | POST /auth/login -> 200 (446.74 ms)
2026-08-24 12:45:22 | INFO | fastapi_app | POST /auth/register -> 201 (584.60 ms)
2026-08-24 12:45:23 | INFO | fastapi_app | POST /auth/login -> 401 (547.86 ms)
2026-08-24 12:45:23 | INFO | fastapi_app | GET /user/profile -> 401 (12.21 ms)
2026-08-24 12:45:23 | INFO | fastapi_app | POST /auth/register -> 201 (478.79 ms)
2026-08-24 12:45:24 | INFO | fastapi_app | POST /auth/login -> 200 (425.23 ms)
2026-08-24 12:45:24 | INFO | fastapi_app | GET /user/profile -> 200 (5.63 ms)
2026-08-24 12:45:24 | INFO | fastapi_app | POST /auth/register -> 201 (397.41 ms)
2026-08-24 12:45:25 | INFO | fastapi_app | POST /auth/login -> 200 (447.87 ms)
2026-08-24 12:45:25 | INFO | fastapi_app | GET /user/dashboard -> 200 (4.82 ms)
2026-08-24 12:45:25 | INFO | fastapi_app | POST /auth/register -> 201 (458.61 ms)
2026-08-24 12:45:26 | INFO | fastapi_app | POST /auth/login -> 200 (497.60 ms)
2026-08-24 12:45:26 | INFO | fastapi_app | PUT /user/update -> 200 (52.46 ms)
2026-08-24 12:45:26 | INFO | fastapi_app | POST /auth/register -> 201 (491.47 ms)
2026-08-24 12:45:27 | INFO | fastapi_app | POST /auth/login -> 200 (470.72 ms)
2026-08-24 12:45:27 | INFO | fastapi_app | GET /admin/users -> 403 (14.64 ms)
2026-08-24 12:45:27 | INFO | fastapi_app | POST /auth/register -> 201 (443.15 ms)
2026-08-24 12:45:28 | INFO | fastapi_app | POST /auth/login -> 200 (427.31 ms)
2026-08-24 12:45:28 | INFO | fastapi_app | POST /products -> 201 (49.35 ms)
2026-08-24 12:45:28 | INFO | fastapi_app | GET /products -> 200 (28.20 ms)
2026-08-24 12:45:28 | INFO | fastapi_app | GET /products/1 -> 200 (105.73 ms)
2026-08-24 12:45:28 | INFO | fastapi_app | PUT /products/1 -> 200 (26.05 ms)
2026-08-24 12:45:28 | INFO | fastapi_app | DELETE /products/1 -> 200 (35.85 ms)
2026-08-24 12:45:28 | INFO | fastapi_app | GET /products/1 -> 404 (9.28 ms)
2026-08-24 12:45:29 | INFO | fastapi_app | POST /auth/register -> 201 (473.58 ms)
2026-08-24 12:45:29 | INFO | fastapi_app | POST /auth/login -> 200 (439.85 ms)
2026-08-24 12:45:29 | INFO | fastapi_app | POST /auth/register -> 201 (426.66 ms)
2026-08-24 12:45:30 | INFO | fastapi_app | POST /auth/login -> 200 (504.31 ms)
2026-08-24 12:45:30 | INFO | fastapi_app | POST /products -> 201 (20.17 ms)
2026-08-24 12:45:30 | INFO | fastapi_app | PUT /products/1 -> 403 (8.27 ms)
2026-08-24 12:45:30 | INFO | fastapi_app | POST /auth/register -> 201 (442.96 ms)
2026-08-24 12:45:31 | INFO | fastapi_app | POST /auth/login -> 200 (458.04 ms)
2026-08-24 12:45:31 | INFO | fastapi_app | POST /products -> 201 (23.83 ms)
2026-08-24 12:45:32 | INFO | fastapi_app | POST /auth/login -> 200 (495.16 ms)
2026-08-24 12:45:32 | INFO | fastapi_app | GET /admin/users -> 200 (10.29 ms)
2026-08-24 12:45:32 | INFO | fastapi_app | GET /admin/users/1 -> 200 (20.64 ms)
2026-08-24 12:45:32 | INFO | fastapi_app | GET /admin/users/1 -> 401 (2.05 ms)
2026-08-24 12:46:04 | INFO | fastapi_app | Application Started
2026-08-24 12:46:09 | INFO | fastapi_app | GET /docs -> 200 (0.35 ms)
2026-08-24 12:46:12 | INFO | fastapi_app | Application Started
2026-08-24 12:46:18 | INFO | fastapi_app | GET /docs -> 404 (50.08 ms)
2026-08-24 13:21:18 | INFO | fastapi_app | POST /auth/refresh -> 401 (86.21 ms)
2026-08-24 13:21:28 | INFO | fastapi_app | POST /auth/login -> 401 (1682.11 ms)
2026-08-24 13:21:40 | INFO | fastapi_app | POST /auth/login -> 200 (577.84 ms)
2026-08-24 13:22:08 | INFO | fastapi_app | GET /products -> 200 (386.58 ms)
2026-08-24 13:23:13 | INFO | fastapi_app | POST /auth/refresh -> 401 (5.07 ms)
2026-08-24 13:23:13 | INFO | fastapi_app | POST /auth/refresh -> 401 (7.91 ms)
2026-08-24 13:23:13 | INFO | fastapi_app | GET /user/dashboard -> 401 (2.01 ms)
2026-08-24 13:23:13 | INFO | fastapi_app | GET /user/dashboard -> 401 (0.82 ms)
2026-08-24 13:23:14 | INFO | fastapi_app | GET /products -> 401 (3.17 ms)
2026-08-24 13:23:14 | INFO | fastapi_app | GET /products -> 401 (5.41 ms)
2026-08-24 13:23:16 | INFO | fastapi_app | GET /user/dashboard -> 401 (0.68 ms)
2026-08-24 13:23:16 | INFO | fastapi_app | GET /user/dashboard -> 401 (1.28 ms)
2026-08-24 13:23:16 | INFO | fastapi_app | GET /products -> 401 (2.79 ms)
2026-08-24 13:23:16 | INFO | fastapi_app | GET /products -> 401 (2.24 ms)
2026-08-24 13:23:22 | INFO | fastapi_app | POST /auth/login -> 200 (974.47 ms)
2026-08-24 13:23:22 | INFO | fastapi_app | GET /user/profile -> 200 (734.53 ms)
2026-08-24 13:23:23 | INFO | fastapi_app | GET /products -> 200 (303.89 ms)
2026-08-24 13:23:23 | INFO | fastapi_app | GET /products -> 200 (663.96 ms)
2026-08-24 13:23:32 | INFO | fastapi_app | GET /user/profile -> 200 (259.87 ms)
2026-08-24 13:23:32 | INFO | fastapi_app | GET /user/profile -> 200 (218.03 ms)
2026-08-24 13:23:33 | INFO | fastapi_app | GET /products -> 200 (1290.83 ms)
2026-08-24 13:23:34 | INFO | fastapi_app | GET /products -> 200 (308.83 ms)
2026-08-24 13:24:00 | INFO | fastapi_app | POST /products -> 201 (509.31 ms)
2026-08-24 13:24:01 | INFO | fastapi_app | GET /products -> 200 (346.96 ms)
2026-08-24 13:24:37 | INFO | fastapi_app | GET /products/1 -> 200 (386.99 ms)
2026-08-24 13:24:38 | INFO | fastapi_app | GET /products/1 -> 200 (365.20 ms)
2026-08-24 13:24:39 | INFO | fastapi_app | GET /products/1 -> 200 (686.83 ms)
2026-08-24 13:24:41 | INFO | fastapi_app | GET /products/1 -> 200 (418.26 ms)
2026-08-24 13:24:42 | INFO | fastapi_app | GET /products/1 -> 200 (359.99 ms)
2026-08-24 13:24:42 | INFO | fastapi_app | GET /products/1 -> 429 (173.76 ms)
2026-08-24 13:39:03 | INFO | fastapi_app | GET /user/profile -> 200 (226.84 ms)
2026-08-24 13:39:03 | INFO | fastapi_app | GET /user/profile -> 200 (226.22 ms)
2026-08-24 13:39:03 | INFO | fastapi_app | GET /products -> 200 (372.49 ms)
2026-08-24 13:39:04 | INFO | fastapi_app | GET /products -> 200 (460.08 ms)
2026-08-24 13:45:04 | ERROR | fastapi_app | Unhandled error: Error UNKNOWN while writing to socket. Connection lost.
Traceback (most recent call last):
  File "C:\Users\swaraj.gujar\Documents\FastAPI All\venv\Lib\site-packages\redis\asyncio\connection.py", line 1185, in send_packed_command
    await asyncio.wait_for(
        self._send_packed_command(command), self.socket_timeout
    )
  File "C:\Program Files\WindowsApps\PythonSoftwareFoundation.Python.3.13_3.13.3824.0_x64__qbz5n2kfra8p0\Lib\asyncio\tasks.py", line 507, in wait_for
    return await fut
           ^^^^^^^^^
  File "C:\Users\swaraj.gujar\Documents\FastAPI All\venv\Lib\site-packages\redis\asyncio\connection.py", line 1169, in _send_packed_command
    await self._writer.drain()
  File "C:\Program Files\WindowsApps\PythonSoftwareFoundation.Python.3.13_3.13.3824.0_x64__qbz5n2kfra8p0\Lib\asyncio\streams.py", line 386, in drain
    await self._protocol._drain_helper()
  File "C:\Program Files\WindowsApps\PythonSoftwareFoundation.Python.3.13_3.13.3824.0_x64__qbz5n2kfra8p0\Lib\asyncio\streams.py", line 166, in _drain_helper
    raise ConnectionResetError('Connection lost')
ConnectionResetError: Connection lost

The above exception was the direct cause of the following exception:

Traceback (most recent call last):
  File "C:\Users\swaraj.gujar\Documents\FastAPI All\venv\Lib\site-packages\starlette\middleware\errors.py", line 164, in __call__
    await self.app(scope, receive, _send)
  File "C:\Users\swaraj.gujar\Documents\FastAPI All\venv\Lib\site-packages\starlette\middleware\cors.py", line 88, in __call__
    await self.app(scope, receive, send)
  File "C:\Users\swaraj.gujar\Documents\FastAPI All\venv\Lib\site-packages\starlette\middleware\base.py", line 193, in __call__
    response = await self.dispatch_func(request, call_next)
               ^^^^^^^^^^^^^^^^^^^^^^^^^^^^^^^^^^^^^^^^^^^^
  File "C:\Users\swaraj.gujar\Documents\FastAPI All\app\middleware\request_logging.py", line 13, in dispatch
    response = await call_next(request)
               ^^^^^^^^^^^^^^^^^^^^^^^^
  File "C:\Users\swaraj.gujar\Documents\FastAPI All\venv\Lib\site-packages\starlette\middleware\base.py", line 168, in call_next
    raise app_exc from app_exc.__cause__ or app_exc.__context__
  File "C:\Users\swaraj.gujar\Documents\FastAPI All\venv\Lib\site-packages\starlette\middleware\base.py", line 144, in coro
    await self.app(scope, receive_or_disconnect, send_no_error)
  File "C:\Users\swaraj.gujar\Documents\FastAPI All\venv\Lib\site-packages\starlette\middleware\exceptions.py", line 63, in __call__
    await wrap_app_handling_exceptions(self.app, conn)(scope, receive, send)
  File "C:\Users\swaraj.gujar\Documents\FastAPI All\venv\Lib\site-packages\starlette\_exception_handler.py", line 53, in wrapped_app
    raise exc
  File "C:\Users\swaraj.gujar\Documents\FastAPI All\venv\Lib\site-packages\starlette\_exception_handler.py", line 42, in wrapped_app
    await app(scope, receive, sender)
  File "C:\Users\swaraj.gujar\Documents\FastAPI All\venv\Lib\site-packages\fastapi\middleware\asyncexitstack.py", line 18, in __call__
    await self.app(scope, receive, send)
  File "C:\Users\swaraj.gujar\Documents\FastAPI All\venv\Lib\site-packages\starlette\routing.py", line 660, in __call__
    await self.middleware_stack(scope, receive, send)
  File "C:\Users\swaraj.gujar\Documents\FastAPI All\venv\Lib\site-packages\fastapi\routing.py", line 2734, in app
    await route.handle(scope, receive, send)
  File "C:\Users\swaraj.gujar\Documents\FastAPI All\venv\Lib\site-packages\fastapi\routing.py", line 1780, in handle
    await self.original_router.handle(scope, receive, send)
  File "C:\Users\swaraj.gujar\Documents\FastAPI All\venv\Lib\site-packages\fastapi\routing.py", line 2789, in handle
    await included_router._handle_selected(scope, receive, send)
  File "C:\Users\swaraj.gujar\Documents\FastAPI All\venv\Lib\site-packages\fastapi\routing.py", line 1791, in _handle_selected
    await route.handle(scope, receive, send)
  File "C:\Users\swaraj.gujar\Documents\FastAPI All\venv\Lib\site-packages\fastapi\routing.py", line 1780, in handle
    await self.original_router.handle(scope, receive, send)
  File "C:\Users\swaraj.gujar\Documents\FastAPI All\venv\Lib\site-packages\fastapi\routing.py", line 2789, in handle
    await included_router._handle_selected(scope, receive, send)
  File "C:\Users\swaraj.gujar\Documents\FastAPI All\venv\Lib\site-packages\fastapi\routing.py", line 1800, in _handle_selected
    await original_route.handle(scope, receive, send)
  File "C:\Users\swaraj.gujar\Documents\FastAPI All\venv\Lib\site-packages\fastapi\routing.py", line 1279, in handle
    await app(scope, receive, send)
  File "C:\Users\swaraj.gujar\Documents\FastAPI All\venv\Lib\site-packages\fastapi\routing.py", line 158, in app
    await wrap_app_handling_exceptions(app, request)(scope, receive, send)
  File "C:\Users\swaraj.gujar\Documents\FastAPI All\venv\Lib\site-packages\starlette\_exception_handler.py", line 53, in wrapped_app
    raise exc
  File "C:\Users\swaraj.gujar\Documents\FastAPI All\venv\Lib\site-packages\starlette\_exception_handler.py", line 42, in wrapped_app
    await app(scope, receive, sender)
  File "C:\Users\swaraj.gujar\Documents\FastAPI All\venv\Lib\site-packages\fastapi\routing.py", line 144, in app
    response = await f(request)
               ^^^^^^^^^^^^^^^^
  File "C:\Users\swaraj.gujar\Documents\FastAPI All\venv\Lib\site-packages\fastapi\routing.py", line 481, in app
    solved_result = await solve_dependencies(
                    ^^^^^^^^^^^^^^^^^^^^^^^^^
    ...<6 lines>...
    )
    ^
  File "C:\Users\swaraj.gujar\Documents\FastAPI All\venv\Lib\site-packages\fastapi\dependencies\utils.py", line 674, in solve_dependencies
    solved = await call(**solved_result.values)
             ^^^^^^^^^^^^^^^^^^^^^^^^^^^^^^^^^^
  File "C:\Users\swaraj.gujar\Documents\FastAPI All\app\core\rate_limiting.py", line 40, in check_rate_limit
    count = await redis_client.incr(key)
            ^^^^^^^^^^^^^^^^^^^^^^^^^^^^
  File "C:\Users\swaraj.gujar\Documents\FastAPI All\venv\Lib\site-packages\redis\asyncio\client.py", line 946, in execute_command
    result = await conn.retry.call_with_retry(
             ^^^^^^^^^^^^^^^^^^^^^^^^^^^^^^^^^
    ...<5 lines>...
    )
    ^
  File "C:\Users\swaraj.gujar\Documents\FastAPI All\venv\Lib\site-packages\redis\asyncio\retry.py", line 81, in call_with_retry
    raise error
  File "C:\Users\swaraj.gujar\Documents\FastAPI All\venv\Lib\site-packages\redis\asyncio\retry.py", line 69, in call_with_retry
    return await do()
           ^^^^^^^^^^
  File "C:\Users\swaraj.gujar\Documents\FastAPI All\venv\Lib\site-packages\redis\asyncio\client.py", line 870, in _send_command_parse_response
    await conn.send_command(*args)
  File "C:\Users\swaraj.gujar\Documents\FastAPI All\venv\Lib\site-packages\redis\asyncio\connection.py", line 1214, in send_command
    await self.send_packed_command(
        self.pack_command(*args), check_health=kwargs.get("check_health", True)
    )
  File "C:\Users\swaraj.gujar\Documents\FastAPI All\venv\Lib\site-packages\redis\asyncio\connection.py", line 1201, in send_packed_command
    raise ConnectionError(
        f"Error {err_no} while writing to socket. {errmsg}."
    ) from e
redis.exceptions.ConnectionError: Error UNKNOWN while writing to socket. Connection lost.
2026-08-24 13:49:30 | INFO | fastapi_app | Application Started
2026-08-24 13:49:56 | INFO | fastapi_app | POST /auth/login -> 200 (1608.68 ms)
2026-08-25 14:06:24 | INFO | fastapi_app | Application Started
2026-08-25 14:06:31 | INFO | fastapi_app | GET /products -> 401 (64.95 ms)
2026-08-25 14:06:31 | INFO | fastapi_app | GET /favicon.ico -> 404 (24.84 ms)
2026-08-25 14:06:45 | INFO | fastapi_app | POST /auth/login -> 200 (1843.67 ms)
2026-08-25 14:06:46 | INFO | fastapi_app | GET /user/profile -> 200 (584.37 ms)
2026-08-25 14:06:46 | INFO | fastapi_app | GET /user/dashboard -> 200 (147.24 ms)
2026-08-25 14:06:46 | INFO | fastapi_app | GET /user/dashboard -> 200 (129.25 ms)
2026-08-25 14:06:48 | INFO | fastapi_app | GET /products -> 200 (427.47 ms)
2026-08-25 14:06:48 | INFO | fastapi_app | GET /products -> 200 (345.21 ms)
2026-08-25 14:07:08 | INFO | fastapi_app | GET /products -> 200 (401.10 ms)
2026-08-25 14:07:09 | INFO | fastapi_app | GET /products -> 200 (345.80 ms)
2026-08-25 14:07:10 | INFO | fastapi_app | GET /admin/users -> 200 (489.25 ms)
2026-08-25 14:07:11 | INFO | fastapi_app | GET /admin/users -> 200 (420.05 ms)
2026-08-25 14:07:13 | INFO | fastapi_app | GET /admin/users/2 -> 200 (352.79 ms)
2026-08-25 14:07:14 | INFO | fastapi_app | GET /admin/users/1 -> 200 (301.21 ms)
2026-08-25 14:07:15 | INFO | fastapi_app | GET /admin/users/3 -> 200 (344.48 ms)
2026-08-25 14:07:17 | INFO | fastapi_app | GET /admin/users/4 -> 200 (374.21 ms)
2026-08-25 15:08:17 | INFO | fastapi_app | POST /auth/refresh -> 200 (479.01 ms)
2026-08-25 15:08:17 | INFO | fastapi_app | POST /auth/refresh -> 200 (411.44 ms)
2026-08-25 15:08:18 | INFO | fastapi_app | GET /products -> 200 (853.70 ms)
2026-08-25 15:08:18 | INFO | fastapi_app | GET /products -> 200 (348.63 ms)
2026-08-25 15:13:09 | INFO | fastapi_app | Application Started
2026-08-25 15:13:16 | INFO | fastapi_app | Application Started
2026-08-25 15:14:19 | INFO | fastapi_app | Application Started
2026-08-25 15:14:26 | INFO | fastapi_app | Application Started
2026-08-25 15:16:41 | INFO | fastapi_app | Application Started
2026-08-25 15:16:43 | INFO | fastapi_app | POST /cart -> 201 (2374.83 ms)
2026-08-25 15:16:44 | INFO | fastapi_app | GET /cart -> 200 (276.97 ms)
2026-08-25 15:17:01 | INFO | fastapi_app | GET /cart -> 200 (252.03 ms)
2026-08-25 15:17:23 | INFO | fastapi_app | Application Started
2026-08-25 15:17:46 | INFO | fastapi_app | Application Started
2026-08-25 15:18:00 | INFO | fastapi_app | DELETE /cart/1 -> 204 (4138.13 ms)
2026-08-25 15:18:01 | INFO | fastapi_app | GET /user/profile -> 200 (204.90 ms)
2026-08-25 15:18:02 | INFO | fastapi_app | GET /products -> 200 (386.78 ms)
2026-08-25 15:18:02 | INFO | fastapi_app | GET /user/profile -> 200 (717.45 ms)
2026-08-25 15:18:03 | INFO | fastapi_app | GET /products -> 200 (902.80 ms)
2026-08-25 15:18:12 | INFO | fastapi_app | POST /cart -> 201 (705.93 ms)
2026-08-25 15:18:12 | INFO | fastapi_app | GET /cart -> 200 (295.55 ms)
2026-08-25 15:18:40 | INFO | fastapi_app | Application Started
2026-08-25 15:18:48 | INFO | fastapi_app | Application Started
2026-08-25 15:18:57 | INFO | fastapi_app | Application Started
2026-08-25 15:18:59 | INFO | fastapi_app | GET /cart -> 200 (1398.66 ms)
2026-08-25 15:19:01 | INFO | fastapi_app | DELETE /cart/2 -> 204 (299.22 ms)
2026-08-25 15:19:01 | INFO | fastapi_app | GET /cart -> 200 (176.68 ms)
2026-08-25 15:19:05 | INFO | fastapi_app | POST /cart -> 201 (680.70 ms)
2026-08-25 15:19:05 | INFO | fastapi_app | GET /cart -> 200 (682.23 ms)
2026-08-25 15:19:37 | INFO | fastapi_app | DELETE /cart/3 -> 204 (313.43 ms)
2026-08-25 15:19:37 | INFO | fastapi_app | GET /cart -> 200 (190.31 ms)
2026-08-25 15:19:40 | INFO | fastapi_app | POST /cart -> 201 (637.95 ms)
2026-08-25 15:19:41 | INFO | fastapi_app | GET /cart -> 200 (246.80 ms)
2026-08-25 15:20:29 | INFO | fastapi_app | Application Started
2026-08-25 15:22:02 | INFO | fastapi_app | Application Started
2026-08-25 15:22:40 | INFO | fastapi_app | Application Started
2026-08-25 15:22:54 | INFO | fastapi_app | Application Started
2026-08-25 15:23:19 | INFO | fastapi_app | Application Started
2026-08-25 15:23:26 | INFO | fastapi_app | Application Started
2026-08-25 15:24:36 | INFO | fastapi_app | Application Started
2026-08-25 15:24:43 | INFO | fastapi_app | Application Started
2026-08-25 15:24:54 | INFO | fastapi_app | Application Started
2026-08-25 15:25:01 | INFO | fastapi_app | Application Started
2026-08-25 15:25:08 | INFO | fastapi_app | Application Started
2026-08-25 15:25:14 | INFO | fastapi_app | Application Started
2026-08-25 15:25:25 | INFO | fastapi_app | Application Started
2026-08-25 15:25:34 | INFO | fastapi_app | Application Started
2026-08-25 15:25:40 | INFO | fastapi_app | Application Started
2026-08-25 15:25:48 | INFO | fastapi_app | DELETE /cart/4 -> 204 (2883.00 ms)
2026-08-25 15:25:48 | INFO | fastapi_app | GET /cart -> 200 (190.46 ms)
2026-08-25 15:25:53 | INFO | fastapi_app | POST /cart -> 201 (871.13 ms)
2026-08-25 15:25:53 | INFO | fastapi_app | GET /cart -> 200 (639.80 ms)
2026-08-25 15:27:03 | INFO | fastapi_app | GET /user/dashboard -> 200 (149.37 ms)
2026-08-25 15:27:04 | INFO | fastapi_app | GET /user/dashboard -> 200 (196.87 ms)
2026-08-25 15:27:08 | INFO | fastapi_app | GET /user/dashboard -> 200 (118.23 ms)
2026-08-25 15:27:08 | INFO | fastapi_app | GET /user/dashboard -> 200 (143.13 ms)
2026-08-25 15:27:10 | INFO | fastapi_app | GET /products -> 200 (409.42 ms)
2026-08-25 15:27:10 | INFO | fastapi_app | GET /products -> 200 (353.37 ms)
2026-08-25 15:27:24 | INFO | fastapi_app | GET /cart -> 200 (239.99 ms)
2026-08-25 15:27:31 | INFO | fastapi_app | GET /user/dashboard -> 200 (116.35 ms)
2026-08-25 15:27:31 | INFO | fastapi_app | GET /user/dashboard -> 200 (130.85 ms)
2026-08-25 15:27:32 | INFO | fastapi_app | GET /products -> 200 (346.45 ms)
2026-08-25 15:27:32 | INFO | fastapi_app | GET /products -> 200 (366.33 ms)
2026-08-25 15:27:44 | INFO | fastapi_app | GET /user/dashboard -> 200 (115.58 ms)
2026-08-25 15:27:44 | INFO | fastapi_app | GET /user/dashboard -> 200 (130.02 ms)
2026-08-25 15:27:46 | INFO | fastapi_app | GET /products -> 200 (347.06 ms)
2026-08-25 15:27:46 | INFO | fastapi_app | GET /products -> 200 (359.17 ms)
2026-08-25 15:29:03 | INFO | fastapi_app | GET /products -> 200 (342.27 ms)
2026-08-25 15:29:07 | INFO | fastapi_app | GET /products -> 200 (617.54 ms)
2026-08-25 15:29:36 | INFO | fastapi_app | GET /cart -> 200 (234.62 ms)
2026-08-25 15:29:37 | INFO | fastapi_app | GET /products -> 200 (342.59 ms)
2026-08-25 15:29:37 | INFO | fastapi_app | GET /cart -> 200 (230.83 ms)
2026-08-25 15:29:38 | INFO | fastapi_app | GET /products -> 200 (345.64 ms)
2026-08-25 15:29:44 | INFO | fastapi_app | GET /user/dashboard -> 200 (117.92 ms)
2026-08-25 15:29:44 | INFO | fastapi_app | GET /user/dashboard -> 200 (140.75 ms)
2026-08-25 15:29:45 | INFO | fastapi_app | GET /cart -> 200 (249.35 ms)
2026-08-25 15:29:45 | INFO | fastapi_app | GET /cart -> 200 (238.79 ms)
2026-08-25 15:29:46 | INFO | fastapi_app | GET /products -> 200 (760.81 ms)
2026-08-25 15:29:46 | INFO | fastapi_app | GET /products -> 200 (352.48 ms)
2026-08-25 15:30:12 | INFO | fastapi_app | Application Started
2026-08-25 15:30:30 | INFO | fastapi_app | Application Started
2026-08-25 15:30:32 | INFO | fastapi_app | POST /cart -> 201 (1855.78 ms)
2026-08-25 15:30:33 | INFO | fastapi_app | GET /cart -> 200 (753.57 ms)
2026-08-25 15:30:35 | INFO | fastapi_app | GET /cart -> 200 (250.48 ms)
2026-08-25 15:46:45 | INFO | fastapi_app | Application Started
2026-08-25 15:47:39 | INFO | fastapi_app | Application Started
2026-08-25 15:49:07 | INFO | fastapi_app | POST /auth/refresh -> 200 (1303.89 ms)
2026-08-25 15:49:07 | INFO | fastapi_app | GET /cart -> 200 (340.00 ms)
2026-08-25 15:49:08 | INFO | fastapi_app | GET /products -> 200 (409.24 ms)
2026-08-25 15:49:35 | INFO | fastapi_app | GET /cart -> 200 (241.94 ms)
2026-08-25 15:49:36 | INFO | fastapi_app | GET /products -> 200 (358.01 ms)
2026-08-25 15:50:16 | INFO | fastapi_app | GET /cart -> 200 (252.80 ms)
2026-08-25 15:50:17 | INFO | fastapi_app | GET /products -> 200 (359.89 ms)
2026-08-25 15:53:01 | INFO | fastapi_app | Application Started
2026-08-25 15:53:04 | INFO | fastapi_app | GET /user/profile -> 200 (1711.78 ms)
2026-08-25 15:53:05 | INFO | fastapi_app | GET /user/profile -> 200 (486.25 ms)
2026-08-25 15:53:06 | INFO | fastapi_app | GET /cart -> 200 (1163.13 ms)
2026-08-25 15:53:06 | INFO | fastapi_app | GET /cart -> 200 (252.97 ms)
2026-08-25 15:53:06 | INFO | fastapi_app | GET /products -> 200 (501.52 ms)
2026-08-25 15:53:06 | INFO | fastapi_app | GET /products -> 200 (354.04 ms)
2026-08-25 15:53:13 | INFO | fastapi_app | GET /cart -> 200 (233.19 ms)
2026-08-25 15:53:30 | INFO | fastapi_app | PUT /cart/5 -> 200 (915.57 ms)
2026-08-25 15:53:31 | INFO | fastapi_app | GET /cart -> 200 (253.11 ms)
2026-08-25 15:53:31 | INFO | fastapi_app | GET /cart -> 200 (247.58 ms)
2026-08-25 15:53:31 | INFO | fastapi_app | GET /products -> 200 (344.50 ms)
2026-08-25 15:53:34 | INFO | fastapi_app | PUT /cart/5 -> 200 (888.23 ms)
2026-08-25 15:53:34 | INFO | fastapi_app | GET /cart -> 200 (238.03 ms)
2026-08-25 15:53:34 | INFO | fastapi_app | GET /cart -> 200 (246.58 ms)
2026-08-25 15:53:35 | INFO | fastapi_app | GET /products -> 200 (344.75 ms)
2026-08-25 15:53:37 | INFO | fastapi_app | PUT /cart/5 -> 200 (911.41 ms)
2026-08-25 15:53:37 | INFO | fastapi_app | GET /cart -> 200 (232.59 ms)
2026-08-25 15:53:38 | INFO | fastapi_app | GET /cart -> 200 (228.00 ms)
2026-08-25 15:53:38 | INFO | fastapi_app | GET /products -> 200 (348.19 ms)
2026-08-25 15:53:39 | ERROR | fastapi_app | Unhandled error: Not enough stock available
Traceback (most recent call last):
  File "C:\Users\swaraj.gujar\Documents\FastAPI All\venv\Lib\site-packages\starlette\middleware\errors.py", line 164, in __call__
    await self.app(scope, receive, _send)
  File "C:\Users\swaraj.gujar\Documents\FastAPI All\venv\Lib\site-packages\starlette\middleware\cors.py", line 96, in __call__
    await self.simple_response(scope, receive, send, request_headers=headers)
  File "C:\Users\swaraj.gujar\Documents\FastAPI All\venv\Lib\site-packages\starlette\middleware\cors.py", line 154, in simple_response
    await self.app(scope, receive, send)
  File "C:\Users\swaraj.gujar\Documents\FastAPI All\venv\Lib\site-packages\starlette\middleware\base.py", line 193, in __call__
    response = await self.dispatch_func(request, call_next)
               ^^^^^^^^^^^^^^^^^^^^^^^^^^^^^^^^^^^^^^^^^^^^
  File "C:\Users\swaraj.gujar\Documents\FastAPI All\app\middleware\request_logging.py", line 13, in dispatch
    response = await call_next(request)
               ^^^^^^^^^^^^^^^^^^^^^^^^
  File "C:\Users\swaraj.gujar\Documents\FastAPI All\venv\Lib\site-packages\starlette\middleware\base.py", line 168, in call_next
    raise app_exc from app_exc.__cause__ or app_exc.__context__
  File "C:\Users\swaraj.gujar\Documents\FastAPI All\venv\Lib\site-packages\starlette\middleware\base.py", line 144, in coro
    await self.app(scope, receive_or_disconnect, send_no_error)
  File "C:\Users\swaraj.gujar\Documents\FastAPI All\venv\Lib\site-packages\starlette\middleware\exceptions.py", line 63, in __call__
    await wrap_app_handling_exceptions(self.app, conn)(scope, receive, send)
  File "C:\Users\swaraj.gujar\Documents\FastAPI All\venv\Lib\site-packages\starlette\_exception_handler.py", line 53, in wrapped_app
    raise exc
  File "C:\Users\swaraj.gujar\Documents\FastAPI All\venv\Lib\site-packages\starlette\_exception_handler.py", line 42, in wrapped_app
    await app(scope, receive, sender)
  File "C:\Users\swaraj.gujar\Documents\FastAPI All\venv\Lib\site-packages\fastapi\middleware\asyncexitstack.py", line 18, in __call__
    await self.app(scope, receive, send)
  File "C:\Users\swaraj.gujar\Documents\FastAPI All\venv\Lib\site-packages\starlette\routing.py", line 660, in __call__
    await self.middleware_stack(scope, receive, send)
  File "C:\Users\swaraj.gujar\Documents\FastAPI All\venv\Lib\site-packages\fastapi\routing.py", line 2734, in app
    await route.handle(scope, receive, send)
  File "C:\Users\swaraj.gujar\Documents\FastAPI All\venv\Lib\site-packages\fastapi\routing.py", line 1780, in handle
    await self.original_router.handle(scope, receive, send)
  File "C:\Users\swaraj.gujar\Documents\FastAPI All\venv\Lib\site-packages\fastapi\routing.py", line 2789, in handle
    await included_router._handle_selected(scope, receive, send)
  File "C:\Users\swaraj.gujar\Documents\FastAPI All\venv\Lib\site-packages\fastapi\routing.py", line 1791, in _handle_selected
    await route.handle(scope, receive, send)
  File "C:\Users\swaraj.gujar\Documents\FastAPI All\venv\Lib\site-packages\fastapi\routing.py", line 1780, in handle
    await self.original_router.handle(scope, receive, send)
  File "C:\Users\swaraj.gujar\Documents\FastAPI All\venv\Lib\site-packages\fastapi\routing.py", line 2789, in handle
    await included_router._handle_selected(scope, receive, send)
  File "C:\Users\swaraj.gujar\Documents\FastAPI All\venv\Lib\site-packages\fastapi\routing.py", line 1800, in _handle_selected
    await original_route.handle(scope, receive, send)
  File "C:\Users\swaraj.gujar\Documents\FastAPI All\venv\Lib\site-packages\fastapi\routing.py", line 1279, in handle
    await app(scope, receive, send)
  File "C:\Users\swaraj.gujar\Documents\FastAPI All\venv\Lib\site-packages\fastapi\routing.py", line 158, in app
    await wrap_app_handling_exceptions(app, request)(scope, receive, send)
  File "C:\Users\swaraj.gujar\Documents\FastAPI All\venv\Lib\site-packages\starlette\_exception_handler.py", line 53, in wrapped_app
    raise exc
  File "C:\Users\swaraj.gujar\Documents\FastAPI All\venv\Lib\site-packages\starlette\_exception_handler.py", line 42, in wrapped_app
    await app(scope, receive, sender)
  File "C:\Users\swaraj.gujar\Documents\FastAPI All\venv\Lib\site-packages\fastapi\routing.py", line 144, in app
    response = await f(request)
               ^^^^^^^^^^^^^^^^
  File "C:\Users\swaraj.gujar\Documents\FastAPI All\venv\Lib\site-packages\fastapi\routing.py", line 706, in app
    raw_response = await run_endpoint_function(
                   ^^^^^^^^^^^^^^^^^^^^^^^^^^^^
    ...<3 lines>...
    )
    ^
  File "C:\Users\swaraj.gujar\Documents\FastAPI All\venv\Lib\site-packages\fastapi\routing.py", line 354, in run_endpoint_function
    return await run_in_threadpool(dependant.call, **values)
           ^^^^^^^^^^^^^^^^^^^^^^^^^^^^^^^^^^^^^^^^^^^^^^^^^
  File "C:\Users\swaraj.gujar\Documents\FastAPI All\venv\Lib\site-packages\starlette\concurrency.py", line 34, in run_in_threadpool
    return await anyio.to_thread.run_sync(func)
           ^^^^^^^^^^^^^^^^^^^^^^^^^^^^^^^^^^^^
  File "C:\Users\swaraj.gujar\Documents\FastAPI All\venv\Lib\site-packages\anyio\to_thread.py", line 65, in run_sync
    return await get_async_backend().run_sync_in_worker_thread(
           ^^^^^^^^^^^^^^^^^^^^^^^^^^^^^^^^^^^^^^^^^^^^^^^^^^^^
        func, args, abandon_on_cancel=abandon_on_cancel, limiter=limiter
        ^^^^^^^^^^^^^^^^^^^^^^^^^^^^^^^^^^^^^^^^^^^^^^^^^^^^^^^^^^^^^^^^
    )
    ^
  File "C:\Users\swaraj.gujar\Documents\FastAPI All\venv\Lib\site-packages\anyio\_backends\_asyncio.py", line 2641, in run_sync_in_worker_thread
    return await future
           ^^^^^^^^^^^^
  File "C:\Users\swaraj.gujar\Documents\FastAPI All\venv\Lib\site-packages\anyio\_backends\_asyncio.py", line 1033, in run
    result = context.run(func, *args)
  File "C:\Users\swaraj.gujar\Documents\FastAPI All\app\api\v1\cart.py", line 65, in update_quantity
    return cart_service.update_quantity(item_id, request.quantity, db, current_user)
           ~~~~~~~~~~~~~~~~~~~~~~~~~~~~^^^^^^^^^^^^^^^^^^^^^^^^^^^^^^^^^^^^^^^^^^^^^
  File "C:\Users\swaraj.gujar\Documents\FastAPI All\app\services\cart_service.py", line 79, in update_quantity
    raise Exception("Not enough stock available")
Exception: Not enough stock available
2026-08-25 16:03:12 | INFO | fastapi_app | GET /products -> 200 (355.59 ms)
2026-08-25 16:03:17 | INFO | fastapi_app | GET /cart -> 200 (238.67 ms)
2026-08-25 16:03:17 | INFO | fastapi_app | GET /products -> 200 (360.03 ms)
2026-08-25 16:03:17 | INFO | fastapi_app | GET /products -> 200 (341.11 ms)
2026-08-25 16:03:17 | INFO | fastapi_app | GET /cart -> 200 (636.08 ms)
2026-08-25 16:03:19 | INFO | fastapi_app | GET /cart -> 200 (230.94 ms)
2026-08-25 16:03:20 | INFO | fastapi_app | GET /products -> 200 (344.73 ms)
2026-08-25 16:03:24 | INFO | fastapi_app | GET /user/dashboard -> 200 (118.81 ms)
2026-08-25 16:03:24 | INFO | fastapi_app | GET /user/dashboard -> 200 (117.45 ms)
2026-08-25 16:03:25 | INFO | fastapi_app | GET /cart -> 200 (242.26 ms)
2026-08-25 16:03:26 | INFO | fastapi_app | GET /products -> 200 (344.25 ms)
2026-08-25 16:03:26 | INFO | fastapi_app | GET /cart -> 200 (256.96 ms)
2026-08-25 16:03:26 | INFO | fastapi_app | GET /products -> 200 (370.88 ms)
2026-08-25 16:03:33 | INFO | fastapi_app | GET /cart -> 200 (227.17 ms)
2026-08-25 16:03:40 | INFO | fastapi_app | PUT /cart/5 -> 200 (893.93 ms)
2026-08-25 16:03:40 | INFO | fastapi_app | GET /cart -> 200 (254.44 ms)
2026-08-25 16:03:41 | INFO | fastapi_app | GET /products -> 200 (360.16 ms)
2026-08-25 16:03:44 | INFO | fastapi_app | PUT /cart/5 -> 200 (858.76 ms)
2026-08-25 16:03:44 | INFO | fastapi_app | GET /cart -> 200 (222.83 ms)
2026-08-25 16:03:44 | INFO | fastapi_app | GET /products -> 200 (353.10 ms)
2026-08-25 16:03:47 | INFO | fastapi_app | PUT /cart/5 -> 200 (930.48 ms)
2026-08-25 16:03:47 | INFO | fastapi_app | GET /cart -> 200 (237.86 ms)
2026-08-25 16:03:48 | INFO | fastapi_app | GET /products -> 200 (356.93 ms)
2026-08-25 16:03:53 | INFO | fastapi_app | POST /cart/checkout -> 200 (639.38 ms)
2026-08-25 16:03:53 | INFO | fastapi_app | GET /cart -> 200 (171.11 ms)
2026-08-25 16:03:57 | ERROR | fastapi_app | Unhandled error: Error Multiple exceptions: [Errno 10061] Connect call failed ('::1', 6379, 0, 0), [Errno 10061] Connect call failed ('127.0.0.1', 6379) connecting to localhost:6379.
Traceback (most recent call last):
  File "C:\Users\swaraj.gujar\Documents\FastAPI All\venv\Lib\site-packages\redis\asyncio\connection.py", line 850, in connect_check_health
    await self._connect()
  File "C:\Users\swaraj.gujar\Documents\FastAPI All\venv\Lib\site-packages\redis\asyncio\connection.py", line 1487, in _connect
    reader, writer = await asyncio.open_connection(
                     ^^^^^^^^^^^^^^^^^^^^^^^^^^^^^^
        **self._connection_arguments()
        ^^^^^^^^^^^^^^^^^^^^^^^^^^^^^^
    )
    ^
  File "C:\Program Files\WindowsApps\PythonSoftwareFoundation.Python.3.13_3.13.3824.0_x64__qbz5n2kfra8p0\Lib\asyncio\streams.py", line 48, in open_connection
    transport, _ = await loop.create_connection(
                   ^^^^^^^^^^^^^^^^^^^^^^^^^^^^^
        lambda: protocol, host, port, **kwds)
        ^^^^^^^^^^^^^^^^^^^^^^^^^^^^^^^^^^^^^
  File "C:\Program Files\WindowsApps\PythonSoftwareFoundation.Python.3.13_3.13.3824.0_x64__qbz5n2kfra8p0\Lib\asyncio\base_events.py", line 1179, in create_connection
    raise OSError('Multiple exceptions: {}'.format(
        ', '.join(str(exc) for exc in exceptions)))
OSError: Multiple exceptions: [Errno 10061] Connect call failed ('::1', 6379, 0, 0), [Errno 10061] Connect call failed ('127.0.0.1', 6379)

The above exception was the direct cause of the following exception:

Traceback (most recent call last):
  File "C:\Users\swaraj.gujar\Documents\FastAPI All\venv\Lib\site-packages\starlette\middleware\errors.py", line 164, in __call__
    await self.app(scope, receive, _send)
  File "C:\Users\swaraj.gujar\Documents\FastAPI All\venv\Lib\site-packages\starlette\middleware\cors.py", line 96, in __call__
    await self.simple_response(scope, receive, send, request_headers=headers)
  File "C:\Users\swaraj.gujar\Documents\FastAPI All\venv\Lib\site-packages\starlette\middleware\cors.py", line 154, in simple_response
    await self.app(scope, receive, send)
  File "C:\Users\swaraj.gujar\Documents\FastAPI All\venv\Lib\site-packages\starlette\middleware\base.py", line 193, in __call__
    response = await self.dispatch_func(request, call_next)
               ^^^^^^^^^^^^^^^^^^^^^^^^^^^^^^^^^^^^^^^^^^^^
  File "C:\Users\swaraj.gujar\Documents\FastAPI All\app\middleware\request_logging.py", line 13, in dispatch
    response = await call_next(request)
               ^^^^^^^^^^^^^^^^^^^^^^^^
  File "C:\Users\swaraj.gujar\Documents\FastAPI All\venv\Lib\site-packages\starlette\middleware\base.py", line 168, in call_next
    raise app_exc from app_exc.__cause__ or app_exc.__context__
  File "C:\Users\swaraj.gujar\Documents\FastAPI All\venv\Lib\site-packages\starlette\middleware\base.py", line 144, in coro
    await self.app(scope, receive_or_disconnect, send_no_error)
  File "C:\Users\swaraj.gujar\Documents\FastAPI All\venv\Lib\site-packages\starlette\middleware\exceptions.py", line 63, in __call__
    await wrap_app_handling_exceptions(self.app, conn)(scope, receive, send)
  File "C:\Users\swaraj.gujar\Documents\FastAPI All\venv\Lib\site-packages\starlette\_exception_handler.py", line 53, in wrapped_app
    raise exc
  File "C:\Users\swaraj.gujar\Documents\FastAPI All\venv\Lib\site-packages\starlette\_exception_handler.py", line 42, in wrapped_app
    await app(scope, receive, sender)
  File "C:\Users\swaraj.gujar\Documents\FastAPI All\venv\Lib\site-packages\fastapi\middleware\asyncexitstack.py", line 18, in __call__
    await self.app(scope, receive, send)
  File "C:\Users\swaraj.gujar\Documents\FastAPI All\venv\Lib\site-packages\starlette\routing.py", line 660, in __call__
    await self.middleware_stack(scope, receive, send)
  File "C:\Users\swaraj.gujar\Documents\FastAPI All\venv\Lib\site-packages\fastapi\routing.py", line 2734, in app
    await route.handle(scope, receive, send)
  File "C:\Users\swaraj.gujar\Documents\FastAPI All\venv\Lib\site-packages\fastapi\routing.py", line 1780, in handle
    await self.original_router.handle(scope, receive, send)
  File "C:\Users\swaraj.gujar\Documents\FastAPI All\venv\Lib\site-packages\fastapi\routing.py", line 2789, in handle
    await included_router._handle_selected(scope, receive, send)
  File "C:\Users\swaraj.gujar\Documents\FastAPI All\venv\Lib\site-packages\fastapi\routing.py", line 1791, in _handle_selected
    await route.handle(scope, receive, send)
  File "C:\Users\swaraj.gujar\Documents\FastAPI All\venv\Lib\site-packages\fastapi\routing.py", line 1780, in handle
    await self.original_router.handle(scope, receive, send)
  File "C:\Users\swaraj.gujar\Documents\FastAPI All\venv\Lib\site-packages\fastapi\routing.py", line 2789, in handle
    await included_router._handle_selected(scope, receive, send)
  File "C:\Users\swaraj.gujar\Documents\FastAPI All\venv\Lib\site-packages\fastapi\routing.py", line 1800, in _handle_selected
    await original_route.handle(scope, receive, send)
  File "C:\Users\swaraj.gujar\Documents\FastAPI All\venv\Lib\site-packages\fastapi\routing.py", line 1279, in handle
    await app(scope, receive, send)
  File "C:\Users\swaraj.gujar\Documents\FastAPI All\venv\Lib\site-packages\fastapi\routing.py", line 158, in app
    await wrap_app_handling_exceptions(app, request)(scope, receive, send)
  File "C:\Users\swaraj.gujar\Documents\FastAPI All\venv\Lib\site-packages\starlette\_exception_handler.py", line 53, in wrapped_app
    raise exc
  File "C:\Users\swaraj.gujar\Documents\FastAPI All\venv\Lib\site-packages\starlette\_exception_handler.py", line 42, in wrapped_app
    await app(scope, receive, sender)
  File "C:\Users\swaraj.gujar\Documents\FastAPI All\venv\Lib\site-packages\fastapi\routing.py", line 144, in app
    response = await f(request)
               ^^^^^^^^^^^^^^^^
  File "C:\Users\swaraj.gujar\Documents\FastAPI All\venv\Lib\site-packages\fastapi\routing.py", line 481, in app
    solved_result = await solve_dependencies(
                    ^^^^^^^^^^^^^^^^^^^^^^^^^
    ...<6 lines>...
    )
    ^
  File "C:\Users\swaraj.gujar\Documents\FastAPI All\venv\Lib\site-packages\fastapi\dependencies\utils.py", line 674, in solve_dependencies
    solved = await call(**solved_result.values)
             ^^^^^^^^^^^^^^^^^^^^^^^^^^^^^^^^^^
  File "C:\Users\swaraj.gujar\Documents\FastAPI All\app\core\rate_limiting.py", line 40, in check_rate_limit
    count = await redis_client.incr(key)
            ^^^^^^^^^^^^^^^^^^^^^^^^^^^^
  File "C:\Users\swaraj.gujar\Documents\FastAPI All\venv\Lib\site-packages\redis\asyncio\client.py", line 929, in execute_command
    conn = self.connection or await pool.get_connection()
                              ^^^^^^^^^^^^^^^^^^^^^^^^^^^
  File "C:\Users\swaraj.gujar\Documents\FastAPI All\venv\Lib\site-packages\redis\utils.py", line 249, in async_wrapper
    return await func(*args, **kwargs)
           ^^^^^^^^^^^^^^^^^^^^^^^^^^^
  File "C:\Users\swaraj.gujar\Documents\FastAPI All\venv\Lib\site-packages\redis\asyncio\connection.py", line 2824, in get_connection
    await self.ensure_connection(connection)
  File "C:\Users\swaraj.gujar\Documents\FastAPI All\venv\Lib\site-packages\redis\asyncio\connection.py", line 2865, in ensure_connection
    await connection.connect()
  File "C:\Users\swaraj.gujar\Documents\FastAPI All\venv\Lib\site-packages\redis\asyncio\connection.py", line 819, in connect
    await self.retry.call_with_retry(
    ...<7 lines>...
    )
  File "C:\Users\swaraj.gujar\Documents\FastAPI All\venv\Lib\site-packages\redis\asyncio\retry.py", line 81, in call_with_retry
    raise error
  File "C:\Users\swaraj.gujar\Documents\FastAPI All\venv\Lib\site-packages\redis\asyncio\retry.py", line 69, in call_with_retry
    return await do()
           ^^^^^^^^^^
  File "C:\Users\swaraj.gujar\Documents\FastAPI All\venv\Lib\site-packages\redis\asyncio\connection.py", line 876, in connect_check_health
    raise e
redis.exceptions.ConnectionError: Error Multiple exceptions: [Errno 10061] Connect call failed ('::1', 6379, 0, 0), [Errno 10061] Connect call failed ('127.0.0.1', 6379) connecting to localhost:6379.
2026-08-25 16:09:18 | INFO | fastapi_app | POST /cart -> 201 (875.23 ms)
2026-08-25 16:09:19 | INFO | fastapi_app | GET /cart -> 200 (283.16 ms)
2026-08-25 16:09:24 | INFO | fastapi_app | POST /cart/checkout -> 200 (632.34 ms)
2026-08-25 16:09:25 | INFO | fastapi_app | GET /cart -> 200 (179.61 ms)
2026-08-25 16:09:29 | ERROR | fastapi_app | Unhandled error: Error Multiple exceptions: [Errno 10061] Connect call failed ('::1', 6379, 0, 0), [Errno 10061] Connect call failed ('127.0.0.1', 6379) connecting to localhost:6379.
Traceback (most recent call last):
  File "C:\Users\swaraj.gujar\Documents\FastAPI All\venv\Lib\site-packages\redis\asyncio\connection.py", line 850, in connect_check_health
    await self._connect()
  File "C:\Users\swaraj.gujar\Documents\FastAPI All\venv\Lib\site-packages\redis\asyncio\connection.py", line 1487, in _connect
    reader, writer = await asyncio.open_connection(
                     ^^^^^^^^^^^^^^^^^^^^^^^^^^^^^^
        **self._connection_arguments()
        ^^^^^^^^^^^^^^^^^^^^^^^^^^^^^^
    )
    ^
  File "C:\Program Files\WindowsApps\PythonSoftwareFoundation.Python.3.13_3.13.3824.0_x64__qbz5n2kfra8p0\Lib\asyncio\streams.py", line 48, in open_connection
    transport, _ = await loop.create_connection(
                   ^^^^^^^^^^^^^^^^^^^^^^^^^^^^^
        lambda: protocol, host, port, **kwds)
        ^^^^^^^^^^^^^^^^^^^^^^^^^^^^^^^^^^^^^
  File "C:\Program Files\WindowsApps\PythonSoftwareFoundation.Python.3.13_3.13.3824.0_x64__qbz5n2kfra8p0\Lib\asyncio\base_events.py", line 1179, in create_connection
    raise OSError('Multiple exceptions: {}'.format(
        ', '.join(str(exc) for exc in exceptions)))
OSError: Multiple exceptions: [Errno 10061] Connect call failed ('::1', 6379, 0, 0), [Errno 10061] Connect call failed ('127.0.0.1', 6379)

The above exception was the direct cause of the following exception:

Traceback (most recent call last):
  File "C:\Users\swaraj.gujar\Documents\FastAPI All\venv\Lib\site-packages\starlette\middleware\errors.py", line 164, in __call__
    await self.app(scope, receive, _send)
  File "C:\Users\swaraj.gujar\Documents\FastAPI All\venv\Lib\site-packages\starlette\middleware\cors.py", line 96, in __call__
    await self.simple_response(scope, receive, send, request_headers=headers)
  File "C:\Users\swaraj.gujar\Documents\FastAPI All\venv\Lib\site-packages\starlette\middleware\cors.py", line 154, in simple_response
    await self.app(scope, receive, send)
  File "C:\Users\swaraj.gujar\Documents\FastAPI All\venv\Lib\site-packages\starlette\middleware\base.py", line 193, in __call__
    response = await self.dispatch_func(request, call_next)
               ^^^^^^^^^^^^^^^^^^^^^^^^^^^^^^^^^^^^^^^^^^^^
  File "C:\Users\swaraj.gujar\Documents\FastAPI All\app\middleware\request_logging.py", line 13, in dispatch
    response = await call_next(request)
               ^^^^^^^^^^^^^^^^^^^^^^^^
  File "C:\Users\swaraj.gujar\Documents\FastAPI All\venv\Lib\site-packages\starlette\middleware\base.py", line 168, in call_next
    raise app_exc from app_exc.__cause__ or app_exc.__context__
  File "C:\Users\swaraj.gujar\Documents\FastAPI All\venv\Lib\site-packages\starlette\middleware\base.py", line 144, in coro
    await self.app(scope, receive_or_disconnect, send_no_error)
  File "C:\Users\swaraj.gujar\Documents\FastAPI All\venv\Lib\site-packages\starlette\middleware\exceptions.py", line 63, in __call__
    await wrap_app_handling_exceptions(self.app, conn)(scope, receive, send)
  File "C:\Users\swaraj.gujar\Documents\FastAPI All\venv\Lib\site-packages\starlette\_exception_handler.py", line 53, in wrapped_app
    raise exc
  File "C:\Users\swaraj.gujar\Documents\FastAPI All\venv\Lib\site-packages\starlette\_exception_handler.py", line 42, in wrapped_app
    await app(scope, receive, sender)
  File "C:\Users\swaraj.gujar\Documents\FastAPI All\venv\Lib\site-packages\fastapi\middleware\asyncexitstack.py", line 18, in __call__
    await self.app(scope, receive, send)
  File "C:\Users\swaraj.gujar\Documents\FastAPI All\venv\Lib\site-packages\starlette\routing.py", line 660, in __call__
    await self.middleware_stack(scope, receive, send)
  File "C:\Users\swaraj.gujar\Documents\FastAPI All\venv\Lib\site-packages\fastapi\routing.py", line 2734, in app
    await route.handle(scope, receive, send)
  File "C:\Users\swaraj.gujar\Documents\FastAPI All\venv\Lib\site-packages\fastapi\routing.py", line 1780, in handle
    await self.original_router.handle(scope, receive, send)
  File "C:\Users\swaraj.gujar\Documents\FastAPI All\venv\Lib\site-packages\fastapi\routing.py", line 2789, in handle
    await included_router._handle_selected(scope, receive, send)
  File "C:\Users\swaraj.gujar\Documents\FastAPI All\venv\Lib\site-packages\fastapi\routing.py", line 1791, in _handle_selected
    await route.handle(scope, receive, send)
  File "C:\Users\swaraj.gujar\Documents\FastAPI All\venv\Lib\site-packages\fastapi\routing.py", line 1780, in handle
    await self.original_router.handle(scope, receive, send)
  File "C:\Users\swaraj.gujar\Documents\FastAPI All\venv\Lib\site-packages\fastapi\routing.py", line 2789, in handle
    await included_router._handle_selected(scope, receive, send)
  File "C:\Users\swaraj.gujar\Documents\FastAPI All\venv\Lib\site-packages\fastapi\routing.py", line 1800, in _handle_selected
    await original_route.handle(scope, receive, send)
  File "C:\Users\swaraj.gujar\Documents\FastAPI All\venv\Lib\site-packages\fastapi\routing.py", line 1279, in handle
    await app(scope, receive, send)
  File "C:\Users\swaraj.gujar\Documents\FastAPI All\venv\Lib\site-packages\fastapi\routing.py", line 158, in app
    await wrap_app_handling_exceptions(app, request)(scope, receive, send)
  File "C:\Users\swaraj.gujar\Documents\FastAPI All\venv\Lib\site-packages\starlette\_exception_handler.py", line 53, in wrapped_app
    raise exc
  File "C:\Users\swaraj.gujar\Documents\FastAPI All\venv\Lib\site-packages\starlette\_exception_handler.py", line 42, in wrapped_app
    await app(scope, receive, sender)
  File "C:\Users\swaraj.gujar\Documents\FastAPI All\venv\Lib\site-packages\fastapi\routing.py", line 144, in app
    response = await f(request)
               ^^^^^^^^^^^^^^^^
  File "C:\Users\swaraj.gujar\Documents\FastAPI All\venv\Lib\site-packages\fastapi\routing.py", line 481, in app
    solved_result = await solve_dependencies(
                    ^^^^^^^^^^^^^^^^^^^^^^^^^
    ...<6 lines>...
    )
    ^
  File "C:\Users\swaraj.gujar\Documents\FastAPI All\venv\Lib\site-packages\fastapi\dependencies\utils.py", line 674, in solve_dependencies
    solved = await call(**solved_result.values)
             ^^^^^^^^^^^^^^^^^^^^^^^^^^^^^^^^^^
  File "C:\Users\swaraj.gujar\Documents\FastAPI All\app\core\rate_limiting.py", line 40, in check_rate_limit
    count = await redis_client.incr(key)
            ^^^^^^^^^^^^^^^^^^^^^^^^^^^^
  File "C:\Users\swaraj.gujar\Documents\FastAPI All\venv\Lib\site-packages\redis\asyncio\client.py", line 929, in execute_command
    conn = self.connection or await pool.get_connection()
                              ^^^^^^^^^^^^^^^^^^^^^^^^^^^
  File "C:\Users\swaraj.gujar\Documents\FastAPI All\venv\Lib\site-packages\redis\utils.py", line 249, in async_wrapper
    return await func(*args, **kwargs)
           ^^^^^^^^^^^^^^^^^^^^^^^^^^^
  File "C:\Users\swaraj.gujar\Documents\FastAPI All\venv\Lib\site-packages\redis\asyncio\connection.py", line 2824, in get_connection
    await self.ensure_connection(connection)
  File "C:\Users\swaraj.gujar\Documents\FastAPI All\venv\Lib\site-packages\redis\asyncio\connection.py", line 2865, in ensure_connection
    await connection.connect()
  File "C:\Users\swaraj.gujar\Documents\FastAPI All\venv\Lib\site-packages\redis\asyncio\connection.py", line 819, in connect
    await self.retry.call_with_retry(
    ...<7 lines>...
    )
  File "C:\Users\swaraj.gujar\Documents\FastAPI All\venv\Lib\site-packages\redis\asyncio\retry.py", line 81, in call_with_retry
    raise error
  File "C:\Users\swaraj.gujar\Documents\FastAPI All\venv\Lib\site-packages\redis\asyncio\retry.py", line 69, in call_with_retry
    return await do()
           ^^^^^^^^^^
  File "C:\Users\swaraj.gujar\Documents\FastAPI All\venv\Lib\site-packages\redis\asyncio\connection.py", line 876, in connect_check_health
    raise e
redis.exceptions.ConnectionError: Error Multiple exceptions: [Errno 10061] Connect call failed ('::1', 6379, 0, 0), [Errno 10061] Connect call failed ('127.0.0.1', 6379) connecting to localhost:6379.
2026-08-25 16:09:52 | INFO | fastapi_app | POST /cart -> 201 (832.70 ms)
2026-08-25 16:09:52 | INFO | fastapi_app | GET /cart -> 200 (260.29 ms)
2026-08-25 16:09:59 | INFO | fastapi_app | POST /cart/checkout -> 200 (627.20 ms)
2026-08-25 16:10:00 | INFO | fastapi_app | GET /cart -> 200 (175.61 ms)
2026-08-25 16:10:04 | ERROR | fastapi_app | Unhandled error: Error Multiple exceptions: [Errno 10061] Connect call failed ('::1', 6379, 0, 0), [Errno 10061] Connect call failed ('127.0.0.1', 6379) connecting to localhost:6379.
Traceback (most recent call last):
  File "C:\Users\swaraj.gujar\Documents\FastAPI All\venv\Lib\site-packages\redis\asyncio\connection.py", line 850, in connect_check_health
    await self._connect()
  File "C:\Users\swaraj.gujar\Documents\FastAPI All\venv\Lib\site-packages\redis\asyncio\connection.py", line 1487, in _connect
    reader, writer = await asyncio.open_connection(
                     ^^^^^^^^^^^^^^^^^^^^^^^^^^^^^^
        **self._connection_arguments()
        ^^^^^^^^^^^^^^^^^^^^^^^^^^^^^^
    )
    ^
  File "C:\Program Files\WindowsApps\PythonSoftwareFoundation.Python.3.13_3.13.3824.0_x64__qbz5n2kfra8p0\Lib\asyncio\streams.py", line 48, in open_connection
    transport, _ = await loop.create_connection(
                   ^^^^^^^^^^^^^^^^^^^^^^^^^^^^^
        lambda: protocol, host, port, **kwds)
        ^^^^^^^^^^^^^^^^^^^^^^^^^^^^^^^^^^^^^
  File "C:\Program Files\WindowsApps\PythonSoftwareFoundation.Python.3.13_3.13.3824.0_x64__qbz5n2kfra8p0\Lib\asyncio\base_events.py", line 1179, in create_connection
    raise OSError('Multiple exceptions: {}'.format(
        ', '.join(str(exc) for exc in exceptions)))
OSError: Multiple exceptions: [Errno 10061] Connect call failed ('::1', 6379, 0, 0), [Errno 10061] Connect call failed ('127.0.0.1', 6379)

The above exception was the direct cause of the following exception:

Traceback (most recent call last):
  File "C:\Users\swaraj.gujar\Documents\FastAPI All\venv\Lib\site-packages\starlette\middleware\errors.py", line 164, in __call__
    await self.app(scope, receive, _send)
  File "C:\Users\swaraj.gujar\Documents\FastAPI All\venv\Lib\site-packages\starlette\middleware\cors.py", line 96, in __call__
    await self.simple_response(scope, receive, send, request_headers=headers)
  File "C:\Users\swaraj.gujar\Documents\FastAPI All\venv\Lib\site-packages\starlette\middleware\cors.py", line 154, in simple_response
    await self.app(scope, receive, send)
  File "C:\Users\swaraj.gujar\Documents\FastAPI All\venv\Lib\site-packages\starlette\middleware\base.py", line 193, in __call__
    response = await self.dispatch_func(request, call_next)
               ^^^^^^^^^^^^^^^^^^^^^^^^^^^^^^^^^^^^^^^^^^^^
  File "C:\Users\swaraj.gujar\Documents\FastAPI All\app\middleware\request_logging.py", line 13, in dispatch
    response = await call_next(request)
               ^^^^^^^^^^^^^^^^^^^^^^^^
  File "C:\Users\swaraj.gujar\Documents\FastAPI All\venv\Lib\site-packages\starlette\middleware\base.py", line 168, in call_next
    raise app_exc from app_exc.__cause__ or app_exc.__context__
  File "C:\Users\swaraj.gujar\Documents\FastAPI All\venv\Lib\site-packages\starlette\middleware\base.py", line 144, in coro
    await self.app(scope, receive_or_disconnect, send_no_error)
  File "C:\Users\swaraj.gujar\Documents\FastAPI All\venv\Lib\site-packages\starlette\middleware\exceptions.py", line 63, in __call__
    await wrap_app_handling_exceptions(self.app, conn)(scope, receive, send)
  File "C:\Users\swaraj.gujar\Documents\FastAPI All\venv\Lib\site-packages\starlette\_exception_handler.py", line 53, in wrapped_app
    raise exc
  File "C:\Users\swaraj.gujar\Documents\FastAPI All\venv\Lib\site-packages\starlette\_exception_handler.py", line 42, in wrapped_app
    await app(scope, receive, sender)
  File "C:\Users\swaraj.gujar\Documents\FastAPI All\venv\Lib\site-packages\fastapi\middleware\asyncexitstack.py", line 18, in __call__
    await self.app(scope, receive, send)
  File "C:\Users\swaraj.gujar\Documents\FastAPI All\venv\Lib\site-packages\starlette\routing.py", line 660, in __call__
    await self.middleware_stack(scope, receive, send)
  File "C:\Users\swaraj.gujar\Documents\FastAPI All\venv\Lib\site-packages\fastapi\routing.py", line 2734, in app
    await route.handle(scope, receive, send)
  File "C:\Users\swaraj.gujar\Documents\FastAPI All\venv\Lib\site-packages\fastapi\routing.py", line 1780, in handle
    await self.original_router.handle(scope, receive, send)
  File "C:\Users\swaraj.gujar\Documents\FastAPI All\venv\Lib\site-packages\fastapi\routing.py", line 2789, in handle
    await included_router._handle_selected(scope, receive, send)
  File "C:\Users\swaraj.gujar\Documents\FastAPI All\venv\Lib\site-packages\fastapi\routing.py", line 1791, in _handle_selected
    await route.handle(scope, receive, send)
  File "C:\Users\swaraj.gujar\Documents\FastAPI All\venv\Lib\site-packages\fastapi\routing.py", line 1780, in handle
    await self.original_router.handle(scope, receive, send)
  File "C:\Users\swaraj.gujar\Documents\FastAPI All\venv\Lib\site-packages\fastapi\routing.py", line 2789, in handle
    await included_router._handle_selected(scope, receive, send)
  File "C:\Users\swaraj.gujar\Documents\FastAPI All\venv\Lib\site-packages\fastapi\routing.py", line 1800, in _handle_selected
    await original_route.handle(scope, receive, send)
  File "C:\Users\swaraj.gujar\Documents\FastAPI All\venv\Lib\site-packages\fastapi\routing.py", line 1279, in handle
    await app(scope, receive, send)
  File "C:\Users\swaraj.gujar\Documents\FastAPI All\venv\Lib\site-packages\fastapi\routing.py", line 158, in app
    await wrap_app_handling_exceptions(app, request)(scope, receive, send)
  File "C:\Users\swaraj.gujar\Documents\FastAPI All\venv\Lib\site-packages\starlette\_exception_handler.py", line 53, in wrapped_app
    raise exc
  File "C:\Users\swaraj.gujar\Documents\FastAPI All\venv\Lib\site-packages\starlette\_exception_handler.py", line 42, in wrapped_app
    await app(scope, receive, sender)
  File "C:\Users\swaraj.gujar\Documents\FastAPI All\venv\Lib\site-packages\fastapi\routing.py", line 144, in app
    response = await f(request)
               ^^^^^^^^^^^^^^^^
  File "C:\Users\swaraj.gujar\Documents\FastAPI All\venv\Lib\site-packages\fastapi\routing.py", line 481, in app
    solved_result = await solve_dependencies(
                    ^^^^^^^^^^^^^^^^^^^^^^^^^
    ...<6 lines>...
    )
    ^
  File "C:\Users\swaraj.gujar\Documents\FastAPI All\venv\Lib\site-packages\fastapi\dependencies\utils.py", line 674, in solve_dependencies
    solved = await call(**solved_result.values)
             ^^^^^^^^^^^^^^^^^^^^^^^^^^^^^^^^^^
  File "C:\Users\swaraj.gujar\Documents\FastAPI All\app\core\rate_limiting.py", line 40, in check_rate_limit
    count = await redis_client.incr(key)
            ^^^^^^^^^^^^^^^^^^^^^^^^^^^^
  File "C:\Users\swaraj.gujar\Documents\FastAPI All\venv\Lib\site-packages\redis\asyncio\client.py", line 929, in execute_command
    conn = self.connection or await pool.get_connection()
                              ^^^^^^^^^^^^^^^^^^^^^^^^^^^
  File "C:\Users\swaraj.gujar\Documents\FastAPI All\venv\Lib\site-packages\redis\utils.py", line 249, in async_wrapper
    return await func(*args, **kwargs)
           ^^^^^^^^^^^^^^^^^^^^^^^^^^^
  File "C:\Users\swaraj.gujar\Documents\FastAPI All\venv\Lib\site-packages\redis\asyncio\connection.py", line 2824, in get_connection
    await self.ensure_connection(connection)
  File "C:\Users\swaraj.gujar\Documents\FastAPI All\venv\Lib\site-packages\redis\asyncio\connection.py", line 2865, in ensure_connection
    await connection.connect()
  File "C:\Users\swaraj.gujar\Documents\FastAPI All\venv\Lib\site-packages\redis\asyncio\connection.py", line 819, in connect
    await self.retry.call_with_retry(
    ...<7 lines>...
    )
  File "C:\Users\swaraj.gujar\Documents\FastAPI All\venv\Lib\site-packages\redis\asyncio\retry.py", line 81, in call_with_retry
    raise error
  File "C:\Users\swaraj.gujar\Documents\FastAPI All\venv\Lib\site-packages\redis\asyncio\retry.py", line 69, in call_with_retry
    return await do()
           ^^^^^^^^^^
  File "C:\Users\swaraj.gujar\Documents\FastAPI All\venv\Lib\site-packages\redis\asyncio\connection.py", line 876, in connect_check_health
    raise e
redis.exceptions.ConnectionError: Error Multiple exceptions: [Errno 10061] Connect call failed ('::1', 6379, 0, 0), [Errno 10061] Connect call failed ('127.0.0.1', 6379) connecting to localhost:6379.
2026-08-25 16:11:11 | INFO | fastapi_app | GET /admin/users -> 200 (437.04 ms)
2026-08-25 16:11:12 | INFO | fastapi_app | GET /admin/users -> 200 (415.20 ms)
2026-08-25 16:11:14 | INFO | fastapi_app | GET /admin/users/3 -> 200 (301.64 ms)
2026-08-25 16:11:19 | INFO | fastapi_app | DELETE /admin/users/3 -> 200 (675.24 ms)
2026-08-25 16:11:21 | INFO | fastapi_app | GET /cart -> 200 (195.52 ms)
2026-08-25 16:11:21 | INFO | fastapi_app | GET /products -> 200 (373.46 ms)
2026-08-25 16:11:21 | INFO | fastapi_app | GET /cart -> 200 (179.20 ms)
2026-08-25 16:11:21 | INFO | fastapi_app | GET /products -> 200 (344.92 ms)
2026-08-25 16:11:54 | INFO | fastapi_app | POST /cart -> 201 (817.00 ms)
2026-08-25 16:11:54 | INFO | fastapi_app | GET /cart -> 200 (237.29 ms)
2026-08-25 16:11:58 | INFO | fastapi_app | GET /cart -> 200 (233.44 ms)
2026-08-25 16:12:01 | INFO | fastapi_app | POST /cart/checkout -> 200 (632.98 ms)
2026-08-25 16:12:01 | INFO | fastapi_app | GET /cart -> 200 (173.14 ms)
2026-08-25 16:12:06 | ERROR | fastapi_app | Unhandled error: Error Multiple exceptions: [Errno 10061] Connect call failed ('::1', 6379, 0, 0), [Errno 10061] Connect call failed ('127.0.0.1', 6379) connecting to localhost:6379.
Traceback (most recent call last):
  File "C:\Users\swaraj.gujar\Documents\FastAPI All\venv\Lib\site-packages\redis\asyncio\connection.py", line 850, in connect_check_health
    await self._connect()
  File "C:\Users\swaraj.gujar\Documents\FastAPI All\venv\Lib\site-packages\redis\asyncio\connection.py", line 1487, in _connect
    reader, writer = await asyncio.open_connection(
                     ^^^^^^^^^^^^^^^^^^^^^^^^^^^^^^
        **self._connection_arguments()
        ^^^^^^^^^^^^^^^^^^^^^^^^^^^^^^
    )
    ^
  File "C:\Program Files\WindowsApps\PythonSoftwareFoundation.Python.3.13_3.13.3824.0_x64__qbz5n2kfra8p0\Lib\asyncio\streams.py", line 48, in open_connection
    transport, _ = await loop.create_connection(
                   ^^^^^^^^^^^^^^^^^^^^^^^^^^^^^
        lambda: protocol, host, port, **kwds)
        ^^^^^^^^^^^^^^^^^^^^^^^^^^^^^^^^^^^^^
  File "C:\Program Files\WindowsApps\PythonSoftwareFoundation.Python.3.13_3.13.3824.0_x64__qbz5n2kfra8p0\Lib\asyncio\base_events.py", line 1179, in create_connection
    raise OSError('Multiple exceptions: {}'.format(
        ', '.join(str(exc) for exc in exceptions)))
OSError: Multiple exceptions: [Errno 10061] Connect call failed ('::1', 6379, 0, 0), [Errno 10061] Connect call failed ('127.0.0.1', 6379)

The above exception was the direct cause of the following exception:

Traceback (most recent call last):
  File "C:\Users\swaraj.gujar\Documents\FastAPI All\venv\Lib\site-packages\starlette\middleware\errors.py", line 164, in __call__
    await self.app(scope, receive, _send)
  File "C:\Users\swaraj.gujar\Documents\FastAPI All\venv\Lib\site-packages\starlette\middleware\cors.py", line 96, in __call__
    await self.simple_response(scope, receive, send, request_headers=headers)
  File "C:\Users\swaraj.gujar\Documents\FastAPI All\venv\Lib\site-packages\starlette\middleware\cors.py", line 154, in simple_response
    await self.app(scope, receive, send)
  File "C:\Users\swaraj.gujar\Documents\FastAPI All\venv\Lib\site-packages\starlette\middleware\base.py", line 193, in __call__
    response = await self.dispatch_func(request, call_next)
               ^^^^^^^^^^^^^^^^^^^^^^^^^^^^^^^^^^^^^^^^^^^^
  File "C:\Users\swaraj.gujar\Documents\FastAPI All\app\middleware\request_logging.py", line 13, in dispatch
    response = await call_next(request)
               ^^^^^^^^^^^^^^^^^^^^^^^^
  File "C:\Users\swaraj.gujar\Documents\FastAPI All\venv\Lib\site-packages\starlette\middleware\base.py", line 168, in call_next
    raise app_exc from app_exc.__cause__ or app_exc.__context__
  File "C:\Users\swaraj.gujar\Documents\FastAPI All\venv\Lib\site-packages\starlette\middleware\base.py", line 144, in coro
    await self.app(scope, receive_or_disconnect, send_no_error)
  File "C:\Users\swaraj.gujar\Documents\FastAPI All\venv\Lib\site-packages\starlette\middleware\exceptions.py", line 63, in __call__
    await wrap_app_handling_exceptions(self.app, conn)(scope, receive, send)
  File "C:\Users\swaraj.gujar\Documents\FastAPI All\venv\Lib\site-packages\starlette\_exception_handler.py", line 53, in wrapped_app
    raise exc
  File "C:\Users\swaraj.gujar\Documents\FastAPI All\venv\Lib\site-packages\starlette\_exception_handler.py", line 42, in wrapped_app
    await app(scope, receive, sender)
  File "C:\Users\swaraj.gujar\Documents\FastAPI All\venv\Lib\site-packages\fastapi\middleware\asyncexitstack.py", line 18, in __call__
    await self.app(scope, receive, send)
  File "C:\Users\swaraj.gujar\Documents\FastAPI All\venv\Lib\site-packages\starlette\routing.py", line 660, in __call__
    await self.middleware_stack(scope, receive, send)
  File "C:\Users\swaraj.gujar\Documents\FastAPI All\venv\Lib\site-packages\fastapi\routing.py", line 2734, in app
    await route.handle(scope, receive, send)
  File "C:\Users\swaraj.gujar\Documents\FastAPI All\venv\Lib\site-packages\fastapi\routing.py", line 1780, in handle
    await self.original_router.handle(scope, receive, send)
  File "C:\Users\swaraj.gujar\Documents\FastAPI All\venv\Lib\site-packages\fastapi\routing.py", line 2789, in handle
    await included_router._handle_selected(scope, receive, send)
  File "C:\Users\swaraj.gujar\Documents\FastAPI All\venv\Lib\site-packages\fastapi\routing.py", line 1791, in _handle_selected
    await route.handle(scope, receive, send)
  File "C:\Users\swaraj.gujar\Documents\FastAPI All\venv\Lib\site-packages\fastapi\routing.py", line 1780, in handle
    await self.original_router.handle(scope, receive, send)
  File "C:\Users\swaraj.gujar\Documents\FastAPI All\venv\Lib\site-packages\fastapi\routing.py", line 2789, in handle
    await included_router._handle_selected(scope, receive, send)
  File "C:\Users\swaraj.gujar\Documents\FastAPI All\venv\Lib\site-packages\fastapi\routing.py", line 1800, in _handle_selected
    await original_route.handle(scope, receive, send)
  File "C:\Users\swaraj.gujar\Documents\FastAPI All\venv\Lib\site-packages\fastapi\routing.py", line 1279, in handle
    await app(scope, receive, send)
  File "C:\Users\swaraj.gujar\Documents\FastAPI All\venv\Lib\site-packages\fastapi\routing.py", line 158, in app
    await wrap_app_handling_exceptions(app, request)(scope, receive, send)
  File "C:\Users\swaraj.gujar\Documents\FastAPI All\venv\Lib\site-packages\starlette\_exception_handler.py", line 53, in wrapped_app
    raise exc
  File "C:\Users\swaraj.gujar\Documents\FastAPI All\venv\Lib\site-packages\starlette\_exception_handler.py", line 42, in wrapped_app
    await app(scope, receive, sender)
  File "C:\Users\swaraj.gujar\Documents\FastAPI All\venv\Lib\site-packages\fastapi\routing.py", line 144, in app
    response = await f(request)
               ^^^^^^^^^^^^^^^^
  File "C:\Users\swaraj.gujar\Documents\FastAPI All\venv\Lib\site-packages\fastapi\routing.py", line 481, in app
    solved_result = await solve_dependencies(
                    ^^^^^^^^^^^^^^^^^^^^^^^^^
    ...<6 lines>...
    )
    ^
  File "C:\Users\swaraj.gujar\Documents\FastAPI All\venv\Lib\site-packages\fastapi\dependencies\utils.py", line 674, in solve_dependencies
    solved = await call(**solved_result.values)
             ^^^^^^^^^^^^^^^^^^^^^^^^^^^^^^^^^^
  File "C:\Users\swaraj.gujar\Documents\FastAPI All\app\core\rate_limiting.py", line 40, in check_rate_limit
    count = await redis_client.incr(key)
            ^^^^^^^^^^^^^^^^^^^^^^^^^^^^
  File "C:\Users\swaraj.gujar\Documents\FastAPI All\venv\Lib\site-packages\redis\asyncio\client.py", line 929, in execute_command
    conn = self.connection or await pool.get_connection()
                              ^^^^^^^^^^^^^^^^^^^^^^^^^^^
  File "C:\Users\swaraj.gujar\Documents\FastAPI All\venv\Lib\site-packages\redis\utils.py", line 249, in async_wrapper
    return await func(*args, **kwargs)
           ^^^^^^^^^^^^^^^^^^^^^^^^^^^
  File "C:\Users\swaraj.gujar\Documents\FastAPI All\venv\Lib\site-packages\redis\asyncio\connection.py", line 2824, in get_connection
    await self.ensure_connection(connection)
  File "C:\Users\swaraj.gujar\Documents\FastAPI All\venv\Lib\site-packages\redis\asyncio\connection.py", line 2865, in ensure_connection
    await connection.connect()
  File "C:\Users\swaraj.gujar\Documents\FastAPI All\venv\Lib\site-packages\redis\asyncio\connection.py", line 819, in connect
    await self.retry.call_with_retry(
    ...<7 lines>...
    )
  File "C:\Users\swaraj.gujar\Documents\FastAPI All\venv\Lib\site-packages\redis\asyncio\retry.py", line 81, in call_with_retry
    raise error
  File "C:\Users\swaraj.gujar\Documents\FastAPI All\venv\Lib\site-packages\redis\asyncio\retry.py", line 69, in call_with_retry
    return await do()
           ^^^^^^^^^^
  File "C:\Users\swaraj.gujar\Documents\FastAPI All\venv\Lib\site-packages\redis\asyncio\connection.py", line 876, in connect_check_health
    raise e
redis.exceptions.ConnectionError: Error Multiple exceptions: [Errno 10061] Connect call failed ('::1', 6379, 0, 0), [Errno 10061] Connect call failed ('127.0.0.1', 6379) connecting to localhost:6379.
2026-08-25 16:12:39 | INFO | fastapi_app | Application Started
2026-08-25 16:12:43 | INFO | fastapi_app | GET /cart -> 200 (935.04 ms)
2026-08-25 16:12:43 | INFO | fastapi_app | GET /products -> 200 (1395.34 ms)
2026-08-25 16:12:43 | INFO | fastapi_app | GET /products -> 200 (349.69 ms)
2026-08-25 16:12:43 | INFO | fastapi_app | GET /cart -> 200 (538.70 ms)
2026-08-25 16:12:49 | INFO | fastapi_app | POST /cart -> 201 (817.33 ms)
2026-08-25 16:12:49 | INFO | fastapi_app | GET /cart -> 200 (266.01 ms)
2026-08-25 16:12:53 | INFO | fastapi_app | GET /cart -> 200 (228.17 ms)
2026-08-25 16:12:59 | ERROR | fastapi_app | Unhandled error: Error Multiple exceptions: [Errno 10061] Connect call failed ('::1', 6379, 0, 0), [Errno 10061] Connect call failed ('127.0.0.1', 6379) connecting to localhost:6379.
Traceback (most recent call last):
  File "C:\Users\swaraj.gujar\Documents\FastAPI All\venv\Lib\site-packages\redis\asyncio\connection.py", line 850, in connect_check_health
    await self._connect()
  File "C:\Users\swaraj.gujar\Documents\FastAPI All\venv\Lib\site-packages\redis\asyncio\connection.py", line 1487, in _connect
    reader, writer = await asyncio.open_connection(
                     ^^^^^^^^^^^^^^^^^^^^^^^^^^^^^^
        **self._connection_arguments()
        ^^^^^^^^^^^^^^^^^^^^^^^^^^^^^^
    )
    ^
  File "C:\Program Files\WindowsApps\PythonSoftwareFoundation.Python.3.13_3.13.3824.0_x64__qbz5n2kfra8p0\Lib\asyncio\streams.py", line 48, in open_connection
    transport, _ = await loop.create_connection(
                   ^^^^^^^^^^^^^^^^^^^^^^^^^^^^^
        lambda: protocol, host, port, **kwds)
        ^^^^^^^^^^^^^^^^^^^^^^^^^^^^^^^^^^^^^
  File "C:\Program Files\WindowsApps\PythonSoftwareFoundation.Python.3.13_3.13.3824.0_x64__qbz5n2kfra8p0\Lib\asyncio\base_events.py", line 1179, in create_connection
    raise OSError('Multiple exceptions: {}'.format(
        ', '.join(str(exc) for exc in exceptions)))
OSError: Multiple exceptions: [Errno 10061] Connect call failed ('::1', 6379, 0, 0), [Errno 10061] Connect call failed ('127.0.0.1', 6379)

The above exception was the direct cause of the following exception:

Traceback (most recent call last):
  File "C:\Users\swaraj.gujar\Documents\FastAPI All\venv\Lib\site-packages\starlette\middleware\errors.py", line 164, in __call__
    await self.app(scope, receive, _send)
  File "C:\Users\swaraj.gujar\Documents\FastAPI All\venv\Lib\site-packages\starlette\middleware\cors.py", line 96, in __call__
    await self.simple_response(scope, receive, send, request_headers=headers)
  File "C:\Users\swaraj.gujar\Documents\FastAPI All\venv\Lib\site-packages\starlette\middleware\cors.py", line 154, in simple_response
    await self.app(scope, receive, send)
  File "C:\Users\swaraj.gujar\Documents\FastAPI All\venv\Lib\site-packages\starlette\middleware\base.py", line 193, in __call__
    response = await self.dispatch_func(request, call_next)
               ^^^^^^^^^^^^^^^^^^^^^^^^^^^^^^^^^^^^^^^^^^^^
  File "C:\Users\swaraj.gujar\Documents\FastAPI All\app\middleware\request_logging.py", line 13, in dispatch
    response = await call_next(request)
               ^^^^^^^^^^^^^^^^^^^^^^^^
  File "C:\Users\swaraj.gujar\Documents\FastAPI All\venv\Lib\site-packages\starlette\middleware\base.py", line 168, in call_next
    raise app_exc from app_exc.__cause__ or app_exc.__context__
  File "C:\Users\swaraj.gujar\Documents\FastAPI All\venv\Lib\site-packages\starlette\middleware\base.py", line 144, in coro
    await self.app(scope, receive_or_disconnect, send_no_error)
  File "C:\Users\swaraj.gujar\Documents\FastAPI All\venv\Lib\site-packages\starlette\middleware\exceptions.py", line 63, in __call__
    await wrap_app_handling_exceptions(self.app, conn)(scope, receive, send)
  File "C:\Users\swaraj.gujar\Documents\FastAPI All\venv\Lib\site-packages\starlette\_exception_handler.py", line 53, in wrapped_app
    raise exc
  File "C:\Users\swaraj.gujar\Documents\FastAPI All\venv\Lib\site-packages\starlette\_exception_handler.py", line 42, in wrapped_app
    await app(scope, receive, sender)
  File "C:\Users\swaraj.gujar\Documents\FastAPI All\venv\Lib\site-packages\fastapi\middleware\asyncexitstack.py", line 18, in __call__
    await self.app(scope, receive, send)
  File "C:\Users\swaraj.gujar\Documents\FastAPI All\venv\Lib\site-packages\starlette\routing.py", line 660, in __call__
    await self.middleware_stack(scope, receive, send)
  File "C:\Users\swaraj.gujar\Documents\FastAPI All\venv\Lib\site-packages\fastapi\routing.py", line 2734, in app
    await route.handle(scope, receive, send)
  File "C:\Users\swaraj.gujar\Documents\FastAPI All\venv\Lib\site-packages\fastapi\routing.py", line 1780, in handle
    await self.original_router.handle(scope, receive, send)
  File "C:\Users\swaraj.gujar\Documents\FastAPI All\venv\Lib\site-packages\fastapi\routing.py", line 2789, in handle
    await included_router._handle_selected(scope, receive, send)
  File "C:\Users\swaraj.gujar\Documents\FastAPI All\venv\Lib\site-packages\fastapi\routing.py", line 1791, in _handle_selected
    await route.handle(scope, receive, send)
  File "C:\Users\swaraj.gujar\Documents\FastAPI All\venv\Lib\site-packages\fastapi\routing.py", line 1780, in handle
    await self.original_router.handle(scope, receive, send)
  File "C:\Users\swaraj.gujar\Documents\FastAPI All\venv\Lib\site-packages\fastapi\routing.py", line 2789, in handle
    await included_router._handle_selected(scope, receive, send)
  File "C:\Users\swaraj.gujar\Documents\FastAPI All\venv\Lib\site-packages\fastapi\routing.py", line 1800, in _handle_selected
    await original_route.handle(scope, receive, send)
  File "C:\Users\swaraj.gujar\Documents\FastAPI All\venv\Lib\site-packages\fastapi\routing.py", line 1279, in handle
    await app(scope, receive, send)
  File "C:\Users\swaraj.gujar\Documents\FastAPI All\venv\Lib\site-packages\fastapi\routing.py", line 158, in app
    await wrap_app_handling_exceptions(app, request)(scope, receive, send)
  File "C:\Users\swaraj.gujar\Documents\FastAPI All\venv\Lib\site-packages\starlette\_exception_handler.py", line 53, in wrapped_app
    raise exc
  File "C:\Users\swaraj.gujar\Documents\FastAPI All\venv\Lib\site-packages\starlette\_exception_handler.py", line 42, in wrapped_app
    await app(scope, receive, sender)
  File "C:\Users\swaraj.gujar\Documents\FastAPI All\venv\Lib\site-packages\fastapi\routing.py", line 144, in app
    response = await f(request)
               ^^^^^^^^^^^^^^^^
  File "C:\Users\swaraj.gujar\Documents\FastAPI All\venv\Lib\site-packages\fastapi\routing.py", line 481, in app
    solved_result = await solve_dependencies(
                    ^^^^^^^^^^^^^^^^^^^^^^^^^
    ...<6 lines>...
    )
    ^
  File "C:\Users\swaraj.gujar\Documents\FastAPI All\venv\Lib\site-packages\fastapi\dependencies\utils.py", line 674, in solve_dependencies
    solved = await call(**solved_result.values)
             ^^^^^^^^^^^^^^^^^^^^^^^^^^^^^^^^^^
  File "C:\Users\swaraj.gujar\Documents\FastAPI All\app\core\rate_limiting.py", line 40, in check_rate_limit
    count = await redis_client.incr(key)
            ^^^^^^^^^^^^^^^^^^^^^^^^^^^^
  File "C:\Users\swaraj.gujar\Documents\FastAPI All\venv\Lib\site-packages\redis\asyncio\client.py", line 929, in execute_command
    conn = self.connection or await pool.get_connection()
                              ^^^^^^^^^^^^^^^^^^^^^^^^^^^
  File "C:\Users\swaraj.gujar\Documents\FastAPI All\venv\Lib\site-packages\redis\utils.py", line 249, in async_wrapper
    return await func(*args, **kwargs)
           ^^^^^^^^^^^^^^^^^^^^^^^^^^^
  File "C:\Users\swaraj.gujar\Documents\FastAPI All\venv\Lib\site-packages\redis\asyncio\connection.py", line 2824, in get_connection
    await self.ensure_connection(connection)
  File "C:\Users\swaraj.gujar\Documents\FastAPI All\venv\Lib\site-packages\redis\asyncio\connection.py", line 2865, in ensure_connection
    await connection.connect()
  File "C:\Users\swaraj.gujar\Documents\FastAPI All\venv\Lib\site-packages\redis\asyncio\connection.py", line 819, in connect
    await self.retry.call_with_retry(
    ...<7 lines>...
    )
  File "C:\Users\swaraj.gujar\Documents\FastAPI All\venv\Lib\site-packages\redis\asyncio\retry.py", line 81, in call_with_retry
    raise error
  File "C:\Users\swaraj.gujar\Documents\FastAPI All\venv\Lib\site-packages\redis\asyncio\retry.py", line 69, in call_with_retry
    return await do()
           ^^^^^^^^^^
  File "C:\Users\swaraj.gujar\Documents\FastAPI All\venv\Lib\site-packages\redis\asyncio\connection.py", line 876, in connect_check_health
    raise e
redis.exceptions.ConnectionError: Error Multiple exceptions: [Errno 10061] Connect call failed ('::1', 6379, 0, 0), [Errno 10061] Connect call failed ('127.0.0.1', 6379) connecting to localhost:6379.
2026-08-25 16:45:34 | ERROR | fastapi_app | Unhandled error: Error Multiple exceptions: [Errno 10061] Connect call failed ('::1', 6379, 0, 0), [Errno 10061] Connect call failed ('127.0.0.1', 6379) connecting to localhost:6379.
Traceback (most recent call last):
  File "C:\Users\swaraj.gujar\Documents\FastAPI All\venv\Lib\site-packages\redis\asyncio\connection.py", line 850, in connect_check_health
    await self._connect()
  File "C:\Users\swaraj.gujar\Documents\FastAPI All\venv\Lib\site-packages\redis\asyncio\connection.py", line 1487, in _connect
    reader, writer = await asyncio.open_connection(
                     ^^^^^^^^^^^^^^^^^^^^^^^^^^^^^^
        **self._connection_arguments()
        ^^^^^^^^^^^^^^^^^^^^^^^^^^^^^^
    )
    ^
  File "C:\Program Files\WindowsApps\PythonSoftwareFoundation.Python.3.13_3.13.3824.0_x64__qbz5n2kfra8p0\Lib\asyncio\streams.py", line 48, in open_connection
    transport, _ = await loop.create_connection(
                   ^^^^^^^^^^^^^^^^^^^^^^^^^^^^^
        lambda: protocol, host, port, **kwds)
        ^^^^^^^^^^^^^^^^^^^^^^^^^^^^^^^^^^^^^
  File "C:\Program Files\WindowsApps\PythonSoftwareFoundation.Python.3.13_3.13.3824.0_x64__qbz5n2kfra8p0\Lib\asyncio\base_events.py", line 1179, in create_connection
    raise OSError('Multiple exceptions: {}'.format(
        ', '.join(str(exc) for exc in exceptions)))
OSError: Multiple exceptions: [Errno 10061] Connect call failed ('::1', 6379, 0, 0), [Errno 10061] Connect call failed ('127.0.0.1', 6379)

The above exception was the direct cause of the following exception:

Traceback (most recent call last):
  File "C:\Users\swaraj.gujar\Documents\FastAPI All\venv\Lib\site-packages\starlette\middleware\errors.py", line 164, in __call__
    await self.app(scope, receive, _send)
  File "C:\Users\swaraj.gujar\Documents\FastAPI All\venv\Lib\site-packages\starlette\middleware\cors.py", line 88, in __call__
    await self.app(scope, receive, send)
  File "C:\Users\swaraj.gujar\Documents\FastAPI All\venv\Lib\site-packages\starlette\middleware\base.py", line 193, in __call__
    response = await self.dispatch_func(request, call_next)
               ^^^^^^^^^^^^^^^^^^^^^^^^^^^^^^^^^^^^^^^^^^^^
  File "C:\Users\swaraj.gujar\Documents\FastAPI All\app\middleware\request_logging.py", line 13, in dispatch
    response = await call_next(request)
               ^^^^^^^^^^^^^^^^^^^^^^^^
  File "C:\Users\swaraj.gujar\Documents\FastAPI All\venv\Lib\site-packages\starlette\middleware\base.py", line 168, in call_next
    raise app_exc from app_exc.__cause__ or app_exc.__context__
  File "C:\Users\swaraj.gujar\Documents\FastAPI All\venv\Lib\site-packages\starlette\middleware\base.py", line 144, in coro
    await self.app(scope, receive_or_disconnect, send_no_error)
  File "C:\Users\swaraj.gujar\Documents\FastAPI All\venv\Lib\site-packages\starlette\middleware\exceptions.py", line 63, in __call__
    await wrap_app_handling_exceptions(self.app, conn)(scope, receive, send)
  File "C:\Users\swaraj.gujar\Documents\FastAPI All\venv\Lib\site-packages\starlette\_exception_handler.py", line 53, in wrapped_app
    raise exc
  File "C:\Users\swaraj.gujar\Documents\FastAPI All\venv\Lib\site-packages\starlette\_exception_handler.py", line 42, in wrapped_app
    await app(scope, receive, sender)
  File "C:\Users\swaraj.gujar\Documents\FastAPI All\venv\Lib\site-packages\fastapi\middleware\asyncexitstack.py", line 18, in __call__
    await self.app(scope, receive, send)
  File "C:\Users\swaraj.gujar\Documents\FastAPI All\venv\Lib\site-packages\starlette\routing.py", line 660, in __call__
    await self.middleware_stack(scope, receive, send)
  File "C:\Users\swaraj.gujar\Documents\FastAPI All\venv\Lib\site-packages\fastapi\routing.py", line 2734, in app
    await route.handle(scope, receive, send)
  File "C:\Users\swaraj.gujar\Documents\FastAPI All\venv\Lib\site-packages\fastapi\routing.py", line 1780, in handle
    await self.original_router.handle(scope, receive, send)
  File "C:\Users\swaraj.gujar\Documents\FastAPI All\venv\Lib\site-packages\fastapi\routing.py", line 2789, in handle
    await included_router._handle_selected(scope, receive, send)
  File "C:\Users\swaraj.gujar\Documents\FastAPI All\venv\Lib\site-packages\fastapi\routing.py", line 1791, in _handle_selected
    await route.handle(scope, receive, send)
  File "C:\Users\swaraj.gujar\Documents\FastAPI All\venv\Lib\site-packages\fastapi\routing.py", line 1780, in handle
    await self.original_router.handle(scope, receive, send)
  File "C:\Users\swaraj.gujar\Documents\FastAPI All\venv\Lib\site-packages\fastapi\routing.py", line 2789, in handle
    await included_router._handle_selected(scope, receive, send)
  File "C:\Users\swaraj.gujar\Documents\FastAPI All\venv\Lib\site-packages\fastapi\routing.py", line 1800, in _handle_selected
    await original_route.handle(scope, receive, send)
  File "C:\Users\swaraj.gujar\Documents\FastAPI All\venv\Lib\site-packages\fastapi\routing.py", line 1279, in handle
    await app(scope, receive, send)
  File "C:\Users\swaraj.gujar\Documents\FastAPI All\venv\Lib\site-packages\fastapi\routing.py", line 158, in app
    await wrap_app_handling_exceptions(app, request)(scope, receive, send)
  File "C:\Users\swaraj.gujar\Documents\FastAPI All\venv\Lib\site-packages\starlette\_exception_handler.py", line 53, in wrapped_app
    raise exc
  File "C:\Users\swaraj.gujar\Documents\FastAPI All\venv\Lib\site-packages\starlette\_exception_handler.py", line 42, in wrapped_app
    await app(scope, receive, sender)
  File "C:\Users\swaraj.gujar\Documents\FastAPI All\venv\Lib\site-packages\fastapi\routing.py", line 144, in app
    response = await f(request)
               ^^^^^^^^^^^^^^^^
  File "C:\Users\swaraj.gujar\Documents\FastAPI All\venv\Lib\site-packages\fastapi\routing.py", line 706, in app
    raw_response = await run_endpoint_function(
                   ^^^^^^^^^^^^^^^^^^^^^^^^^^^^
    ...<3 lines>...
    )
    ^
  File "C:\Users\swaraj.gujar\Documents\FastAPI All\venv\Lib\site-packages\fastapi\routing.py", line 352, in run_endpoint_function
    return await dependant.call(**values)
           ^^^^^^^^^^^^^^^^^^^^^^^^^^^^^^
  File "C:\Users\swaraj.gujar\Documents\FastAPI All\app\api\v1\redis.py", line 25, in test_redis
    await redis_client.set("test_key", "hello")
  File "C:\Users\swaraj.gujar\Documents\FastAPI All\venv\Lib\site-packages\redis\asyncio\client.py", line 929, in execute_command
    conn = self.connection or await pool.get_connection()
                              ^^^^^^^^^^^^^^^^^^^^^^^^^^^
  File "C:\Users\swaraj.gujar\Documents\FastAPI All\venv\Lib\site-packages\redis\utils.py", line 249, in async_wrapper
    return await func(*args, **kwargs)
           ^^^^^^^^^^^^^^^^^^^^^^^^^^^
  File "C:\Users\swaraj.gujar\Documents\FastAPI All\venv\Lib\site-packages\redis\asyncio\connection.py", line 2824, in get_connection
    await self.ensure_connection(connection)
  File "C:\Users\swaraj.gujar\Documents\FastAPI All\venv\Lib\site-packages\redis\asyncio\connection.py", line 2865, in ensure_connection
    await connection.connect()
  File "C:\Users\swaraj.gujar\Documents\FastAPI All\venv\Lib\site-packages\redis\asyncio\connection.py", line 819, in connect
    await self.retry.call_with_retry(
    ...<7 lines>...
    )
  File "C:\Users\swaraj.gujar\Documents\FastAPI All\venv\Lib\site-packages\redis\asyncio\retry.py", line 81, in call_with_retry
    raise error
  File "C:\Users\swaraj.gujar\Documents\FastAPI All\venv\Lib\site-packages\redis\asyncio\retry.py", line 69, in call_with_retry
    return await do()
           ^^^^^^^^^^
  File "C:\Users\swaraj.gujar\Documents\FastAPI All\venv\Lib\site-packages\redis\asyncio\connection.py", line 876, in connect_check_health
    raise e
redis.exceptions.ConnectionError: Error Multiple exceptions: [Errno 10061] Connect call failed ('::1', 6379, 0, 0), [Errno 10061] Connect call failed ('127.0.0.1', 6379) connecting to localhost:6379.
2026-08-25 16:50:22 | INFO | fastapi_app | Application Started
2026-08-25 16:50:27 | INFO | fastapi_app | Application Started
2026-08-25 16:50:32 | INFO | fastapi_app | GET /redis/test-redis -> 200 (2341.70 ms)
2026-08-25 16:50:46 | INFO | fastapi_app | POST /auth/refresh -> 200 (2350.27 ms)
2026-08-25 16:50:48 | INFO | fastapi_app | POST /cart -> 201 (1174.46 ms)
2026-08-25 16:50:48 | INFO | fastapi_app | GET /cart -> 200 (346.01 ms)
2026-08-25 16:50:54 | INFO | fastapi_app | GET /user/dashboard -> 200 (122.23 ms)
2026-08-25 16:50:54 | INFO | fastapi_app | GET /user/dashboard -> 200 (119.76 ms)
2026-08-25 16:50:55 | INFO | fastapi_app | GET /cart -> 200 (236.25 ms)
2026-08-25 16:50:55 | INFO | fastapi_app | GET /products -> 200 (366.23 ms)
2026-08-25 16:50:55 | INFO | fastapi_app | GET /products -> 200 (342.21 ms)
2026-08-25 16:50:55 | INFO | fastapi_app | GET /cart -> 200 (609.88 ms)
2026-08-25 16:50:59 | INFO | fastapi_app | GET /cart -> 200 (349.08 ms)
2026-08-25 16:51:03 | INFO | fastapi_app | POST /cart/checkout -> 200 (716.89 ms)
2026-08-25 16:51:04 | INFO | fastapi_app | GET /cart -> 200 (205.41 ms)
2026-08-25 16:51:04 | INFO | fastapi_app | GET /orders -> 200 (698.67 ms)
2026-08-25 16:51:12 | INFO | fastapi_app | GET /orders -> 200 (491.89 ms)
2026-08-25 17:00:08 | INFO | fastapi_app | GET /cart -> 200 (531.36 ms)
2026-08-25 17:00:08 | INFO | fastapi_app | GET /products -> 200 (717.64 ms)
2026-08-25 17:00:08 | INFO | fastapi_app | GET /cart -> 200 (270.43 ms)
2026-08-25 17:00:09 | INFO | fastapi_app | GET /products -> 200 (393.79 ms)
2026-08-25 17:00:11 | INFO | fastapi_app | GET /user/dashboard -> 200 (115.28 ms)
2026-08-25 17:00:11 | INFO | fastapi_app | GET /user/dashboard -> 200 (116.21 ms)
2026-08-25 17:21:06 | INFO | fastapi_app | POST /auth/refresh -> 200 (503.26 ms)
2026-08-25 17:21:06 | INFO | fastapi_app | POST /auth/refresh -> 200 (530.83 ms)
2026-08-25 17:21:06 | INFO | fastapi_app | POST /auth/refresh -> 200 (514.24 ms)
2026-08-25 17:21:06 | INFO | fastapi_app | GET /cart -> 200 (257.76 ms)
2026-08-25 17:21:07 | INFO | fastapi_app | GET /cart -> 200 (178.28 ms)
2026-08-25 17:21:07 | INFO | fastapi_app | GET /products -> 200 (438.20 ms)
2026-08-25 17:21:09 | INFO | fastapi_app | POST /auth/refresh -> 200 (3362.79 ms)
2026-08-25 17:21:09 | INFO | fastapi_app | GET /products -> 200 (364.29 ms)
2026-08-25 17:21:15 | INFO | fastapi_app | GET /admin/users -> 200 (519.10 ms)
2026-08-25 17:21:15 | INFO | fastapi_app | GET /admin/users -> 200 (355.56 ms)
2026-08-26 16:17:03 | INFO | fastapi_app | Application Started
2026-08-26 16:18:15 | INFO | fastapi_app | POST /auth/refresh -> 200 (1299.82 ms)
2026-08-26 16:18:15 | INFO | fastapi_app | POST /auth/refresh -> 200 (1307.39 ms)
2026-08-26 16:18:15 | INFO | fastapi_app | POST /auth/refresh -> 200 (2775.42 ms)
2026-08-26 16:18:15 | INFO | fastapi_app | POST /auth/refresh -> 200 (2814.36 ms)
2026-08-26 16:18:16 | INFO | fastapi_app | GET /user/profile -> 200 (252.79 ms)
2026-08-26 16:18:16 | INFO | fastapi_app | GET /user/profile -> 200 (208.58 ms)
2026-08-26 16:18:16 | INFO | fastapi_app | GET /user/profile -> 200 (187.12 ms)
2026-08-26 16:18:16 | INFO | fastapi_app | GET /admin/users -> 200 (428.51 ms)
2026-08-26 16:18:17 | INFO | fastapi_app | GET /user/profile -> 200 (181.27 ms)
2026-08-26 16:18:17 | INFO | fastapi_app | GET /admin/users -> 200 (348.25 ms)
2026-08-26 16:18:20 | INFO | fastapi_app | GET /user/dashboard -> 200 (113.68 ms)
2026-08-26 16:18:20 | INFO | fastapi_app | GET /user/dashboard -> 200 (115.22 ms)
2026-08-26 16:18:26 | INFO | fastapi_app | GET /cart -> 200 (227.53 ms)
2026-08-26 16:18:27 | INFO | fastapi_app | GET /cart -> 200 (183.06 ms)
2026-08-26 16:18:27 | INFO | fastapi_app | GET /products -> 200 (381.95 ms)
2026-08-26 16:18:27 | INFO | fastapi_app | GET /products -> 200 (348.42 ms)
2026-08-26 16:18:30 | INFO | fastapi_app | GET /user/dashboard -> 200 (115.33 ms)
2026-08-26 16:18:30 | INFO | fastapi_app | GET /user/dashboard -> 200 (117.90 ms)
2026-08-26 16:20:36 | INFO | fastapi_app | GET /cart -> 200 (247.79 ms)
2026-08-26 16:20:36 | INFO | fastapi_app | GET /cart -> 200 (193.34 ms)
2026-08-26 16:20:36 | INFO | fastapi_app | GET /products -> 200 (375.95 ms)
2026-08-26 16:20:36 | INFO | fastapi_app | GET /products -> 200 (347.63 ms)
2026-08-26 16:20:37 | INFO | fastapi_app | GET /user/dashboard -> 200 (117.78 ms)
2026-08-26 16:20:37 | INFO | fastapi_app | GET /user/dashboard -> 200 (124.22 ms)
2026-08-26 16:24:37 | INFO | fastapi_app | GET /cart -> 200 (185.12 ms)
2026-08-26 16:24:37 | INFO | fastapi_app | GET /cart -> 200 (190.11 ms)
2026-08-26 16:24:37 | INFO | fastapi_app | GET /products -> 200 (356.16 ms)
2026-08-26 16:24:37 | INFO | fastapi_app | GET /products -> 200 (353.81 ms)
2026-08-26 16:24:40 | INFO | fastapi_app | POST /cart -> 201 (864.26 ms)
2026-08-26 16:24:41 | INFO | fastapi_app | GET /cart -> 200 (229.22 ms)
2026-08-26 16:24:48 | INFO | fastapi_app | POST /cart -> 201 (779.63 ms)
2026-08-26 16:24:48 | INFO | fastapi_app | GET /cart -> 200 (227.00 ms)
2026-08-26 16:24:53 | INFO | fastapi_app | GET /cart -> 200 (228.60 ms)
2026-08-26 16:24:58 | INFO | fastapi_app | GET /cart -> 200 (252.36 ms)
2026-08-26 16:24:58 | INFO | fastapi_app | GET /cart -> 200 (236.69 ms)
2026-08-26 16:24:59 | INFO | fastapi_app | GET /products -> 200 (350.64 ms)
2026-08-26 16:24:59 | INFO | fastapi_app | GET /products -> 200 (357.45 ms)
2026-08-26 16:25:03 | INFO | fastapi_app | GET /cart -> 200 (251.00 ms)
2026-08-26 16:25:06 | INFO | fastapi_app | PUT /cart/10 -> 200 (896.95 ms)
2026-08-26 16:25:06 | INFO | fastapi_app | GET /cart -> 200 (270.75 ms)
2026-08-26 16:25:06 | INFO | fastapi_app | GET /cart -> 200 (262.21 ms)
2026-08-26 16:25:07 | INFO | fastapi_app | GET /products -> 200 (368.36 ms)
2026-08-26 16:25:12 | INFO | fastapi_app | DELETE /cart/10 -> 204 (638.18 ms)
2026-08-26 16:25:12 | INFO | fastapi_app | GET /cart -> 200 (168.37 ms)
2026-08-26 16:25:12 | INFO | fastapi_app | GET /cart -> 200 (170.67 ms)
2026-08-26 16:25:13 | INFO | fastapi_app | GET /products -> 200 (344.52 ms)
2026-08-26 16:25:52 | INFO | fastapi_app | GET /user/dashboard -> 200 (131.45 ms)
2026-08-26 16:25:53 | INFO | fastapi_app | GET /user/dashboard -> 200 (117.76 ms)
2026-08-26 16:25:53 | INFO | fastapi_app | GET /cart -> 200 (177.42 ms)
2026-08-26 16:25:53 | INFO | fastapi_app | GET /cart -> 200 (188.24 ms)
2026-08-26 16:25:54 | INFO | fastapi_app | GET /products -> 200 (374.41 ms)
2026-08-26 16:25:54 | INFO | fastapi_app | GET /products -> 200 (352.13 ms)
2026-08-26 16:26:12 | INFO | fastapi_app | GET /user/profile -> 200 (177.51 ms)
2026-08-26 16:26:12 | INFO | fastapi_app | GET /user/profile -> 200 (181.77 ms)
2026-08-26 16:26:13 | INFO | fastapi_app | GET /products -> 200 (355.28 ms)
2026-08-26 16:26:13 | INFO | fastapi_app | GET /cart -> 200 (181.17 ms)
2026-08-26 16:26:13 | INFO | fastapi_app | GET /cart -> 200 (182.58 ms)
2026-08-26 16:26:13 | INFO | fastapi_app | GET /products -> 200 (364.69 ms)
2026-08-26 16:26:17 | INFO | fastapi_app | GET /user/dashboard -> 200 (120.37 ms)
2026-08-26 16:26:17 | INFO | fastapi_app | GET /user/dashboard -> 200 (115.64 ms)
2026-08-26 16:26:33 | INFO | fastapi_app | GET /admin/users -> 200 (345.35 ms)
2026-08-26 16:26:33 | INFO | fastapi_app | GET /admin/users -> 200 (341.58 ms)
2026-08-26 16:26:37 | INFO | fastapi_app | GET /cart -> 200 (182.62 ms)
2026-08-26 16:26:37 | INFO | fastapi_app | GET /products -> 200 (361.28 ms)
2026-08-26 16:26:37 | INFO | fastapi_app | GET /cart -> 200 (178.59 ms)
2026-08-26 16:26:37 | INFO | fastapi_app | GET /products -> 200 (338.36 ms)
2026-08-26 16:26:38 | INFO | fastapi_app | GET /admin/users -> 200 (344.85 ms)
2026-08-26 16:26:38 | INFO | fastapi_app | GET /admin/users -> 200 (343.07 ms)
2026-08-26 16:26:40 | INFO | fastapi_app | GET /admin/users -> 200 (390.42 ms)
2026-08-26 16:26:41 | INFO | fastapi_app | GET /admin/users -> 200 (392.55 ms)
2026-08-26 16:41:19 | INFO | fastapi_app | GET /cart -> 200 (179.71 ms)
2026-08-26 16:41:19 | INFO | fastapi_app | GET /products -> 200 (345.59 ms)
2026-08-26 16:41:19 | INFO | fastapi_app | GET /cart -> 200 (183.92 ms)
2026-08-26 16:41:20 | INFO | fastapi_app | GET /products -> 200 (338.15 ms)
2026-08-26 16:41:21 | INFO | fastapi_app | GET /user/dashboard -> 200 (123.74 ms)
2026-08-26 16:41:21 | INFO | fastapi_app | GET /user/dashboard -> 200 (117.22 ms)
2026-08-26 16:43:21 | INFO | fastapi_app | GET /user/profile -> 200 (180.82 ms)
2026-08-26 16:43:21 | INFO | fastapi_app | GET /user/profile -> 200 (186.62 ms)
2026-08-26 16:43:25 | INFO | fastapi_app | POST /auth/login -> 401 (211.23 ms)
2026-08-31 13:43:45 | INFO | fastapi_app | Application Started
2026-08-31 13:45:04 | INFO | fastapi_app | POST /auth/refresh -> 200 (1391.27 ms)
2026-08-31 13:45:04 | INFO | fastapi_app | POST /auth/refresh -> 200 (1379.75 ms)
2026-08-31 13:45:04 | INFO | fastapi_app | POST /auth/refresh -> 200 (946.88 ms)
2026-08-31 13:45:04 | INFO | fastapi_app | POST /auth/refresh -> 200 (949.03 ms)
2026-08-31 13:45:04 | INFO | fastapi_app | GET /user/profile -> 200 (583.60 ms)
2026-08-31 13:45:05 | INFO | fastapi_app | GET /user/profile -> 200 (168.76 ms)
2026-08-31 13:45:05 | INFO | fastapi_app | GET /user/profile -> 200 (168.75 ms)
2026-08-31 13:45:05 | INFO | fastapi_app | GET /user/profile -> 200 (170.24 ms)
2026-08-31 13:45:05 | INFO | fastapi_app | GET /user/dashboard -> 200 (118.54 ms)
2026-08-31 13:45:05 | INFO | fastapi_app | GET /user/dashboard -> 200 (112.37 ms)
2026-08-31 13:46:09 | INFO | fastapi_app | POST /auth/login -> 200 (498.83 ms)
2026-08-31 13:46:09 | INFO | fastapi_app | GET /user/profile -> 200 (171.90 ms)
2026-08-31 13:46:09 | INFO | fastapi_app | GET /cart -> 200 (204.57 ms)
2026-08-31 13:46:09 | INFO | fastapi_app | GET /cart -> 200 (173.37 ms)
2026-08-31 13:46:09 | INFO | fastapi_app | GET /products -> 200 (411.08 ms)
2026-08-31 13:46:09 | INFO | fastapi_app | GET /products -> 200 (335.54 ms)
2026-08-31 13:46:22 | INFO | fastapi_app | POST /products/1/favorite -> 200 (431.02 ms)
2026-08-31 13:46:22 | INFO | fastapi_app | GET /products -> 200 (371.81 ms)
2026-08-31 13:46:25 | INFO | fastapi_app | GET /products/favorites -> 200 (289.11 ms)
2026-08-31 13:46:29 | INFO | fastapi_app | DELETE /products/1/favorite -> 200 (407.87 ms)
2026-08-31 13:46:29 | INFO | fastapi_app | GET /products/favorites -> 200 (228.66 ms)
2026-08-31 13:46:31 | INFO | fastapi_app | GET /products -> 200 (348.05 ms)
2026-08-31 13:46:46 | INFO | fastapi_app | POST /auth/refresh -> 401 (12.60 ms)
2026-08-31 13:46:46 | INFO | fastapi_app | POST /auth/refresh -> 401 (15.25 ms)
2026-08-31 13:46:46 | INFO | fastapi_app | GET /user/profile -> 401 (0.58 ms)
2026-08-31 13:46:46 | INFO | fastapi_app | GET /user/profile -> 401 (0.92 ms)
2026-08-31 13:54:28 | INFO | fastapi_app | GET /user/dashboard -> 200 (122.43 ms)
2026-08-31 13:54:28 | INFO | fastapi_app | GET /user/dashboard -> 200 (127.94 ms)
2026-08-31 13:54:30 | INFO | fastapi_app | GET /cart -> 200 (180.88 ms)
2026-08-31 13:54:30 | INFO | fastapi_app | GET /products -> 200 (348.85 ms)
2026-08-31 13:54:30 | INFO | fastapi_app | GET /cart -> 200 (175.13 ms)
2026-08-31 13:54:31 | INFO | fastapi_app | GET /products -> 200 (367.48 ms)
2026-08-31 13:54:34 | INFO | fastapi_app | GET /admin/users -> 200 (374.61 ms)
2026-08-31 13:54:34 | INFO | fastapi_app | GET /admin/users -> 200 (353.48 ms)
2026-09-01 10:47:55 | INFO | fastapi_app | Application Started
2026-09-01 10:48:23 | INFO | fastapi_app | POST /auth/refresh -> 200 (1249.29 ms)
2026-09-01 10:48:23 | INFO | fastapi_app | POST /auth/refresh -> 200 (628.72 ms)
2026-09-01 10:48:23 | INFO | fastapi_app | POST /auth/refresh -> 200 (643.33 ms)
2026-09-01 10:48:23 | INFO | fastapi_app | POST /auth/refresh -> 200 (1241.77 ms)
2026-09-01 10:48:24 | INFO | fastapi_app | GET /user/profile -> 200 (560.58 ms)
2026-09-01 10:48:24 | INFO | fastapi_app | GET /user/profile -> 200 (169.33 ms)
2026-09-01 10:48:24 | INFO | fastapi_app | GET /user/profile -> 200 (178.01 ms)
2026-09-01 10:48:24 | INFO | fastapi_app | GET /admin/users -> 200 (393.04 ms)
2026-09-01 10:48:24 | INFO | fastapi_app | GET /user/profile -> 200 (231.53 ms)
2026-09-01 10:48:25 | INFO | fastapi_app | GET /admin/users -> 200 (362.75 ms)
2026-09-01 10:48:25 | INFO | fastapi_app | GET /user/dashboard -> 200 (120.29 ms)
2026-09-01 10:48:25 | INFO | fastapi_app | GET /user/dashboard -> 200 (117.00 ms)
2026-09-01 10:48:26 | INFO | fastapi_app | GET /user/dashboard -> 200 (118.77 ms)
2026-09-01 10:48:26 | INFO | fastapi_app | GET /user/dashboard -> 200 (154.88 ms)
2026-09-01 10:48:27 | INFO | fastapi_app | GET /cart -> 200 (262.88 ms)
2026-09-01 10:48:27 | INFO | fastapi_app | GET /cart -> 200 (187.26 ms)
2026-09-01 10:48:28 | INFO | fastapi_app | GET /products -> 200 (576.55 ms)
2026-09-01 10:48:28 | INFO | fastapi_app | GET /products -> 200 (409.33 ms)
2026-09-01 10:49:09 | INFO | fastapi_app | GET /products/favorites -> 200 (291.53 ms)
2026-09-01 10:49:10 | INFO | fastapi_app | GET /cart -> 200 (170.40 ms)
2026-09-01 10:49:16 | INFO | fastapi_app | GET /orders -> 200 (3249.70 ms)
2026-09-01 10:49:21 | INFO | fastapi_app | GET /products -> 200 (355.59 ms)
2026-09-01 10:51:18 | INFO | fastapi_app | GET /cart -> 200 (193.60 ms)
2026-09-01 10:51:18 | INFO | fastapi_app | GET /cart -> 200 (176.77 ms)
2026-09-01 10:51:18 | INFO | fastapi_app | GET /products -> 200 (430.71 ms)
2026-09-01 10:51:18 | INFO | fastapi_app | GET /products -> 200 (344.64 ms)
2026-09-01 10:53:00 | INFO | fastapi_app | POST /auth/login -> 200 (488.62 ms)
2026-09-01 10:53:00 | INFO | fastapi_app | GET /user/profile -> 200 (192.49 ms)
2026-09-01 10:53:00 | INFO | fastapi_app | GET /user/dashboard -> 200 (121.20 ms)
2026-09-01 10:53:00 | INFO | fastapi_app | GET /user/dashboard -> 200 (153.71 ms)
2026-09-01 10:53:01 | INFO | fastapi_app | GET /cart -> 200 (204.00 ms)
2026-09-01 10:53:02 | INFO | fastapi_app | GET /products -> 200 (396.25 ms)
2026-09-01 10:53:02 | INFO | fastapi_app | GET /cart -> 200 (217.21 ms)
2026-09-01 10:53:02 | INFO | fastapi_app | GET /products -> 200 (407.57 ms)
2026-09-01 10:53:44 | INFO | fastapi_app | GET /user/profile -> 200 (227.54 ms)
2026-09-01 10:53:44 | INFO | fastapi_app | GET /user/profile -> 200 (205.01 ms)
2026-09-01 10:53:45 | INFO | fastapi_app | GET /cart -> 200 (179.81 ms)
2026-09-01 10:53:45 | INFO | fastapi_app | GET /products -> 200 (403.46 ms)
2026-09-01 10:53:45 | INFO | fastapi_app | GET /cart -> 200 (209.09 ms)
2026-09-01 10:53:45 | INFO | fastapi_app | GET /products -> 200 (466.20 ms)
2026-09-01 10:55:37 | INFO | fastapi_app | GET /user/profile -> 200 (185.25 ms)
2026-09-01 10:55:37 | INFO | fastapi_app | GET /user/profile -> 200 (187.57 ms)
2026-09-01 10:55:37 | INFO | fastapi_app | GET /cart -> 200 (178.44 ms)
2026-09-01 10:55:37 | INFO | fastapi_app | GET /products -> 200 (362.53 ms)
2026-09-01 10:55:37 | INFO | fastapi_app | GET /cart -> 200 (221.60 ms)
2026-09-01 10:55:38 | INFO | fastapi_app | GET /products -> 200 (370.96 ms)
2026-09-01 10:56:10 | INFO | fastapi_app | GET /user/profile -> 200 (487.25 ms)
2026-09-01 10:56:11 | INFO | fastapi_app | GET /user/profile -> 200 (647.71 ms)
2026-09-01 10:56:11 | INFO | fastapi_app | GET /cart -> 200 (220.02 ms)
2026-09-01 10:56:11 | INFO | fastapi_app | GET /products -> 200 (622.63 ms)
2026-09-01 10:56:11 | INFO | fastapi_app | GET /cart -> 200 (208.55 ms)
2026-09-01 10:56:11 | INFO | fastapi_app | GET /products -> 200 (395.89 ms)
2026-09-01 10:57:28 | INFO | fastapi_app | GET /user/profile -> 200 (214.06 ms)
2026-09-01 10:57:29 | INFO | fastapi_app | GET /user/profile -> 200 (264.10 ms)
2026-09-01 10:57:29 | INFO | fastapi_app | GET /products -> 200 (401.43 ms)
2026-09-01 10:57:29 | INFO | fastapi_app | GET /cart -> 200 (192.59 ms)
2026-09-01 10:57:29 | INFO | fastapi_app | GET /cart -> 200 (220.23 ms)
2026-09-01 10:57:29 | INFO | fastapi_app | GET /products -> 200 (435.87 ms)
2026-09-01 10:58:30 | INFO | fastapi_app | GET /user/profile -> 200 (235.64 ms)
2026-09-01 10:58:30 | INFO | fastapi_app | GET /user/profile -> 200 (214.19 ms)
2026-09-01 10:58:30 | INFO | fastapi_app | GET /cart -> 200 (187.53 ms)
2026-09-01 10:58:31 | INFO | fastapi_app | GET /products -> 200 (379.68 ms)
2026-09-01 10:58:31 | INFO | fastapi_app | GET /cart -> 200 (188.50 ms)
2026-09-01 10:58:31 | INFO | fastapi_app | GET /products -> 200 (485.77 ms)
2026-09-01 10:58:51 | INFO | fastapi_app | GET /cart -> 200 (250.17 ms)
2026-09-01 10:58:51 | INFO | fastapi_app | GET /products -> 200 (500.93 ms)
2026-09-01 10:59:01 | INFO | fastapi_app | GET /cart -> 200 (195.97 ms)
2026-09-01 10:59:01 | INFO | fastapi_app | GET /products -> 200 (660.18 ms)
2026-09-01 10:59:15 | INFO | fastapi_app | GET /user/profile -> 200 (246.56 ms)
2026-09-01 10:59:15 | INFO | fastapi_app | GET /user/profile -> 200 (193.25 ms)
2026-09-01 10:59:15 | INFO | fastapi_app | GET /cart -> 200 (209.40 ms)
2026-09-01 10:59:15 | INFO | fastapi_app | GET /products -> 200 (430.53 ms)
2026-09-01 10:59:15 | INFO | fastapi_app | GET /cart -> 200 (207.42 ms)
2026-09-01 10:59:16 | INFO | fastapi_app | GET /products -> 200 (743.96 ms)
2026-09-01 10:59:27 | INFO | fastapi_app | GET /products -> 200 (472.34 ms)
2026-09-01 10:59:27 | INFO | fastapi_app | GET /cart -> 200 (190.70 ms)
2026-09-01 10:59:42 | INFO | fastapi_app | GET /cart -> 200 (244.14 ms)
2026-09-01 10:59:42 | INFO | fastapi_app | GET /products -> 200 (414.34 ms)
2026-09-01 11:00:07 | INFO | fastapi_app | GET /user/profile -> 200 (256.88 ms)
2026-09-01 11:00:07 | INFO | fastapi_app | GET /user/profile -> 200 (199.98 ms)
2026-09-01 11:00:08 | INFO | fastapi_app | GET /products -> 200 (419.23 ms)
2026-09-01 11:00:08 | INFO | fastapi_app | GET /cart -> 200 (201.90 ms)
2026-09-01 11:00:08 | INFO | fastapi_app | GET /cart -> 200 (241.58 ms)
2026-09-01 11:00:08 | INFO | fastapi_app | GET /products -> 200 (446.00 ms)
2026-09-01 11:00:23 | INFO | fastapi_app | GET /products -> 200 (454.01 ms)
2026-09-01 11:00:24 | INFO | fastapi_app | GET /cart -> 200 (232.90 ms)
2026-09-01 11:00:44 | INFO | fastapi_app | GET /cart -> 200 (254.60 ms)
2026-09-01 11:00:44 | INFO | fastapi_app | GET /products -> 200 (385.44 ms)
2026-09-01 11:00:58 | INFO | fastapi_app | GET /user/profile -> 200 (237.17 ms)
2026-09-01 11:00:59 | INFO | fastapi_app | GET /user/profile -> 200 (232.62 ms)
2026-09-01 11:00:59 | INFO | fastapi_app | GET /products -> 200 (414.85 ms)
2026-09-01 11:00:59 | INFO | fastapi_app | GET /cart -> 200 (230.05 ms)
2026-09-01 11:01:00 | INFO | fastapi_app | GET /cart -> 200 (198.05 ms)
2026-09-01 11:01:00 | INFO | fastapi_app | GET /products -> 200 (418.07 ms)
2026-09-01 11:07:35 | INFO | fastapi_app | GET /cart -> 200 (287.46 ms)
2026-09-01 11:07:35 | INFO | fastapi_app | GET /products -> 200 (458.90 ms)
2026-09-01 11:11:59 | INFO | fastapi_app | GET /cart -> 200 (230.26 ms)
2026-09-01 11:11:59 | INFO | fastapi_app | GET /products -> 200 (366.63 ms)
2026-09-01 11:14:06 | INFO | fastapi_app | POST /cart -> 201 (868.79 ms)
2026-09-01 11:14:06 | INFO | fastapi_app | GET /cart -> 200 (261.97 ms)
2026-09-01 11:14:19 | INFO | fastapi_app | GET /cart -> 200 (286.14 ms)
2026-09-01 11:14:24 | INFO | fastapi_app | PUT /cart/11 -> 200 (860.63 ms)
2026-09-01 11:14:24 | INFO | fastapi_app | GET /cart -> 200 (241.95 ms)
2026-09-01 11:14:25 | INFO | fastapi_app | GET /products -> 200 (424.95 ms)
2026-09-01 11:14:30 | INFO | fastapi_app | DELETE /cart/11 -> 204 (639.03 ms)
2026-09-01 11:14:30 | INFO | fastapi_app | GET /cart -> 200 (174.71 ms)
2026-09-01 11:14:31 | INFO | fastapi_app | GET /products -> 200 (355.55 ms)
2026-09-01 11:19:45 | INFO | fastapi_app | GET /user/profile -> 200 (238.63 ms)
2026-09-01 11:19:45 | INFO | fastapi_app | GET /user/profile -> 200 (174.19 ms)
2026-09-01 11:20:12 | INFO | fastapi_app | GET /user/profile -> 200 (178.38 ms)
2026-09-01 11:20:12 | INFO | fastapi_app | GET /user/profile -> 200 (188.14 ms)
2026-09-01 11:20:12 | INFO | fastapi_app | GET /products -> 200 (376.06 ms)
2026-09-01 11:20:12 | INFO | fastapi_app | GET /cart -> 200 (213.74 ms)
2026-09-01 11:20:12 | INFO | fastapi_app | GET /cart -> 200 (175.78 ms)
2026-09-01 11:20:13 | INFO | fastapi_app | GET /products -> 200 (362.47 ms)
2026-09-01 11:20:41 | INFO | fastapi_app | GET /products -> 200 (376.74 ms)
2026-09-01 11:20:41 | INFO | fastapi_app | GET /cart -> 200 (195.90 ms)
2026-09-01 11:20:41 | INFO | fastapi_app | GET /cart -> 200 (195.21 ms)
2026-09-01 11:20:41 | INFO | fastapi_app | GET /products -> 200 (443.91 ms)
2026-09-01 11:21:00 | INFO | fastapi_app | GET /cart -> 200 (221.14 ms)
2026-09-01 11:21:00 | INFO | fastapi_app | GET /products -> 200 (405.40 ms)
2026-09-01 11:21:42 | INFO | fastapi_app | GET /user/profile -> 200 (199.35 ms)
2026-09-01 11:21:42 | INFO | fastapi_app | GET /user/profile -> 200 (312.21 ms)
2026-09-01 11:21:43 | INFO | fastapi_app | GET /products -> 200 (512.75 ms)
2026-09-01 11:21:43 | INFO | fastapi_app | GET /cart -> 200 (301.71 ms)
2026-09-01 11:21:43 | INFO | fastapi_app | GET /cart -> 200 (266.47 ms)
2026-09-01 11:21:43 | INFO | fastapi_app | GET /products -> 200 (473.92 ms)
2026-09-01 11:21:58 | INFO | fastapi_app | GET /products -> 200 (399.17 ms)
2026-09-01 11:21:58 | INFO | fastapi_app | GET /cart -> 200 (232.81 ms)
2026-09-01 11:21:58 | INFO | fastapi_app | GET /cart -> 200 (182.25 ms)
2026-09-01 11:21:58 | INFO | fastapi_app | GET /products -> 200 (363.98 ms)
2026-09-01 11:22:01 | INFO | fastapi_app | GET /user/dashboard -> 200 (122.29 ms)
2026-09-01 11:22:01 | INFO | fastapi_app | GET /user/dashboard -> 200 (124.90 ms)
2026-09-01 11:22:03 | INFO | fastapi_app | GET /cart -> 200 (220.83 ms)
2026-09-01 11:22:04 | INFO | fastapi_app | GET /products -> 200 (367.70 ms)
2026-09-01 11:22:04 | INFO | fastapi_app | GET /cart -> 200 (173.38 ms)
2026-09-01 11:22:04 | INFO | fastapi_app | GET /products -> 200 (359.41 ms)
2026-09-01 11:23:40 | INFO | fastapi_app | POST /auth/refresh -> 200 (142.05 ms)
2026-09-01 11:23:40 | INFO | fastapi_app | POST /auth/refresh -> 200 (160.89 ms)
2026-09-01 11:23:40 | INFO | fastapi_app | GET /user/profile -> 200 (189.30 ms)
2026-09-01 11:23:40 | INFO | fastapi_app | GET /user/profile -> 200 (236.77 ms)
2026-09-01 11:23:40 | INFO | fastapi_app | GET /cart -> 200 (264.71 ms)
2026-09-01 11:23:40 | INFO | fastapi_app | GET /products -> 200 (369.49 ms)
2026-09-01 11:23:40 | INFO | fastapi_app | GET /cart -> 200 (224.07 ms)
2026-09-01 11:23:41 | INFO | fastapi_app | GET /products -> 200 (364.85 ms)
2026-09-01 11:25:32 | INFO | fastapi_app | GET /user/profile -> 200 (186.79 ms)
2026-09-01 11:25:32 | INFO | fastapi_app | GET /user/profile -> 200 (181.99 ms)
2026-09-01 11:25:35 | INFO | fastapi_app | GET /user/profile -> 200 (199.48 ms)
2026-09-01 11:25:35 | INFO | fastapi_app | GET /user/profile -> 200 (281.46 ms)
2026-09-01 11:25:36 | INFO | fastapi_app | GET /cart -> 200 (242.29 ms)
2026-09-01 11:25:36 | INFO | fastapi_app | GET /products -> 200 (480.24 ms)
2026-09-01 11:25:36 | INFO | fastapi_app | GET /cart -> 200 (191.44 ms)
2026-09-01 11:25:36 | INFO | fastapi_app | GET /products -> 200 (388.53 ms)
2026-09-01 11:25:38 | INFO | fastapi_app | GET /user/profile -> 200 (225.15 ms)
2026-09-01 11:25:38 | INFO | fastapi_app | GET /user/profile -> 200 (216.58 ms)
2026-09-01 11:25:39 | INFO | fastapi_app | GET /cart -> 200 (230.56 ms)
2026-09-01 11:25:39 | INFO | fastapi_app | GET /products -> 200 (397.24 ms)
2026-09-01 11:25:39 | INFO | fastapi_app | GET /cart -> 200 (188.05 ms)
2026-09-01 11:25:39 | INFO | fastapi_app | GET /products -> 200 (461.21 ms)
2026-09-01 11:25:44 | INFO | fastapi_app | GET /productss -> 404 (13.31 ms)
2026-09-01 11:25:44 | INFO | fastapi_app | GET /cart -> 200 (346.69 ms)
2026-09-01 11:25:52 | INFO | fastapi_app | GET /productss -> 404 (2.08 ms)
2026-09-01 11:25:52 | INFO | fastapi_app | GET /productss -> 404 (0.44 ms)
2026-09-01 11:25:52 | INFO | fastapi_app | GET /cart -> 200 (200.52 ms)
2026-09-01 11:25:52 | INFO | fastapi_app | GET /cart -> 200 (176.32 ms)
2026-09-01 11:28:20 | INFO | fastapi_app | GET /cart -> 200 (238.82 ms)
2026-09-01 11:28:20 | INFO | fastapi_app | GET /products -> 200 (372.97 ms)
2026-09-01 11:28:44 | INFO | fastapi_app | GET /user/profile -> 200 (182.55 ms)
2026-09-01 11:28:45 | INFO | fastapi_app | GET /user/profile -> 200 (192.30 ms)
2026-09-01 11:28:45 | INFO | fastapi_app | GET /products -> 200 (393.56 ms)
2026-09-01 11:28:45 | INFO | fastapi_app | GET /cart -> 200 (231.32 ms)
2026-09-01 11:28:46 | INFO | fastapi_app | GET /cart -> 200 (207.52 ms)
2026-09-01 11:28:46 | INFO | fastapi_app | GET /products -> 200 (418.36 ms)
2026-09-01 12:07:43 | INFO | fastapi_app | POST /auth/refresh -> 200 (158.90 ms)
2026-09-01 12:07:44 | INFO | fastapi_app | GET /products/favorites -> 200 (276.29 ms)
2026-09-01 12:07:46 | INFO | fastapi_app | GET /cart -> 200 (245.62 ms)
2026-09-01 12:07:52 | INFO | fastapi_app | GET /user/dashboard -> 200 (118.21 ms)
2026-09-01 12:07:52 | INFO | fastapi_app | GET /user/dashboard -> 200 (161.25 ms)
2026-09-01 12:08:01 | INFO | fastapi_app | GET /cart -> 200 (180.39 ms)
2026-09-01 12:08:01 | INFO | fastapi_app | GET /products -> 200 (389.80 ms)
2026-09-01 12:08:01 | INFO | fastapi_app | GET /cart -> 200 (234.34 ms)
2026-09-01 12:08:02 | INFO | fastapi_app | GET /products -> 200 (390.72 ms)
2026-09-01 12:08:07 | INFO | fastapi_app | GET /admin/users -> 200 (378.25 ms)
2026-09-01 12:08:07 | INFO | fastapi_app | GET /admin/users -> 200 (369.83 ms)
2026-09-01 12:08:16 | INFO | fastapi_app | GET /cart -> 200 (200.79 ms)
2026-09-01 12:08:16 | INFO | fastapi_app | GET /cart -> 200 (188.45 ms)
2026-09-01 12:08:16 | INFO | fastapi_app | GET /products -> 200 (477.37 ms)
2026-09-01 12:08:17 | INFO | fastapi_app | GET /products -> 200 (405.56 ms)
2026-09-01 12:08:19 | INFO | fastapi_app | GET /user/dashboard -> 200 (117.78 ms)
2026-09-01 12:08:19 | INFO | fastapi_app | GET /user/dashboard -> 200 (117.16 ms)
2026-09-01 12:08:20 | INFO | fastapi_app | GET /cart -> 200 (229.64 ms)
2026-09-01 12:08:20 | INFO | fastapi_app | GET /products -> 200 (463.48 ms)
2026-09-01 12:08:20 | INFO | fastapi_app | GET /cart -> 200 (276.21 ms)
2026-09-01 12:08:21 | INFO | fastapi_app | GET /products -> 200 (571.90 ms)
2026-09-01 12:08:23 | INFO | fastapi_app | GET /cart -> 200 (324.35 ms)
2026-09-01 12:08:23 | INFO | fastapi_app | GET /cart -> 200 (269.05 ms)
2026-09-01 12:08:23 | INFO | fastapi_app | GET /products -> 200 (724.26 ms)
2026-09-01 12:08:23 | INFO | fastapi_app | GET /products -> 200 (394.05 ms)
2026-09-01 12:08:35 | INFO | fastapi_app | GET /user/dashboard -> 200 (175.28 ms)
2026-09-01 12:08:35 | INFO | fastapi_app | GET /user/dashboard -> 200 (122.65 ms)
2026-09-01 12:09:25 | INFO | fastapi_app | GET /cart -> 200 (226.53 ms)
2026-09-01 12:09:26 | INFO | fastapi_app | GET /products -> 200 (391.63 ms)
2026-09-01 12:09:26 | INFO | fastapi_app | GET /cart -> 200 (191.25 ms)
2026-09-01 12:09:26 | INFO | fastapi_app | GET /products -> 200 (575.77 ms)
2026-09-01 12:10:19 | INFO | fastapi_app | POST /auth/login -> 200 (500.11 ms)
2026-09-01 12:10:19 | INFO | fastapi_app | GET /user/profile -> 200 (221.49 ms)
2026-09-01 12:10:20 | INFO | fastapi_app | GET /products -> 200 (384.76 ms)
2026-09-01 12:10:20 | INFO | fastapi_app | GET /cart -> 200 (180.90 ms)
2026-09-01 12:10:20 | INFO | fastapi_app | GET /cart -> 200 (175.63 ms)
2026-09-01 12:10:20 | INFO | fastapi_app | GET /products -> 200 (364.12 ms)
2026-09-01 12:10:53 | INFO | fastapi_app | GET /user/profile -> 200 (234.28 ms)
2026-09-01 12:10:53 | INFO | fastapi_app | GET /user/profile -> 200 (186.32 ms)
2026-09-01 12:10:53 | INFO | fastapi_app | GET /cart -> 200 (180.30 ms)
2026-09-01 12:10:53 | INFO | fastapi_app | GET /products -> 200 (354.28 ms)
2026-09-01 12:10:53 | INFO | fastapi_app | GET /cart -> 200 (186.02 ms)
2026-09-01 12:10:54 | INFO | fastapi_app | GET /products -> 200 (435.62 ms)
2026-09-01 12:13:26 | INFO | fastapi_app | GET /cart -> 200 (244.25 ms)
2026-09-01 12:13:26 | INFO | fastapi_app | GET /products -> 200 (442.59 ms)
2026-09-01 12:16:17 | INFO | fastapi_app | GET /cart -> 200 (221.52 ms)
2026-09-01 12:16:17 | INFO | fastapi_app | GET /products -> 200 (420.43 ms)
2026-09-01 12:26:57 | INFO | fastapi_app | GET /user/dashboard -> 200 (171.94 ms)
2026-09-01 12:26:57 | INFO | fastapi_app | GET /user/dashboard -> 200 (141.61 ms)
2026-09-01 12:26:58 | INFO | fastapi_app | GET /cart -> 200 (197.18 ms)
2026-09-01 12:26:58 | INFO | fastapi_app | GET /products -> 200 (382.41 ms)
2026-09-01 12:26:58 | INFO | fastapi_app | GET /cart -> 200 (199.91 ms)
2026-09-01 12:26:59 | INFO | fastapi_app | GET /products -> 200 (442.37 ms)
2026-09-01 12:27:06 | INFO | fastapi_app | PUT /user/update -> 200 (636.09 ms)
2026-09-01 12:28:41 | INFO | fastapi_app | GET /cart -> 200 (181.72 ms)
2026-09-01 12:28:41 | INFO | fastapi_app | GET /products -> 200 (353.31 ms)
2026-09-01 12:28:41 | INFO | fastapi_app | GET /cart -> 200 (218.84 ms)
2026-09-01 12:28:41 | INFO | fastapi_app | GET /products -> 200 (373.05 ms)
2026-09-01 12:35:55 | INFO | fastapi_app | GET /cart -> 200 (223.30 ms)
2026-09-01 12:35:55 | INFO | fastapi_app | GET /products -> 200 (446.02 ms)
2026-09-01 12:35:55 | INFO | fastapi_app | GET /cart -> 200 (225.25 ms)
2026-09-01 12:35:56 | INFO | fastapi_app | GET /products -> 200 (473.10 ms)
2026-09-01 12:35:59 | INFO | fastapi_app | GET /user/dashboard -> 200 (156.46 ms)
2026-09-01 12:35:59 | INFO | fastapi_app | GET /user/dashboard -> 200 (119.74 ms)
2026-09-01 12:36:01 | INFO | fastapi_app | GET /cart -> 200 (195.33 ms)
2026-09-01 12:36:01 | INFO | fastapi_app | GET /products -> 200 (387.19 ms)
2026-09-01 12:36:01 | INFO | fastapi_app | GET /cart -> 200 (229.58 ms)
2026-09-01 12:36:01 | INFO | fastapi_app | GET /products -> 200 (378.29 ms)
2026-09-01 12:36:26 | INFO | fastapi_app | GET /user/profile -> 200 (177.26 ms)
2026-09-01 12:36:26 | INFO | fastapi_app | GET /user/profile -> 200 (177.91 ms)
2026-09-01 12:36:27 | INFO | fastapi_app | GET /cart -> 200 (217.60 ms)
2026-09-01 12:36:27 | INFO | fastapi_app | GET /products -> 200 (351.69 ms)
2026-09-01 12:36:27 | INFO | fastapi_app | GET /cart -> 200 (176.17 ms)
2026-09-01 12:36:27 | INFO | fastapi_app | GET /products -> 200 (351.45 ms)
2026-09-01 12:36:35 | INFO | fastapi_app | GET /user/dashboard -> 200 (129.27 ms)
2026-09-01 12:36:35 | INFO | fastapi_app | GET /user/dashboard -> 200 (160.99 ms)
2026-09-01 12:36:36 | INFO | fastapi_app | GET /products -> 200 (352.43 ms)
2026-09-01 12:36:36 | INFO | fastapi_app | GET /cart -> 200 (191.42 ms)
2026-09-01 12:36:36 | INFO | fastapi_app | GET /cart -> 200 (184.20 ms)
2026-09-01 12:36:36 | INFO | fastapi_app | GET /products -> 200 (378.31 ms)
2026-09-01 14:54:22 | ERROR | fastapi_app | Unhandled error: (psycopg2.OperationalError) server closed the connection unexpectedly
	This probably means the server terminated abnormally
	before or while processing the request.
server closed the connection unexpectedly
	This probably means the server terminated abnormally
	before or while processing the request.

[SQL: SELECT users.id AS users_id, users.username AS users_username, users.email AS users_email, users.password AS users_password, users.role AS users_role 
FROM users 
WHERE users.username = %(username_1)s 
 LIMIT %(param_1)s]
[parameters: {'username_1': 'abcd', 'param_1': 1}]
(Background on this error at: https://sqlalche.me/e/20/e3q8)
Traceback (most recent call last):
  File "C:\Users\swaraj.gujar\Documents\FastAPI All\venv\Lib\site-packages\sqlalchemy\engine\base.py", line 1969, in _exec_single_context
    self.dialect.do_execute(
    ~~~~~~~~~~~~~~~~~~~~~~~^
        cursor, str_statement, effective_parameters, context
        ^^^^^^^^^^^^^^^^^^^^^^^^^^^^^^^^^^^^^^^^^^^^^^^^^^^^
    )
    ^
  File "C:\Users\swaraj.gujar\Documents\FastAPI All\venv\Lib\site-packages\sqlalchemy\engine\default.py", line 952, in do_execute
    cursor.execute(statement, parameters)
    ~~~~~~~~~~~~~~^^^^^^^^^^^^^^^^^^^^^^^
psycopg2.OperationalError: server closed the connection unexpectedly
	This probably means the server terminated abnormally
	before or while processing the request.
server closed the connection unexpectedly
	This probably means the server terminated abnormally
	before or while processing the request.


The above exception was the direct cause of the following exception:

Traceback (most recent call last):
  File "C:\Users\swaraj.gujar\Documents\FastAPI All\venv\Lib\site-packages\starlette\middleware\errors.py", line 164, in __call__
    await self.app(scope, receive, _send)
  File "C:\Users\swaraj.gujar\Documents\FastAPI All\venv\Lib\site-packages\starlette\middleware\cors.py", line 96, in __call__
    await self.simple_response(scope, receive, send, request_headers=headers)
  File "C:\Users\swaraj.gujar\Documents\FastAPI All\venv\Lib\site-packages\starlette\middleware\cors.py", line 154, in simple_response
    await self.app(scope, receive, send)
  File "C:\Users\swaraj.gujar\Documents\FastAPI All\venv\Lib\site-packages\starlette\middleware\base.py", line 193, in __call__
    response = await self.dispatch_func(request, call_next)
               ^^^^^^^^^^^^^^^^^^^^^^^^^^^^^^^^^^^^^^^^^^^^
  File "C:\Users\swaraj.gujar\Documents\FastAPI All\app\middleware\request_logging.py", line 13, in dispatch
    response = await call_next(request)
               ^^^^^^^^^^^^^^^^^^^^^^^^
  File "C:\Users\swaraj.gujar\Documents\FastAPI All\venv\Lib\site-packages\starlette\middleware\base.py", line 168, in call_next
    raise app_exc from app_exc.__cause__ or app_exc.__context__
  File "C:\Users\swaraj.gujar\Documents\FastAPI All\venv\Lib\site-packages\starlette\middleware\base.py", line 144, in coro
    await self.app(scope, receive_or_disconnect, send_no_error)
  File "C:\Users\swaraj.gujar\Documents\FastAPI All\venv\Lib\site-packages\starlette\middleware\exceptions.py", line 63, in __call__
    await wrap_app_handling_exceptions(self.app, conn)(scope, receive, send)
  File "C:\Users\swaraj.gujar\Documents\FastAPI All\venv\Lib\site-packages\starlette\_exception_handler.py", line 53, in wrapped_app
    raise exc
  File "C:\Users\swaraj.gujar\Documents\FastAPI All\venv\Lib\site-packages\starlette\_exception_handler.py", line 42, in wrapped_app
    await app(scope, receive, sender)
  File "C:\Users\swaraj.gujar\Documents\FastAPI All\venv\Lib\site-packages\fastapi\middleware\asyncexitstack.py", line 18, in __call__
    await self.app(scope, receive, send)
  File "C:\Users\swaraj.gujar\Documents\FastAPI All\venv\Lib\site-packages\starlette\routing.py", line 660, in __call__
    await self.middleware_stack(scope, receive, send)
  File "C:\Users\swaraj.gujar\Documents\FastAPI All\venv\Lib\site-packages\fastapi\routing.py", line 2734, in app
    await route.handle(scope, receive, send)
  File "C:\Users\swaraj.gujar\Documents\FastAPI All\venv\Lib\site-packages\fastapi\routing.py", line 1780, in handle
    await self.original_router.handle(scope, receive, send)
  File "C:\Users\swaraj.gujar\Documents\FastAPI All\venv\Lib\site-packages\fastapi\routing.py", line 2789, in handle
    await included_router._handle_selected(scope, receive, send)
  File "C:\Users\swaraj.gujar\Documents\FastAPI All\venv\Lib\site-packages\fastapi\routing.py", line 1791, in _handle_selected
    await route.handle(scope, receive, send)
  File "C:\Users\swaraj.gujar\Documents\FastAPI All\venv\Lib\site-packages\fastapi\routing.py", line 1780, in handle
    await self.original_router.handle(scope, receive, send)
  File "C:\Users\swaraj.gujar\Documents\FastAPI All\venv\Lib\site-packages\fastapi\routing.py", line 2789, in handle
    await included_router._handle_selected(scope, receive, send)
  File "C:\Users\swaraj.gujar\Documents\FastAPI All\venv\Lib\site-packages\fastapi\routing.py", line 1800, in _handle_selected
    await original_route.handle(scope, receive, send)
  File "C:\Users\swaraj.gujar\Documents\FastAPI All\venv\Lib\site-packages\fastapi\routing.py", line 1279, in handle
    await app(scope, receive, send)
  File "C:\Users\swaraj.gujar\Documents\FastAPI All\venv\Lib\site-packages\fastapi\routing.py", line 158, in app
    await wrap_app_handling_exceptions(app, request)(scope, receive, send)
  File "C:\Users\swaraj.gujar\Documents\FastAPI All\venv\Lib\site-packages\starlette\_exception_handler.py", line 53, in wrapped_app
    raise exc
  File "C:\Users\swaraj.gujar\Documents\FastAPI All\venv\Lib\site-packages\starlette\_exception_handler.py", line 42, in wrapped_app
    await app(scope, receive, sender)
  File "C:\Users\swaraj.gujar\Documents\FastAPI All\venv\Lib\site-packages\fastapi\routing.py", line 144, in app
    response = await f(request)
               ^^^^^^^^^^^^^^^^
  File "C:\Users\swaraj.gujar\Documents\FastAPI All\venv\Lib\site-packages\fastapi\routing.py", line 706, in app
    raw_response = await run_endpoint_function(
                   ^^^^^^^^^^^^^^^^^^^^^^^^^^^^
    ...<3 lines>...
    )
    ^
  File "C:\Users\swaraj.gujar\Documents\FastAPI All\venv\Lib\site-packages\fastapi\routing.py", line 354, in run_endpoint_function
    return await run_in_threadpool(dependant.call, **values)
           ^^^^^^^^^^^^^^^^^^^^^^^^^^^^^^^^^^^^^^^^^^^^^^^^^
  File "C:\Users\swaraj.gujar\Documents\FastAPI All\venv\Lib\site-packages\starlette\concurrency.py", line 34, in run_in_threadpool
    return await anyio.to_thread.run_sync(func)
           ^^^^^^^^^^^^^^^^^^^^^^^^^^^^^^^^^^^^
  File "C:\Users\swaraj.gujar\Documents\FastAPI All\venv\Lib\site-packages\anyio\to_thread.py", line 65, in run_sync
    return await get_async_backend().run_sync_in_worker_thread(
           ^^^^^^^^^^^^^^^^^^^^^^^^^^^^^^^^^^^^^^^^^^^^^^^^^^^^
        func, args, abandon_on_cancel=abandon_on_cancel, limiter=limiter
        ^^^^^^^^^^^^^^^^^^^^^^^^^^^^^^^^^^^^^^^^^^^^^^^^^^^^^^^^^^^^^^^^
    )
    ^
  File "C:\Users\swaraj.gujar\Documents\FastAPI All\venv\Lib\site-packages\anyio\_backends\_asyncio.py", line 2641, in run_sync_in_worker_thread
    return await future
           ^^^^^^^^^^^^
  File "C:\Users\swaraj.gujar\Documents\FastAPI All\venv\Lib\site-packages\anyio\_backends\_asyncio.py", line 1033, in run
    result = context.run(func, *args)
  File "C:\Users\swaraj.gujar\Documents\FastAPI All\app\api\v1\auth.py", line 78, in refresh_access_token
    .first()
     ~~~~~^^
  File "C:\Users\swaraj.gujar\Documents\FastAPI All\venv\Lib\site-packages\sqlalchemy\orm\query.py", line 2766, in first
    return self.limit(1)._iter().first()  # type: ignore
           ~~~~~~~~~~~~~~~~~~~^^
  File "C:\Users\swaraj.gujar\Documents\FastAPI All\venv\Lib\site-packages\sqlalchemy\orm\query.py", line 2864, in _iter
    result: Union[ScalarResult[_T], Result[_T]] = self.session.execute(
                                                  ~~~~~~~~~~~~~~~~~~~~^
        statement,
        ^^^^^^^^^^
        params,
        ^^^^^^^
        execution_options={"_sa_orm_load_options": self.load_options},
        ^^^^^^^^^^^^^^^^^^^^^^^^^^^^^^^^^^^^^^^^^^^^^^^^^^^^^^^^^^^^^^
    )
    ^
  File "C:\Users\swaraj.gujar\Documents\FastAPI All\venv\Lib\site-packages\sqlalchemy\orm\session.py", line 2373, in execute
    return self._execute_internal(
           ~~~~~~~~~~~~~~~~~~~~~~^
        statement,
        ^^^^^^^^^^
    ...<4 lines>...
        _add_event=_add_event,
        ^^^^^^^^^^^^^^^^^^^^^^
    )
    ^
  File "C:\Users\swaraj.gujar\Documents\FastAPI All\venv\Lib\site-packages\sqlalchemy\orm\session.py", line 2271, in _execute_internal
    result: Result[Any] = compile_state_cls.orm_execute_statement(
                          ~~~~~~~~~~~~~~~~~~~~~~~~~~~~~~~~~~~~~~~^
        self,
        ^^^^^
    ...<4 lines>...
        conn,
        ^^^^^
    )
    ^
  File "C:\Users\swaraj.gujar\Documents\FastAPI All\venv\Lib\site-packages\sqlalchemy\orm\context.py", line 306, in orm_execute_statement
    result = conn.execute(
        statement, params or {}, execution_options=execution_options
    )
  File "C:\Users\swaraj.gujar\Documents\FastAPI All\venv\Lib\site-packages\sqlalchemy\engine\base.py", line 1421, in execute
    return meth(
        self,
        distilled_parameters,
        execution_options or NO_OPTIONS,
    )
  File "C:\Users\swaraj.gujar\Documents\FastAPI All\venv\Lib\site-packages\sqlalchemy\sql\elements.py", line 526, in _execute_on_connection
    return connection._execute_clauseelement(
           ~~~~~~~~~~~~~~~~~~~~~~~~~~~~~~~~~^
        self, distilled_params, execution_options
        ^^^^^^^^^^^^^^^^^^^^^^^^^^^^^^^^^^^^^^^^^
    )
    ^
  File "C:\Users\swaraj.gujar\Documents\FastAPI All\venv\Lib\site-packages\sqlalchemy\engine\base.py", line 1643, in _execute_clauseelement
    ret = self._execute_context(
        dialect,
    ...<8 lines>...
        cache_hit=cache_hit,
    )
  File "C:\Users\swaraj.gujar\Documents\FastAPI All\venv\Lib\site-packages\sqlalchemy\engine\base.py", line 1848, in _execute_context
    return self._exec_single_context(
           ~~~~~~~~~~~~~~~~~~~~~~~~~^
        dialect, context, statement, parameters
        ^^^^^^^^^^^^^^^^^^^^^^^^^^^^^^^^^^^^^^^
    )
    ^
  File "C:\Users\swaraj.gujar\Documents\FastAPI All\venv\Lib\site-packages\sqlalchemy\engine\base.py", line 1988, in _exec_single_context
    self._handle_dbapi_exception(
    ~~~~~~~~~~~~~~~~~~~~~~~~~~~~^
        e, str_statement, effective_parameters, cursor, context
        ^^^^^^^^^^^^^^^^^^^^^^^^^^^^^^^^^^^^^^^^^^^^^^^^^^^^^^^
    )
    ^
  File "C:\Users\swaraj.gujar\Documents\FastAPI All\venv\Lib\site-packages\sqlalchemy\engine\base.py", line 2365, in _handle_dbapi_exception
    raise sqlalchemy_exception.with_traceback(exc_info[2]) from e
  File "C:\Users\swaraj.gujar\Documents\FastAPI All\venv\Lib\site-packages\sqlalchemy\engine\base.py", line 1969, in _exec_single_context
    self.dialect.do_execute(
    ~~~~~~~~~~~~~~~~~~~~~~~^
        cursor, str_statement, effective_parameters, context
        ^^^^^^^^^^^^^^^^^^^^^^^^^^^^^^^^^^^^^^^^^^^^^^^^^^^^
    )
    ^
  File "C:\Users\swaraj.gujar\Documents\FastAPI All\venv\Lib\site-packages\sqlalchemy\engine\default.py", line 952, in do_execute
    cursor.execute(statement, parameters)
    ~~~~~~~~~~~~~~^^^^^^^^^^^^^^^^^^^^^^^
sqlalchemy.exc.OperationalError: (psycopg2.OperationalError) server closed the connection unexpectedly
	This probably means the server terminated abnormally
	before or while processing the request.
server closed the connection unexpectedly
	This probably means the server terminated abnormally
	before or while processing the request.

[SQL: SELECT users.id AS users_id, users.username AS users_username, users.email AS users_email, users.password AS users_password, users.role AS users_role 
FROM users 
WHERE users.username = %(username_1)s 
 LIMIT %(param_1)s]
[parameters: {'username_1': 'abcd', 'param_1': 1}]
(Background on this error at: https://sqlalche.me/e/20/e3q8)
2026-09-01 14:54:24 | ERROR | fastapi_app | Unhandled error: (psycopg2.OperationalError) server closed the connection unexpectedly
	This probably means the server terminated abnormally
	before or while processing the request.
server closed the connection unexpectedly
	This probably means the server terminated abnormally
	before or while processing the request.

[SQL: SELECT users.id AS users_id, users.username AS users_username, users.email AS users_email, users.password AS users_password, users.role AS users_role 
FROM users 
WHERE users.username = %(username_1)s 
 LIMIT %(param_1)s]
[parameters: {'username_1': 'abcd', 'param_1': 1}]
(Background on this error at: https://sqlalche.me/e/20/e3q8)
Traceback (most recent call last):
  File "C:\Users\swaraj.gujar\Documents\FastAPI All\venv\Lib\site-packages\sqlalchemy\engine\base.py", line 1969, in _exec_single_context
    self.dialect.do_execute(
    ~~~~~~~~~~~~~~~~~~~~~~~^
        cursor, str_statement, effective_parameters, context
        ^^^^^^^^^^^^^^^^^^^^^^^^^^^^^^^^^^^^^^^^^^^^^^^^^^^^
    )
    ^
  File "C:\Users\swaraj.gujar\Documents\FastAPI All\venv\Lib\site-packages\sqlalchemy\engine\default.py", line 952, in do_execute
    cursor.execute(statement, parameters)
    ~~~~~~~~~~~~~~^^^^^^^^^^^^^^^^^^^^^^^
psycopg2.OperationalError: server closed the connection unexpectedly
	This probably means the server terminated abnormally
	before or while processing the request.
server closed the connection unexpectedly
	This probably means the server terminated abnormally
	before or while processing the request.


The above exception was the direct cause of the following exception:

Traceback (most recent call last):
  File "C:\Users\swaraj.gujar\Documents\FastAPI All\venv\Lib\site-packages\starlette\middleware\errors.py", line 164, in __call__
    await self.app(scope, receive, _send)
  File "C:\Users\swaraj.gujar\Documents\FastAPI All\venv\Lib\site-packages\starlette\middleware\cors.py", line 96, in __call__
    await self.simple_response(scope, receive, send, request_headers=headers)
  File "C:\Users\swaraj.gujar\Documents\FastAPI All\venv\Lib\site-packages\starlette\middleware\cors.py", line 154, in simple_response
    await self.app(scope, receive, send)
  File "C:\Users\swaraj.gujar\Documents\FastAPI All\venv\Lib\site-packages\starlette\middleware\base.py", line 193, in __call__
    response = await self.dispatch_func(request, call_next)
               ^^^^^^^^^^^^^^^^^^^^^^^^^^^^^^^^^^^^^^^^^^^^
  File "C:\Users\swaraj.gujar\Documents\FastAPI All\app\middleware\request_logging.py", line 13, in dispatch
    response = await call_next(request)
               ^^^^^^^^^^^^^^^^^^^^^^^^
  File "C:\Users\swaraj.gujar\Documents\FastAPI All\venv\Lib\site-packages\starlette\middleware\base.py", line 168, in call_next
    raise app_exc from app_exc.__cause__ or app_exc.__context__
  File "C:\Users\swaraj.gujar\Documents\FastAPI All\venv\Lib\site-packages\starlette\middleware\base.py", line 144, in coro
    await self.app(scope, receive_or_disconnect, send_no_error)
  File "C:\Users\swaraj.gujar\Documents\FastAPI All\venv\Lib\site-packages\starlette\middleware\exceptions.py", line 63, in __call__
    await wrap_app_handling_exceptions(self.app, conn)(scope, receive, send)
  File "C:\Users\swaraj.gujar\Documents\FastAPI All\venv\Lib\site-packages\starlette\_exception_handler.py", line 53, in wrapped_app
    raise exc
  File "C:\Users\swaraj.gujar\Documents\FastAPI All\venv\Lib\site-packages\starlette\_exception_handler.py", line 42, in wrapped_app
    await app(scope, receive, sender)
  File "C:\Users\swaraj.gujar\Documents\FastAPI All\venv\Lib\site-packages\fastapi\middleware\asyncexitstack.py", line 18, in __call__
    await self.app(scope, receive, send)
  File "C:\Users\swaraj.gujar\Documents\FastAPI All\venv\Lib\site-packages\starlette\routing.py", line 660, in __call__
    await self.middleware_stack(scope, receive, send)
  File "C:\Users\swaraj.gujar\Documents\FastAPI All\venv\Lib\site-packages\fastapi\routing.py", line 2734, in app
    await route.handle(scope, receive, send)
  File "C:\Users\swaraj.gujar\Documents\FastAPI All\venv\Lib\site-packages\fastapi\routing.py", line 1780, in handle
    await self.original_router.handle(scope, receive, send)
  File "C:\Users\swaraj.gujar\Documents\FastAPI All\venv\Lib\site-packages\fastapi\routing.py", line 2789, in handle
    await included_router._handle_selected(scope, receive, send)
  File "C:\Users\swaraj.gujar\Documents\FastAPI All\venv\Lib\site-packages\fastapi\routing.py", line 1791, in _handle_selected
    await route.handle(scope, receive, send)
  File "C:\Users\swaraj.gujar\Documents\FastAPI All\venv\Lib\site-packages\fastapi\routing.py", line 1780, in handle
    await self.original_router.handle(scope, receive, send)
  File "C:\Users\swaraj.gujar\Documents\FastAPI All\venv\Lib\site-packages\fastapi\routing.py", line 2789, in handle
    await included_router._handle_selected(scope, receive, send)
  File "C:\Users\swaraj.gujar\Documents\FastAPI All\venv\Lib\site-packages\fastapi\routing.py", line 1800, in _handle_selected
    await original_route.handle(scope, receive, send)
  File "C:\Users\swaraj.gujar\Documents\FastAPI All\venv\Lib\site-packages\fastapi\routing.py", line 1279, in handle
    await app(scope, receive, send)
  File "C:\Users\swaraj.gujar\Documents\FastAPI All\venv\Lib\site-packages\fastapi\routing.py", line 158, in app
    await wrap_app_handling_exceptions(app, request)(scope, receive, send)
  File "C:\Users\swaraj.gujar\Documents\FastAPI All\venv\Lib\site-packages\starlette\_exception_handler.py", line 53, in wrapped_app
    raise exc
  File "C:\Users\swaraj.gujar\Documents\FastAPI All\venv\Lib\site-packages\starlette\_exception_handler.py", line 42, in wrapped_app
    await app(scope, receive, sender)
  File "C:\Users\swaraj.gujar\Documents\FastAPI All\venv\Lib\site-packages\fastapi\routing.py", line 144, in app
    response = await f(request)
               ^^^^^^^^^^^^^^^^
  File "C:\Users\swaraj.gujar\Documents\FastAPI All\venv\Lib\site-packages\fastapi\routing.py", line 706, in app
    raw_response = await run_endpoint_function(
                   ^^^^^^^^^^^^^^^^^^^^^^^^^^^^
    ...<3 lines>...
    )
    ^
  File "C:\Users\swaraj.gujar\Documents\FastAPI All\venv\Lib\site-packages\fastapi\routing.py", line 354, in run_endpoint_function
    return await run_in_threadpool(dependant.call, **values)
           ^^^^^^^^^^^^^^^^^^^^^^^^^^^^^^^^^^^^^^^^^^^^^^^^^
  File "C:\Users\swaraj.gujar\Documents\FastAPI All\venv\Lib\site-packages\starlette\concurrency.py", line 34, in run_in_threadpool
    return await anyio.to_thread.run_sync(func)
           ^^^^^^^^^^^^^^^^^^^^^^^^^^^^^^^^^^^^
  File "C:\Users\swaraj.gujar\Documents\FastAPI All\venv\Lib\site-packages\anyio\to_thread.py", line 65, in run_sync
    return await get_async_backend().run_sync_in_worker_thread(
           ^^^^^^^^^^^^^^^^^^^^^^^^^^^^^^^^^^^^^^^^^^^^^^^^^^^^
        func, args, abandon_on_cancel=abandon_on_cancel, limiter=limiter
        ^^^^^^^^^^^^^^^^^^^^^^^^^^^^^^^^^^^^^^^^^^^^^^^^^^^^^^^^^^^^^^^^
    )
    ^
  File "C:\Users\swaraj.gujar\Documents\FastAPI All\venv\Lib\site-packages\anyio\_backends\_asyncio.py", line 2641, in run_sync_in_worker_thread
    return await future
           ^^^^^^^^^^^^
  File "C:\Users\swaraj.gujar\Documents\FastAPI All\venv\Lib\site-packages\anyio\_backends\_asyncio.py", line 1033, in run
    result = context.run(func, *args)
  File "C:\Users\swaraj.gujar\Documents\FastAPI All\app\api\v1\auth.py", line 78, in refresh_access_token
    .first()
     ~~~~~^^
  File "C:\Users\swaraj.gujar\Documents\FastAPI All\venv\Lib\site-packages\sqlalchemy\orm\query.py", line 2766, in first
    return self.limit(1)._iter().first()  # type: ignore
           ~~~~~~~~~~~~~~~~~~~^^
  File "C:\Users\swaraj.gujar\Documents\FastAPI All\venv\Lib\site-packages\sqlalchemy\orm\query.py", line 2864, in _iter
    result: Union[ScalarResult[_T], Result[_T]] = self.session.execute(
                                                  ~~~~~~~~~~~~~~~~~~~~^
        statement,
        ^^^^^^^^^^
        params,
        ^^^^^^^
        execution_options={"_sa_orm_load_options": self.load_options},
        ^^^^^^^^^^^^^^^^^^^^^^^^^^^^^^^^^^^^^^^^^^^^^^^^^^^^^^^^^^^^^^
    )
    ^
  File "C:\Users\swaraj.gujar\Documents\FastAPI All\venv\Lib\site-packages\sqlalchemy\orm\session.py", line 2373, in execute
    return self._execute_internal(
           ~~~~~~~~~~~~~~~~~~~~~~^
        statement,
        ^^^^^^^^^^
    ...<4 lines>...
        _add_event=_add_event,
        ^^^^^^^^^^^^^^^^^^^^^^
    )
    ^
  File "C:\Users\swaraj.gujar\Documents\FastAPI All\venv\Lib\site-packages\sqlalchemy\orm\session.py", line 2271, in _execute_internal
    result: Result[Any] = compile_state_cls.orm_execute_statement(
                          ~~~~~~~~~~~~~~~~~~~~~~~~~~~~~~~~~~~~~~~^
        self,
        ^^^^^
    ...<4 lines>...
        conn,
        ^^^^^
    )
    ^
  File "C:\Users\swaraj.gujar\Documents\FastAPI All\venv\Lib\site-packages\sqlalchemy\orm\context.py", line 306, in orm_execute_statement
    result = conn.execute(
        statement, params or {}, execution_options=execution_options
    )
  File "C:\Users\swaraj.gujar\Documents\FastAPI All\venv\Lib\site-packages\sqlalchemy\engine\base.py", line 1421, in execute
    return meth(
        self,
        distilled_parameters,
        execution_options or NO_OPTIONS,
    )
  File "C:\Users\swaraj.gujar\Documents\FastAPI All\venv\Lib\site-packages\sqlalchemy\sql\elements.py", line 526, in _execute_on_connection
    return connection._execute_clauseelement(
           ~~~~~~~~~~~~~~~~~~~~~~~~~~~~~~~~~^
        self, distilled_params, execution_options
        ^^^^^^^^^^^^^^^^^^^^^^^^^^^^^^^^^^^^^^^^^
    )
    ^
  File "C:\Users\swaraj.gujar\Documents\FastAPI All\venv\Lib\site-packages\sqlalchemy\engine\base.py", line 1643, in _execute_clauseelement
    ret = self._execute_context(
        dialect,
    ...<8 lines>...
        cache_hit=cache_hit,
    )
  File "C:\Users\swaraj.gujar\Documents\FastAPI All\venv\Lib\site-packages\sqlalchemy\engine\base.py", line 1848, in _execute_context
    return self._exec_single_context(
           ~~~~~~~~~~~~~~~~~~~~~~~~~^
        dialect, context, statement, parameters
        ^^^^^^^^^^^^^^^^^^^^^^^^^^^^^^^^^^^^^^^
    )
    ^
  File "C:\Users\swaraj.gujar\Documents\FastAPI All\venv\Lib\site-packages\sqlalchemy\engine\base.py", line 1988, in _exec_single_context
    self._handle_dbapi_exception(
    ~~~~~~~~~~~~~~~~~~~~~~~~~~~~^
        e, str_statement, effective_parameters, cursor, context
        ^^^^^^^^^^^^^^^^^^^^^^^^^^^^^^^^^^^^^^^^^^^^^^^^^^^^^^^
    )
    ^
  File "C:\Users\swaraj.gujar\Documents\FastAPI All\venv\Lib\site-packages\sqlalchemy\engine\base.py", line 2365, in _handle_dbapi_exception
    raise sqlalchemy_exception.with_traceback(exc_info[2]) from e
  File "C:\Users\swaraj.gujar\Documents\FastAPI All\venv\Lib\site-packages\sqlalchemy\engine\base.py", line 1969, in _exec_single_context
    self.dialect.do_execute(
    ~~~~~~~~~~~~~~~~~~~~~~~^
        cursor, str_statement, effective_parameters, context
        ^^^^^^^^^^^^^^^^^^^^^^^^^^^^^^^^^^^^^^^^^^^^^^^^^^^^
    )
    ^
  File "C:\Users\swaraj.gujar\Documents\FastAPI All\venv\Lib\site-packages\sqlalchemy\engine\default.py", line 952, in do_execute
    cursor.execute(statement, parameters)
    ~~~~~~~~~~~~~~^^^^^^^^^^^^^^^^^^^^^^^
sqlalchemy.exc.OperationalError: (psycopg2.OperationalError) server closed the connection unexpectedly
	This probably means the server terminated abnormally
	before or while processing the request.
server closed the connection unexpectedly
	This probably means the server terminated abnormally
	before or while processing the request.

[SQL: SELECT users.id AS users_id, users.username AS users_username, users.email AS users_email, users.password AS users_password, users.role AS users_role 
FROM users 
WHERE users.username = %(username_1)s 
 LIMIT %(param_1)s]
[parameters: {'username_1': 'abcd', 'param_1': 1}]
(Background on this error at: https://sqlalche.me/e/20/e3q8)
2026-09-01 14:54:26 | INFO | fastapi_app | GET /user/profile -> 401 (3.44 ms)
2026-09-01 14:54:27 | INFO | fastapi_app | GET /user/profile -> 401 (0.58 ms)
2026-09-01 15:00:49 | INFO | fastapi_app | POST /auth/login -> 200 (2347.46 ms)
2026-09-01 15:00:50 | INFO | fastapi_app | GET /user/profile -> 200 (560.55 ms)
2026-09-01 15:00:50 | INFO | fastapi_app | GET /cart -> 200 (681.60 ms)
2026-09-01 15:00:50 | INFO | fastapi_app | GET /products -> 200 (735.53 ms)
2026-09-01 15:00:51 | INFO | fastapi_app | GET /products -> 200 (341.25 ms)
2026-09-01 15:00:51 | INFO | fastapi_app | GET /cart -> 200 (527.34 ms)
2026-09-01 15:00:52 | INFO | fastapi_app | GET /cart -> 200 (238.96 ms)
2026-09-01 15:00:53 | INFO | fastapi_app | GET /products -> 200 (363.89 ms)
2026-09-01 15:00:53 | INFO | fastapi_app | GET /cart -> 200 (178.52 ms)
2026-09-01 15:00:53 | INFO | fastapi_app | GET /products -> 200 (335.30 ms)
2026-09-01 15:00:54 | INFO | fastapi_app | GET /user/dashboard -> 200 (109.83 ms)
2026-09-01 15:00:54 | INFO | fastapi_app | GET /user/dashboard -> 200 (158.33 ms)
2026-09-01 15:00:55 | INFO | fastapi_app | GET /cart -> 200 (181.12 ms)
2026-09-01 15:00:55 | INFO | fastapi_app | GET /products -> 200 (337.25 ms)
2026-09-01 15:00:55 | INFO | fastapi_app | GET /cart -> 200 (168.49 ms)
2026-09-01 15:00:55 | INFO | fastapi_app | GET /products -> 200 (341.51 ms)
2026-09-01 15:58:20 | INFO | fastapi_app | POST /auth/login -> 200 (624.11 ms)
2026-09-01 15:58:20 | INFO | fastapi_app | GET /user/profile -> 200 (280.76 ms)
2026-09-01 15:58:21 | INFO | fastapi_app | GET /cart -> 200 (328.93 ms)
2026-09-01 15:58:21 | INFO | fastapi_app | GET /products -> 200 (536.50 ms)
2026-09-01 15:58:21 | INFO | fastapi_app | GET /cart -> 200 (261.38 ms)
2026-09-01 15:58:21 | INFO | fastapi_app | GET /products -> 200 (461.19 ms)
2026-09-01 16:00:23 | INFO | fastapi_app | GET /products -> 200 (406.51 ms)
2026-09-01 16:16:08 | INFO | fastapi_app | GET /cart -> 200 (197.41 ms)
2026-09-01 16:16:08 | INFO | fastapi_app | GET /products -> 200 (368.95 ms)
2026-09-01 16:16:08 | INFO | fastapi_app | GET /cart -> 200 (196.68 ms)
2026-09-01 16:16:09 | INFO | fastapi_app | GET /products -> 200 (445.60 ms)
2026-09-01 16:16:11 | INFO | fastapi_app | POST /products/1/favorite -> 200 (790.87 ms)
2026-09-01 16:16:11 | INFO | fastapi_app | GET /products -> 200 (347.02 ms)
2026-09-01 16:16:16 | INFO | fastapi_app | DELETE /products/1/favorite -> 200 (416.94 ms)
2026-09-01 16:16:17 | INFO | fastapi_app | GET /products -> 200 (1457.14 ms)
2026-09-01 16:19:42 | INFO | fastapi_app | POST /products/1/favorite -> 200 (616.23 ms)
2026-09-01 16:19:43 | INFO | fastapi_app | GET /products -> 200 (715.78 ms)
2026-09-01 16:19:49 | INFO | fastapi_app | GET /products/favorites -> 200 (594.86 ms)
2026-09-01 16:19:55 | INFO | fastapi_app | GET /products -> 200 (348.38 ms)
2026-09-01 16:19:58 | INFO | fastapi_app | DELETE /products/1/favorite -> 200 (472.50 ms)
2026-09-01 16:19:58 | INFO | fastapi_app | GET /products -> 200 (451.78 ms)
2026-09-01 16:20:12 | INFO | fastapi_app | GET /products -> 200 (348.04 ms)
2026-09-01 16:20:12 | INFO | fastapi_app | GET /cart -> 200 (164.31 ms)
2026-09-01 16:20:12 | INFO | fastapi_app | GET /cart -> 200 (170.93 ms)
2026-09-01 16:20:12 | INFO | fastapi_app | GET /products -> 200 (335.32 ms)
2026-09-01 16:20:38 | INFO | fastapi_app | POST /products -> 201 (488.40 ms)
2026-09-01 16:20:38 | INFO | fastapi_app | GET /products -> 200 (337.08 ms)
2026-09-01 16:21:24 | ERROR | fastapi_app | Unhandled error: Error 10054 while writing to socket. An existing connection was forcibly closed by the remote host.
Traceback (most recent call last):
  File "C:\Users\swaraj.gujar\Documents\FastAPI All\venv\Lib\site-packages\redis\asyncio\connection.py", line 1185, in send_packed_command
    await asyncio.wait_for(
        self._send_packed_command(command), self.socket_timeout
    )
  File "C:\Program Files\WindowsApps\PythonSoftwareFoundation.Python.3.13_3.13.3824.0_x64__qbz5n2kfra8p0\Lib\asyncio\tasks.py", line 507, in wait_for
    return await fut
           ^^^^^^^^^
  File "C:\Users\swaraj.gujar\Documents\FastAPI All\venv\Lib\site-packages\redis\asyncio\connection.py", line 1169, in _send_packed_command
    await self._writer.drain()
  File "C:\Program Files\WindowsApps\PythonSoftwareFoundation.Python.3.13_3.13.3824.0_x64__qbz5n2kfra8p0\Lib\asyncio\streams.py", line 374, in drain
    raise exc
  File "C:\Program Files\WindowsApps\PythonSoftwareFoundation.Python.3.13_3.13.3824.0_x64__qbz5n2kfra8p0\Lib\asyncio\selector_events.py", line 1012, in _read_ready__data_received
    data = self._sock.recv(self.max_size)
ConnectionResetError: [WinError 10054] An existing connection was forcibly closed by the remote host

The above exception was the direct cause of the following exception:

Traceback (most recent call last):
  File "C:\Users\swaraj.gujar\Documents\FastAPI All\venv\Lib\site-packages\starlette\middleware\errors.py", line 164, in __call__
    await self.app(scope, receive, _send)
  File "C:\Users\swaraj.gujar\Documents\FastAPI All\venv\Lib\site-packages\starlette\middleware\cors.py", line 96, in __call__
    await self.simple_response(scope, receive, send, request_headers=headers)
  File "C:\Users\swaraj.gujar\Documents\FastAPI All\venv\Lib\site-packages\starlette\middleware\cors.py", line 154, in simple_response
    await self.app(scope, receive, send)
  File "C:\Users\swaraj.gujar\Documents\FastAPI All\venv\Lib\site-packages\starlette\middleware\base.py", line 193, in __call__
    response = await self.dispatch_func(request, call_next)
               ^^^^^^^^^^^^^^^^^^^^^^^^^^^^^^^^^^^^^^^^^^^^
  File "C:\Users\swaraj.gujar\Documents\FastAPI All\app\middleware\request_logging.py", line 13, in dispatch
    response = await call_next(request)
               ^^^^^^^^^^^^^^^^^^^^^^^^
  File "C:\Users\swaraj.gujar\Documents\FastAPI All\venv\Lib\site-packages\starlette\middleware\base.py", line 168, in call_next
    raise app_exc from app_exc.__cause__ or app_exc.__context__
  File "C:\Users\swaraj.gujar\Documents\FastAPI All\venv\Lib\site-packages\starlette\middleware\base.py", line 144, in coro
    await self.app(scope, receive_or_disconnect, send_no_error)
  File "C:\Users\swaraj.gujar\Documents\FastAPI All\venv\Lib\site-packages\starlette\middleware\exceptions.py", line 63, in __call__
    await wrap_app_handling_exceptions(self.app, conn)(scope, receive, send)
  File "C:\Users\swaraj.gujar\Documents\FastAPI All\venv\Lib\site-packages\starlette\_exception_handler.py", line 53, in wrapped_app
    raise exc
  File "C:\Users\swaraj.gujar\Documents\FastAPI All\venv\Lib\site-packages\starlette\_exception_handler.py", line 42, in wrapped_app
    await app(scope, receive, sender)
  File "C:\Users\swaraj.gujar\Documents\FastAPI All\venv\Lib\site-packages\fastapi\middleware\asyncexitstack.py", line 18, in __call__
    await self.app(scope, receive, send)
  File "C:\Users\swaraj.gujar\Documents\FastAPI All\venv\Lib\site-packages\starlette\routing.py", line 660, in __call__
    await self.middleware_stack(scope, receive, send)
  File "C:\Users\swaraj.gujar\Documents\FastAPI All\venv\Lib\site-packages\fastapi\routing.py", line 2734, in app
    await route.handle(scope, receive, send)
  File "C:\Users\swaraj.gujar\Documents\FastAPI All\venv\Lib\site-packages\fastapi\routing.py", line 1780, in handle
    await self.original_router.handle(scope, receive, send)
  File "C:\Users\swaraj.gujar\Documents\FastAPI All\venv\Lib\site-packages\fastapi\routing.py", line 2789, in handle
    await included_router._handle_selected(scope, receive, send)
  File "C:\Users\swaraj.gujar\Documents\FastAPI All\venv\Lib\site-packages\fastapi\routing.py", line 1791, in _handle_selected
    await route.handle(scope, receive, send)
  File "C:\Users\swaraj.gujar\Documents\FastAPI All\venv\Lib\site-packages\fastapi\routing.py", line 1780, in handle
    await self.original_router.handle(scope, receive, send)
  File "C:\Users\swaraj.gujar\Documents\FastAPI All\venv\Lib\site-packages\fastapi\routing.py", line 2789, in handle
    await included_router._handle_selected(scope, receive, send)
  File "C:\Users\swaraj.gujar\Documents\FastAPI All\venv\Lib\site-packages\fastapi\routing.py", line 1800, in _handle_selected
    await original_route.handle(scope, receive, send)
  File "C:\Users\swaraj.gujar\Documents\FastAPI All\venv\Lib\site-packages\fastapi\routing.py", line 1279, in handle
    await app(scope, receive, send)
  File "C:\Users\swaraj.gujar\Documents\FastAPI All\venv\Lib\site-packages\fastapi\routing.py", line 158, in app
    await wrap_app_handling_exceptions(app, request)(scope, receive, send)
  File "C:\Users\swaraj.gujar\Documents\FastAPI All\venv\Lib\site-packages\starlette\_exception_handler.py", line 53, in wrapped_app
    raise exc
  File "C:\Users\swaraj.gujar\Documents\FastAPI All\venv\Lib\site-packages\starlette\_exception_handler.py", line 42, in wrapped_app
    await app(scope, receive, sender)
  File "C:\Users\swaraj.gujar\Documents\FastAPI All\venv\Lib\site-packages\fastapi\routing.py", line 144, in app
    response = await f(request)
               ^^^^^^^^^^^^^^^^
  File "C:\Users\swaraj.gujar\Documents\FastAPI All\venv\Lib\site-packages\fastapi\routing.py", line 481, in app
    solved_result = await solve_dependencies(
                    ^^^^^^^^^^^^^^^^^^^^^^^^^
    ...<6 lines>...
    )
    ^
  File "C:\Users\swaraj.gujar\Documents\FastAPI All\venv\Lib\site-packages\fastapi\dependencies\utils.py", line 674, in solve_dependencies
    solved = await call(**solved_result.values)
             ^^^^^^^^^^^^^^^^^^^^^^^^^^^^^^^^^^
  File "C:\Users\swaraj.gujar\Documents\FastAPI All\app\core\rate_limiting.py", line 40, in check_rate_limit
    count = await redis_client.incr(key)
            ^^^^^^^^^^^^^^^^^^^^^^^^^^^^
  File "C:\Users\swaraj.gujar\Documents\FastAPI All\venv\Lib\site-packages\redis\asyncio\client.py", line 946, in execute_command
    result = await conn.retry.call_with_retry(
             ^^^^^^^^^^^^^^^^^^^^^^^^^^^^^^^^^
    ...<5 lines>...
    )
    ^
  File "C:\Users\swaraj.gujar\Documents\FastAPI All\venv\Lib\site-packages\redis\asyncio\retry.py", line 81, in call_with_retry
    raise error
  File "C:\Users\swaraj.gujar\Documents\FastAPI All\venv\Lib\site-packages\redis\asyncio\retry.py", line 69, in call_with_retry
    return await do()
           ^^^^^^^^^^
  File "C:\Users\swaraj.gujar\Documents\FastAPI All\venv\Lib\site-packages\redis\asyncio\client.py", line 870, in _send_command_parse_response
    await conn.send_command(*args)
  File "C:\Users\swaraj.gujar\Documents\FastAPI All\venv\Lib\site-packages\redis\asyncio\connection.py", line 1214, in send_command
    await self.send_packed_command(
        self.pack_command(*args), check_health=kwargs.get("check_health", True)
    )
  File "C:\Users\swaraj.gujar\Documents\FastAPI All\venv\Lib\site-packages\redis\asyncio\connection.py", line 1201, in send_packed_command
    raise ConnectionError(
        f"Error {err_no} while writing to socket. {errmsg}."
    ) from e
redis.exceptions.ConnectionError: Error 10054 while writing to socket. An existing connection was forcibly closed by the remote host.
2026-09-01 16:21:51 | INFO | fastapi_app | GET /orders -> 200 (1657.93 ms)
2026-09-01 16:21:54 | INFO | fastapi_app | GET /cart -> 200 (215.44 ms)
2026-09-01 16:22:00 | INFO | fastapi_app | GET /products/favorites -> 200 (232.50 ms)
2026-09-01 16:22:08 | INFO | fastapi_app | GET /user/profile -> 200 (180.83 ms)
2026-09-01 16:22:08 | INFO | fastapi_app | GET /user/profile -> 200 (176.70 ms)
2026-09-01 16:22:09 | INFO | fastapi_app | GET /cart -> 200 (216.20 ms)
2026-09-01 16:22:09 | INFO | fastapi_app | GET /products -> 200 (342.39 ms)
2026-09-01 16:22:09 | INFO | fastapi_app | GET /cart -> 200 (171.65 ms)
2026-09-01 16:22:09 | INFO | fastapi_app | GET /products -> 200 (324.04 ms)
2026-09-01 16:22:14 | INFO | fastapi_app | GET /cart -> 200 (164.97 ms)
2026-09-01 16:22:30 | INFO | fastapi_app | GET /user/profile -> 200 (213.82 ms)
2026-09-01 16:22:30 | INFO | fastapi_app | GET /user/profile -> 200 (172.16 ms)
2026-09-01 16:22:30 | INFO | fastapi_app | GET /products -> 200 (348.08 ms)
2026-09-01 16:22:30 | INFO | fastapi_app | GET /cart -> 200 (166.47 ms)
2026-09-01 16:22:30 | INFO | fastapi_app | GET /cart -> 200 (218.13 ms)
2026-09-01 16:22:30 | INFO | fastapi_app | GET /products -> 200 (340.04 ms)
2026-09-01 17:06:49 | INFO | fastapi_app | POST /auth/refresh -> 200 (159.12 ms)
2026-09-01 17:06:49 | INFO | fastapi_app | POST /auth/refresh -> 200 (168.70 ms)
2026-09-01 17:06:49 | INFO | fastapi_app | POST /auth/refresh -> 200 (167.37 ms)
2026-09-01 17:06:49 | INFO | fastapi_app | POST /auth/refresh -> 200 (191.61 ms)
2026-09-01 17:06:49 | INFO | fastapi_app | GET /cart -> 200 (216.01 ms)
2026-09-01 17:06:49 | INFO | fastapi_app | GET /cart -> 200 (188.13 ms)
2026-09-01 17:06:53 | INFO | fastapi_app | GET /products -> 200 (4266.71 ms)
2026-09-01 17:06:53 | INFO | fastapi_app | GET /products -> 200 (336.99 ms)
2026-09-01 17:07:50 | INFO | fastapi_app | GET /products -> 200 (378.24 ms)
2026-09-01 17:08:21 | INFO | fastapi_app | GET /user/profile -> 200 (535.36 ms)
2026-09-01 17:08:21 | INFO | fastapi_app | GET /user/profile -> 200 (174.02 ms)
2026-09-01 17:08:21 | INFO | fastapi_app | GET /cart -> 200 (174.37 ms)
2026-09-01 17:08:22 | INFO | fastapi_app | GET /cart -> 200 (181.43 ms)
2026-09-01 17:08:22 | INFO | fastapi_app | GET /products -> 200 (642.36 ms)
2026-09-01 17:08:22 | INFO | fastapi_app | GET /products -> 200 (445.55 ms)
